EmployeeNumber,EnvironmentSatisfaction,JobInvolvement,JobLevel,Department,JobRole,JobSatisfaction,MonthlyIncome,NumCompaniesWorked,OverTime,PerformanceRating,TotalWorkingYears,YearsAtCompany,YearsInCurrentRole,YearsSinceLastPromotion
1,2,3,2,Sales,Sales Executive,4,5993,8,Yes,3,8,6,4,0
2,3,2,2,Research & Development,Research Scientist,2,5130,1,No,4,10,10,7,1
4,4,2,1,Research & Development,Laboratory Technician,3,2090,6,Yes,3,7,0,0,0
5,4,3,1,Research & Development,Research Scientist,3,2909,1,Yes,3,8,8,7,3
7,1,3,1,Research & Development,Laboratory Technician,2,3468,9,No,3,6,2,2,2
8,4,3,1,Research & Development,Laboratory Technician,4,3068,0,No,3,8,7,7,3
10,3,4,1,Research & Development,Laboratory Technician,1,2670,4,Yes,4,12,1,0,0
11,4,3,1,Research & Development,Laboratory Technician,3,2693,1,No,4,1,1,0,0
12,4,2,3,Research & Development,Manufacturing Director,3,9526,0,No,4,10,9,7,1
13,3,3,2,Research & Development,Healthcare Representative,3,5237,6,No,3,17,7,7,7
14,1,4,1,Research & Development,Laboratory Technician,2,2426,0,No,3,6,5,4,0
15,4,2,2,Research & Development,Laboratory Technician,3,4193,0,Yes,3,10,9,5,0
16,1,3,1,Research & Development,Research Scientist,3,2911,1,No,3,5,5,2,4
18,2,3,1,Research & Development,Laboratory Technician,4,2661,0,No,3,3,2,2,1
19,3,2,1,Research & Development,Laboratory Technician,3,2028,5,Yes,3,6,4,2,0
20,2,4,3,Research & Development,Manufacturing Director,1,9980,1,No,3,10,10,9,8
21,1,4,1,Research & Development,Research Scientist,2,3298,0,Yes,3,7,6,2,0
22,4,4,1,Research & Development,Laboratory Technician,4,2935,1,Yes,3,1,1,0,0
23,1,2,4,Sales,Manager,4,15427,2,No,3,31,25,8,3
24,4,3,1,Research & Development,Research Scientist,4,3944,5,Yes,3,6,3,2,1
26,1,4,2,Research & Development,Manufacturing Director,3,4011,0,No,3,5,4,2,1
27,3,2,1,Sales,Sales Representative,1,3407,7,No,4,10,5,3,0
28,1,3,3,Research & Development,Research Director,2,11994,0,No,3,13,12,6,2
30,3,3,1,Research & Development,Research Scientist,4,1232,1,No,3,0,0,0,0
31,2,3,1,Research & Development,Research Scientist,1,2960,2,No,3,8,4,2,1
32,3,3,5,Research & Development,Manager,3,19094,4,No,3,26,14,13,4
33,2,1,1,Research & Development,Research Scientist,1,3919,1,Yes,4,10,10,2,6
35,3,3,2,Sales,Sales Executive,2,6825,0,No,3,10,9,7,4
36,1,2,3,Research & Development,Healthcare Representative,4,10248,3,No,3,24,22,6,5
38,2,3,5,Sales,Manager,1,18947,3,No,3,22,2,2,2
39,3,3,1,Research & Development,Laboratory Technician,4,2496,4,No,3,7,1,1,0
40,4,3,2,Research & Development,Healthcare Representative,4,6465,2,Yes,3,9,4,2,1
41,4,2,1,Research & Development,Laboratory Technician,3,2206,1,No,3,10,10,0,1
42,4,3,2,Sales,Sales Representative,4,2086,3,No,3,19,1,0,0
45,2,3,1,Research & Development,Research Scientist,4,2293,2,Yes,3,6,2,0,2
46,4,4,1,Research & Development,Research Scientist,3,2645,1,No,3,6,5,3,1
47,1,2,1,Sales,Sales Representative,3,2683,1,Yes,3,3,3,2,0
49,4,3,1,Sales,Sales Representative,4,2014,1,No,3,2,2,2,2
51,2,2,1,Research & Development,Research Scientist,1,3419,9,Yes,3,6,1,1,0
52,3,4,2,Sales,Sales Executive,1,5376,2,No,3,10,5,3,1
53,3,3,1,Research & Development,Laboratory Technician,4,1951,1,No,3,1,1,0,0
54,4,3,1,Research & Development,Laboratory Technician,1,2341,1,No,3,1,1,0,0
55,1,1,1,Research & Development,Laboratory Technician,3,2293,1,No,3,1,1,0,0
56,4,3,3,Sales,Sales Executive,3,8726,1,No,3,9,9,8,1
57,3,3,2,Research & Development,Laboratory Technician,4,4011,1,No,4,12,12,8,3
58,2,3,5,Research & Development,Research Director,3,19545,1,No,3,23,22,15,15
60,2,3,2,Sales,Sales Executive,3,4568,0,No,4,10,9,5,8
61,2,3,1,Research & Development,Research Scientist,2,3022,4,No,4,8,1,0,0
62,1,3,2,Sales,Sales Executive,4,5772,4,Yes,4,14,9,6,0
63,4,4,1,Research & Development,Laboratory Technician,4,2269,1,No,3,1,1,0,0
64,1,2,3,Research & Development,Laboratory Technician,3,5381,9,Yes,3,23,1,0,0
65,3,3,1,Research & Development,Laboratory Technician,3,3441,1,Yes,3,2,2,2,2
68,2,3,2,Sales,Sales Executive,1,5454,5,Yes,4,9,4,3,1
70,3,2,3,Research & Development,Healthcare Representative,1,9884,2,Yes,3,10,4,0,2
72,3,2,2,Sales,Sales Executive,4,4157,7,Yes,3,5,2,2,0
73,1,3,3,Research & Development,Research Director,4,13458,1,Yes,3,15,15,14,8
74,2,3,3,Sales,Sales Executive,1,9069,1,No,4,9,9,8,1
75,3,3,1,Research & Development,Laboratory Technician,1,4014,3,Yes,3,4,2,2,2
76,4,3,2,Research & Development,Laboratory Technician,4,5915,3,No,4,10,7,7,1
77,1,2,2,Research & Development,Manufacturing Director,3,5993,1,No,3,7,7,5,0
78,1,3,2,Research & Development,Manufacturing Director,4,6162,1,Yes,4,9,9,8,7
79,4,3,2,Research & Development,Laboratory Technician,4,2406,1,No,3,10,10,3,9
80,2,2,5,Research & Development,Research Director,3,18740,5,Yes,3,29,27,3,13
81,1,3,3,Sales,Sales Executive,1,7637,7,No,3,28,21,16,7
83,3,3,3,Research & Development,Healthcare Representative,3,10096,1,No,3,17,17,14,12
84,4,3,4,Research & Development,Manager,3,14756,2,Yes,3,21,5,0,0
85,2,2,2,Research & Development,Manufacturing Director,2,6499,1,No,3,6,6,5,0
86,2,3,3,Research & Development,Research Scientist,1,9724,2,No,3,25,1,0,0
88,2,3,1,Research & Development,Research Scientist,1,2194,4,No,3,5,3,2,1
90,4,2,1,Research & Development,Research Scientist,3,3388,0,Yes,3,2,1,0,0
91,1,2,2,Sales,Sales Executive,3,5473,7,No,3,20,4,3,1
94,3,3,1,Research & Development,Research Scientist,2,2703,0,No,4,6,5,4,0
95,3,3,1,Research & Development,Research Scientist,2,2501,1,No,3,1,1,1,1
96,2,3,2,Research & Development,Research Scientist,2,6220,1,No,3,10,10,4,0
97,2,4,1,Research & Development,Laboratory Technician,4,3038,3,No,3,5,1,0,0
98,3,3,2,Research & Development,Manufacturing Director,4,4424,1,No,4,11,11,7,1
100,3,2,2,Sales,Sales Executive,1,4312,0,No,3,16,15,13,2
101,4,3,3,Research & Development,Research Director,1,13245,4,Yes,3,17,0,0,0
102,1,3,3,Research & Development,Research Director,3,13664,4,No,3,16,5,2,0
103,2,3,2,Human Resources,Human Resources,2,5021,8,Yes,4,16,4,2,0
104,4,2,2,Research & Development,Laboratory Technician,4,5126,1,Yes,3,10,10,8,3
105,2,2,1,Research & Development,Research Scientist,3,2859,1,No,3,6,6,4,0
106,1,3,3,Sales,Sales Executive,4,10239,3,No,3,24,1,0,1
107,2,1,2,Research & Development,Research Scientist,4,5329,7,Yes,3,17,13,11,1
110,1,3,2,Research & Development,Manufacturing Director,2,4325,1,No,3,5,5,2,1
112,4,1,3,Research & Development,Manufacturing Director,4,7260,4,No,3,37,6,4,0
113,3,3,1,Sales,Sales Representative,1,2322,3,No,3,3,0,0,0
116,4,3,1,Research & Development,Laboratory Technician,4,2075,3,No,4,10,4,2,0
117,3,2,2,Research & Development,Healthcare Representative,4,4152,1,No,3,11,11,10,10
118,3,2,3,Sales,Sales Executive,4,9619,1,No,3,9,9,8,4
119,3,2,4,Research & Development,Healthcare Representative,2,13503,1,No,4,22,22,3,11
120,3,3,2,Sales,Sales Executive,4,5441,0,Yes,4,11,10,7,1
121,3,2,2,Sales,Sales Executive,2,5209,1,Yes,3,11,11,8,2
124,3,2,3,Research & Development,Healthcare Representative,1,10673,2,Yes,3,21,10,9,9
125,2,3,2,Sales,Sales Executive,3,5010,1,No,3,12,11,8,5
126,1,3,3,Research & Development,Research Director,3,13549,9,No,3,16,4,3,0
128,1,3,2,Sales,Sales Executive,3,4999,0,No,4,4,3,2,0
129,2,3,2,Sales,Sales Executive,3,4221,1,No,3,5,5,4,0
131,4,3,4,Sales,Sales Executive,3,13872,0,No,3,38,37,10,1
132,2,3,2,Research & Development,Laboratory Technician,2,2042,4,No,3,17,3,2,1
133,3,3,1,Human Resources,Human Resources,1,2073,4,Yes,4,7,3,2,0
134,4,3,1,Research & Development,Research Scientist,1,2956,1,No,3,1,1,0,0
137,4,2,1,Research & Development,Laboratory Technician,4,2926,1,Yes,3,1,1,0,1
138,1,3,2,Research & Development,Research Scientist,3,4809,1,No,3,16,16,13,2
139,3,2,2,Research & Development,Healthcare Representative,4,5163,5,No,3,17,1,0,0
140,3,2,5,Human Resources,Manager,4,18844,9,No,4,30,3,2,2
141,1,3,5,Research & Development,Research Director,2,18172,3,Yes,3,28,8,3,0
142,3,2,2,Sales,Sales Executive,3,5744,1,Yes,3,6,6,4,0
143,4,2,1,Research & Development,Research Scientist,4,2889,1,No,3,2,2,2,2
144,2,3,1,Research & Development,Laboratory Technician,4,2871,1,No,3,1,0,0,0
145,1,2,3,Research & Development,Healthcare Representative,1,7484,3,No,4,23,13,12,12
147,1,1,2,Research & Development,Laboratory Technician,3,6074,1,Yes,4,9,9,7,0
148,4,4,4,Human Resources,Manager,4,17328,2,Yes,3,23,5,3,4
150,2,3,1,Research & Development,Laboratory Technician,3,2774,0,No,3,6,5,3,1
151,3,2,2,Research & Development,Research Scientist,2,4505,6,No,3,12,1,0,0
152,3,3,3,Sales,Sales Executive,4,7428,2,No,3,12,5,3,1
153,3,2,3,Research & Development,Manager,1,11631,2,No,3,14,11,10,5
154,2,3,3,Sales,Sales Executive,4,9738,0,No,3,10,9,7,2
155,1,3,1,Research & Development,Laboratory Technician,4,2835,5,No,4,7,1,0,0
158,3,3,4,Sales,Manager,4,16959,1,Yes,3,25,25,12,4
159,1,1,1,Research & Development,Research Scientist,3,2613,1,No,4,10,10,7,0
160,3,3,2,Sales,Sales Executive,2,6146,0,No,3,8,7,7,0
161,2,3,1,Research & Development,Research Scientist,2,4963,9,Yes,3,7,5,4,4
162,1,3,5,Research & Development,Research Director,3,19537,7,No,3,23,20,18,15
163,2,1,2,Sales,Sales Executive,3,6172,4,Yes,3,12,7,7,7
164,3,2,1,Research & Development,Research Scientist,2,2368,1,No,3,5,5,4,4
165,4,3,3,Research & Development,Healthcare Representative,4,10312,1,No,3,40,40,10,15
167,4,3,1,Sales,Sales Representative,3,1675,1,Yes,3,0,0,0,0
169,3,3,1,Research & Development,Laboratory Technician,4,2523,0,No,3,3,2,1,2
170,3,3,2,Research & Development,Manufacturing Director,1,6567,1,No,3,16,15,11,5
171,2,4,1,Research & Development,Research Scientist,3,4739,4,No,3,18,3,2,1
174,3,3,3,Sales,Sales Executive,4,9208,4,No,3,16,2,2,2
175,2,1,2,Sales,Sales Executive,3,4559,3,Yes,3,4,2,2,2
176,3,3,3,Sales,Sales Executive,3,8189,3,Yes,3,12,9,7,0
177,3,3,1,Human Resources,Human Resources,3,2942,1,No,4,8,8,7,5
178,2,3,2,Research & Development,Manufacturing Director,2,4941,6,No,4,7,3,2,0
179,1,1,3,Research & Development,Manufacturing Director,4,10650,2,No,3,18,4,2,0
182,4,2,2,Sales,Sales Executive,3,5902,4,No,3,17,15,11,5
183,1,2,2,Sales,Sales Executive,3,8639,2,No,3,6,2,2,2
184,3,3,2,Human Resources,Human Resources,4,6347,0,Yes,3,12,11,9,4
190,1,3,1,Research & Development,Laboratory Technician,1,4200,7,No,4,10,5,4,0
192,3,3,1,Research & Development,Research Scientist,4,3452,5,No,3,9,6,5,0
193,4,3,2,Research & Development,Research Scientist,3,4317,3,Yes,4,19,3,2,2
194,1,3,1,Research & Development,Research Scientist,3,2632,1,No,3,5,5,4,0
195,4,1,2,Sales,Sales Executive,4,4668,0,No,3,9,8,7,0
197,4,3,1,Research & Development,Research Scientist,1,3204,5,No,3,8,3,2,2
198,2,2,1,Research & Development,Laboratory Technician,4,2720,0,No,3,6,5,3,1
199,4,2,4,Research & Development,Manager,1,17181,4,No,3,21,7,6,7
200,3,3,1,Research & Development,Laboratory Technician,1,2238,2,No,4,7,5,0,1
201,2,3,1,Research & Development,Laboratory Technician,2,1483,1,No,3,1,1,0,0
202,2,3,2,Research & Development,Research Scientist,2,5605,1,No,3,20,20,7,2
204,3,3,3,Sales,Sales Executive,2,7295,1,No,3,10,10,8,0
205,2,3,2,Sales,Sales Representative,3,2306,2,Yes,4,13,7,7,4
206,2,3,2,Research & Development,Laboratory Technician,2,2348,8,No,3,20,17,9,0
207,2,3,3,Sales,Sales Executive,4,8998,1,No,3,9,9,8,3
208,4,3,2,Research & Development,Manufacturing Director,3,4319,1,No,3,10,10,7,0
211,2,2,2,Research & Development,Manufacturing Director,3,6132,2,No,3,10,1,0,0
214,2,2,1,Research & Development,Research Scientist,2,3346,4,Yes,4,9,1,0,0
215,3,2,3,Sales,Sales Executive,4,10855,7,No,3,15,12,11,2
216,3,3,1,Sales,Sales Representative,3,2231,6,No,3,6,4,3,1
217,3,3,1,Research & Development,Research Scientist,4,2323,1,No,4,2,2,2,2
218,4,3,1,Research & Development,Research Scientist,2,2024,6,No,3,6,2,2,2
221,3,3,1,Research & Development,Research Scientist,4,2713,1,No,3,5,5,2,0
223,3,4,3,Research & Development,Healthcare Representative,4,9439,3,Yes,3,12,5,3,1
224,3,2,1,Research & Development,Research Scientist,3,2566,1,Yes,3,1,1,1,0
226,3,3,5,Research & Development,Manager,2,19926,3,No,3,21,5,4,4
227,1,3,1,Research & Development,Research Scientist,3,2451,4,No,3,13,9,8,1
228,2,3,3,Sales,Sales Executive,4,9419,2,No,3,12,10,9,7
230,1,2,2,Sales,Sales Executive,4,8686,4,No,4,12,8,3,0
231,3,3,1,Research & Development,Research Scientist,3,3038,3,No,4,8,5,4,1
233,3,3,1,Research & Development,Research Scientist,2,3058,0,Yes,3,6,5,2,1
235,3,1,1,Sales,Sales Representative,1,2325,0,No,4,1,0,0,0
238,4,3,1,Research & Development,Laboratory Technician,2,2088,4,No,3,13,8,7,7
239,3,3,2,Research & Development,Laboratory Technician,1,3072,1,No,3,12,12,9,6
240,3,3,2,Sales,Sales Executive,1,5006,4,Yes,3,9,5,4,0
241,3,3,1,Research & Development,Research Scientist,1,4257,4,Yes,3,19,2,2,2
242,3,3,1,Research & Development,Research Scientist,4,2500,0,No,3,4,3,1,0
243,2,2,1,Research & Development,Laboratory Technician,4,1102,1,No,4,1,1,0,1
244,2,3,3,Sales,Sales Executive,1,10453,1,No,4,24,24,13,15
245,3,3,1,Research & Development,Laboratory Technician,4,2288,1,No,3,2,2,2,2
246,3,3,1,Research & Development,Research Scientist,4,3929,8,Yes,4,7,4,2,0
247,4,3,1,Research & Development,Research Scientist,2,2311,2,No,3,9,3,2,1
248,2,3,1,Sales,Sales Representative,2,3140,1,Yes,4,4,4,3,0
249,3,2,1,Research & Development,Laboratory Technician,3,3690,2,No,3,5,3,2,0
250,4,4,2,Research & Development,Manufacturing Director,1,4450,1,No,3,5,4,2,1
252,4,3,1,Research & Development,Research Scientist,2,2756,1,No,3,8,8,7,1
253,4,3,5,Research & Development,Manager,3,19033,1,No,3,21,20,8,9
254,3,4,5,Research & Development,Research Director,2,18722,8,No,3,36,24,15,2
256,4,2,2,Research & Development,Manufacturing Director,3,9547,1,No,3,10,10,9,1
258,4,3,4,Research & Development,Healthcare Representative,2,13734,3,No,3,21,7,7,1
259,3,2,5,Research & Development,Manager,3,19999,0,No,3,34,33,18,11
260,4,3,1,Research & Development,Research Scientist,2,2279,1,No,3,7,7,7,0
261,2,2,2,Research & Development,Manufacturing Director,3,5916,3,Yes,3,8,1,0,0
262,4,4,1,Research & Development,Research Scientist,4,2089,4,No,3,7,5,4,2
264,1,2,4,Research & Development,Manager,4,16792,9,No,4,22,20,8,11
267,2,4,1,Research & Development,Research Scientist,1,3564,1,Yes,3,8,8,7,1
269,2,3,2,Research & Development,Laboratory Technician,2,4425,5,No,3,10,6,2,1
270,3,3,2,Research & Development,Manufacturing Director,3,5265,2,No,3,11,5,3,0
271,4,3,2,Research & Development,Manufacturing Director,3,6553,9,No,3,14,1,0,0
273,4,3,2,Research & Development,Manufacturing Director,4,6261,3,No,3,9,7,7,1
274,3,2,2,Research & Development,Manufacturing Director,1,4298,5,No,3,6,2,2,2
275,4,3,2,Research & Development,Manufacturing Director,4,6804,1,Yes,3,7,7,7,1
277,4,3,1,Research & Development,Research Scientist,3,3815,1,Yes,3,5,5,3,2
281,3,3,2,Research & Development,Laboratory Technician,4,2741,8,Yes,3,15,7,2,3
282,2,3,2,Research & Development,Healthcare Representative,1,6673,7,Yes,3,17,1,0,0
283,2,3,3,Sales,Sales Executive,4,7639,1,No,4,10,10,4,1
284,4,4,1,Research & Development,Research Scientist,2,2328,1,Yes,3,4,4,2,2
286,2,3,1,Research & Development,Laboratory Technician,4,2153,1,No,3,8,8,1,1
287,4,2,2,Research & Development,Healthcare Representative,4,4876,9,No,3,5,3,2,0
288,4,3,3,Research & Development,Healthcare Representative,1,9396,7,No,3,17,4,2,0
291,4,1,3,Sales,Sales Executive,4,10400,1,No,3,14,14,8,9
292,3,2,3,Research & Development,Manufacturing Director,3,8474,1,No,4,12,11,8,5
293,4,3,2,Sales,Sales Executive,3,9981,1,No,3,7,7,7,0
296,2,2,3,Research & Development,Research Director,2,12490,5,No,3,16,10,9,4
297,4,3,1,Research & Development,Research Scientist,1,2657,5,Yes,3,8,5,2,0
298,4,3,3,Sales,Manager,4,13591,3,Yes,3,16,1,0,0
299,3,2,2,Sales,Sales Executive,1,6696,5,No,3,9,6,3,0
300,3,3,1,Research & Development,Research Scientist,3,2058,0,No,3,7,6,2,1
302,4,2,3,Sales,Sales Executive,4,8865,6,No,3,23,19,7,12
303,4,3,2,Sales,Sales Executive,1,5940,2,No,3,16,6,2,0
304,4,3,2,Research & Development,Laboratory Technician,2,5914,8,No,3,16,13,11,3
305,3,2,1,Research & Development,Research Scientist,2,2622,6,No,4,7,3,2,1
306,2,3,3,Research & Development,Research Director,4,12185,1,Yes,3,10,10,8,0
307,1,3,3,Sales,Sales Executive,3,10609,0,No,3,17,16,10,5
308,3,1,2,Research & Development,Manufacturing Director,3,4345,0,No,3,6,5,4,1
309,3,2,1,Research & Development,Research Scientist,4,2177,3,No,3,7,1,0,0
311,1,3,1,Sales,Sales Representative,4,2793,4,No,3,13,9,8,5
312,2,3,3,Sales,Sales Executive,4,7918,1,No,3,11,11,10,4
314,3,3,3,Sales,Sales Executive,3,8789,1,No,3,10,10,7,0
315,3,2,1,Research & Development,Research Scientist,4,2389,1,Yes,3,4,4,3,0
316,3,2,1,Research & Development,Laboratory Technician,4,3212,7,No,3,6,2,2,2
319,3,3,5,Research & Development,Manager,4,19232,1,No,3,22,22,17,11
321,2,3,1,Human Resources,Human Resources,3,2267,8,No,3,7,2,2,2
323,4,3,5,Sales,Manager,4,19517,3,No,3,32,7,0,0
325,3,3,1,Research & Development,Laboratory Technician,4,2436,5,Yes,3,8,5,4,0
327,4,3,4,Sales,Manager,4,16064,5,Yes,4,22,17,13,1
328,1,3,1,Research & Development,Laboratory Technician,1,2707,7,No,4,13,9,7,1
329,1,2,5,Sales,Manager,3,19068,1,Yes,3,33,33,7,15
330,3,3,1,Sales,Sales Representative,2,3931,2,No,3,6,4,3,1
331,4,2,1,Research & Development,Laboratory Technician,3,3730,0,Yes,3,4,3,2,1
332,3,3,1,Research & Development,Laboratory Technician,3,2232,7,No,3,7,3,2,1
333,3,3,2,Sales,Sales Executive,4,4465,0,No,3,4,3,2,2
334,3,3,2,Research & Development,Research Scientist,1,3072,2,No,3,17,1,0,0
335,1,3,2,Research & Development,Research Scientist,4,3319,1,No,3,9,9,8,4
336,3,4,5,Research & Development,Manager,4,19202,0,No,3,25,24,0,1
337,2,3,3,Research & Development,Research Director,3,13675,9,No,3,9,2,2,2
338,3,2,1,Research & Development,Research Scientist,4,2911,1,No,3,2,2,2,0
339,4,2,2,Research & Development,Manufacturing Director,1,5957,6,No,3,13,11,9,5
340,3,2,1,Research & Development,Research Scientist,1,3920,2,No,3,17,3,1,0
341,1,4,2,Research & Development,Manufacturing Director,3,6434,4,No,3,9,3,2,0
342,1,3,3,Research & Development,Manufacturing Director,3,10048,6,No,3,17,1,0,0
343,3,3,3,Research & Development,Healthcare Representative,3,10938,0,No,4,20,19,6,11
346,3,3,1,Research & Development,Research Scientist,4,2340,1,No,3,6,6,5,1
347,4,4,2,Research & Development,Research Scientist,1,6545,3,Yes,3,10,3,2,0
349,4,3,2,Sales,Sales Executive,4,6931,2,No,3,10,3,2,0
350,1,3,2,Research & Development,Manufacturing Director,3,4898,0,No,3,5,4,2,1
351,4,2,1,Research & Development,Laboratory Technician,1,2593,0,Yes,3,10,9,6,7
352,1,3,5,Research & Development,Research Director,3,19436,0,No,3,22,21,7,3
353,3,3,1,Research & Development,Research Scientist,4,2723,1,No,3,1,1,0,0
355,3,2,1,Research & Development,Laboratory Technician,2,3479,0,No,3,6,5,4,1
359,2,4,1,Research & Development,Laboratory Technician,2,2794,1,No,4,5,5,1,0
361,4,2,2,Sales,Sales Executive,4,5249,3,No,3,13,8,7,7
362,4,2,2,Research & Development,Laboratory Technician,1,2176,4,No,3,9,6,2,0
363,3,1,4,Sales,Manager,2,16872,3,Yes,3,28,7,7,7
364,1,3,1,Research & Development,Laboratory Technician,3,3485,2,No,3,5,0,0,0
366,1,2,2,Sales,Sales Executive,2,6644,2,No,3,10,0,0,0
367,2,2,2,Research & Development,Healthcare Representative,4,5582,0,No,4,10,9,0,7
369,2,4,2,Research & Development,Healthcare Representative,1,4000,1,No,3,6,6,3,1
372,3,3,4,Research & Development,Healthcare Representative,4,13496,0,Yes,3,21,20,7,4
373,4,3,1,Research & Development,Laboratory Technician,4,3210,0,No,3,16,15,13,10
374,4,3,5,Research & Development,Manager,1,19045,0,Yes,3,37,36,10,4
376,1,3,3,Research & Development,Manager,2,11849,1,Yes,3,10,10,7,9
377,4,3,1,Research & Development,Research Scientist,4,2070,1,No,4,5,5,2,0
378,3,3,2,Sales,Sales Executive,4,6502,4,No,3,7,5,4,0
379,4,2,1,Research & Development,Research Scientist,3,3230,1,No,3,3,3,2,1
380,1,3,3,Research & Development,Research Director,4,13603,2,Yes,3,15,5,2,0
381,2,4,3,Research & Development,Manager,2,11996,7,No,3,10,7,7,6
382,1,4,2,Sales,Sales Executive,1,5605,1,Yes,4,8,8,0,7
384,3,3,2,Research & Development,Manufacturing Director,2,6397,1,No,4,6,6,5,1
385,1,3,5,Research & Development,Research Director,2,19144,3,No,3,28,10,4,1
386,3,3,4,Research & Development,Research Director,3,17584,3,Yes,3,21,5,3,1
387,2,3,2,Sales,Sales Executive,3,4907,1,No,4,20,20,16,11
388,2,3,2,Sales,Sales Executive,4,4554,1,No,3,10,10,7,0
389,2,3,2,Research & Development,Laboratory Technician,4,5415,3,Yes,3,12,10,7,0
390,1,3,2,Research & Development,Healthcare Representative,1,4741,1,Yes,3,5,5,3,3
391,4,3,1,Research & Development,Research Scientist,4,2115,1,No,3,17,17,12,5
392,4,3,1,Research & Development,Laboratory Technician,3,3161,3,Yes,4,19,1,0,0
393,4,3,2,Research & Development,Healthcare Representative,4,5745,9,No,3,10,2,2,1
394,1,3,1,Research & Development,Laboratory Technician,2,2373,2,Yes,3,5,3,2,0
395,4,3,1,Research & Development,Research Scientist,4,3310,1,No,4,5,5,3,0
396,3,3,5,Research & Development,Research Director,1,18665,9,Yes,3,22,3,2,1
397,3,3,2,Research & Development,Research Scientist,2,4485,4,No,3,10,8,0,7
399,4,3,1,Sales,Sales Representative,2,2789,1,No,3,2,2,2,2
401,4,2,2,Sales,Sales Executive,4,5828,1,Yes,3,8,8,7,7
403,2,3,1,Research & Development,Research Scientist,4,2326,1,Yes,3,4,4,2,1
404,3,3,4,Sales,Sales Executive,2,13525,5,No,3,23,20,4,4
405,3,3,1,Research & Development,Laboratory Technician,3,1420,1,No,3,0,0,0,0
406,3,3,3,Sales,Sales Executive,2,8020,0,No,3,12,11,9,6
407,3,4,1,Research & Development,Laboratory Technician,4,3688,4,No,3,4,1,0,0
408,4,1,2,Research & Development,Manufacturing Director,2,5482,5,No,3,13,4,1,1
410,4,3,4,Sales,Manager,2,16015,1,No,3,22,22,10,0
411,4,2,1,Sales,Sales Representative,3,1200,1,No,3,0,0,0,0
412,2,4,2,Research & Development,Healthcare Representative,1,5661,0,No,3,9,8,3,0
416,2,4,2,Sales,Sales Executive,4,6929,4,No,3,10,8,7,7
417,3,4,3,Research & Development,Healthcare Representative,4,9613,0,No,3,19,18,10,3
419,2,3,2,Research & Development,Laboratory Technician,2,5674,7,No,3,11,9,8,0
420,4,2,2,Sales,Sales Executive,3,5484,1,No,3,13,13,8,4
421,1,2,3,Research & Development,Research Director,2,12061,3,No,3,19,10,8,0
422,4,1,2,Research & Development,Healthcare Representative,3,5660,2,Yes,3,12,5,3,1
423,3,3,1,Research & Development,Research Scientist,4,4821,0,Yes,3,6,5,2,0
424,1,2,2,Human Resources,Human Resources,1,6410,3,No,3,9,2,2,1
425,1,3,3,Research & Development,Laboratory Technician,1,5210,1,No,3,24,24,9,9
426,3,3,1,Research & Development,Research Scientist,4,2695,0,Yes,3,3,2,2,2
428,4,3,3,Research & Development,Manager,2,11878,6,No,3,12,10,6,8
429,3,3,4,Research & Development,Manager,1,17068,1,Yes,3,21,21,9,11
430,3,3,1,Research & Development,Laboratory Technician,4,2455,0,No,3,9,8,7,1
431,3,2,4,Research & Development,Healthcare Representative,3,13964,7,Yes,3,25,7,1,0
433,3,2,2,Research & Development,Research Scientist,2,4941,2,No,3,11,8,2,7
434,3,3,1,Research & Development,Research Scientist,2,2478,1,Yes,3,4,4,3,1
436,3,2,2,Sales,Sales Executive,2,5228,1,Yes,3,13,13,12,11
437,4,3,2,Sales,Sales Executive,3,4478,1,Yes,3,5,5,4,0
438,4,3,2,Sales,Sales Executive,4,7547,4,No,3,13,7,7,1
439,1,4,2,Research & Development,Research Scientist,4,5055,7,No,3,10,7,7,0
440,1,1,1,Research & Development,Research Scientist,4,3464,5,Yes,3,5,3,2,2
441,4,3,2,Research & Development,Research Scientist,4,5775,1,No,3,11,10,8,1
442,3,2,3,Research & Development,Manufacturing Director,3,8943,1,No,4,10,10,9,8
444,3,2,5,Research & Development,Manager,4,19272,1,No,3,21,21,9,13
445,4,3,2,Sales,Sales Executive,3,5238,4,Yes,3,12,1,0,0
446,2,2,2,Sales,Sales Executive,4,4682,3,No,3,9,7,7,0
447,4,3,5,Research & Development,Research Director,3,18300,4,No,3,21,3,2,1
448,3,2,2,Research & Development,Laboratory Technician,3,5257,1,No,3,9,9,7,0
449,3,3,2,Sales,Sales Executive,2,6349,0,Yes,3,6,5,4,1
450,4,3,2,Research & Development,Research Scientist,3,4869,3,No,3,20,4,3,0
451,3,3,3,Research & Development,Healthcare Representative,1,9985,8,No,3,10,1,0,0
452,4,3,2,Research & Development,Research Scientist,4,3697,9,No,3,12,10,9,9
453,2,1,2,Sales,Sales Executive,4,7457,2,Yes,4,6,4,3,0
454,2,1,1,Research & Development,Laboratory Technician,1,2119,1,Yes,3,7,7,7,0
455,2,2,1,Research & Development,Laboratory Technician,4,3983,0,No,3,4,3,2,2
456,4,2,2,Sales,Sales Executive,3,6118,1,No,3,10,10,9,1
458,2,3,2,Sales,Sales Executive,2,6214,1,No,3,8,8,7,0
460,4,3,2,Research & Development,Manufacturing Director,4,6347,7,No,3,8,6,2,0
461,3,2,3,Research & Development,Research Director,4,11510,0,Yes,3,12,11,10,2
462,3,3,3,Research & Development,Manufacturing Director,4,7143,1,Yes,3,11,11,9,4
463,4,2,2,Sales,Sales Executive,2,8268,1,Yes,3,7,7,7,1
464,3,3,3,Research & Development,Manufacturing Director,2,8095,0,No,3,17,16,6,0
465,3,3,1,Research & Development,Research Scientist,4,2904,1,No,3,4,4,2,0
466,4,2,2,Research & Development,Manufacturing Director,2,6032,6,Yes,3,8,5,4,1
467,2,3,2,Sales,Sales Representative,3,2976,3,No,3,5,0,0,0
468,1,3,4,Research & Development,Research Director,4,15992,2,No,3,16,1,0,0
469,4,3,2,Sales,Sales Executive,3,4649,1,No,3,4,4,3,0
470,3,3,1,Human Resources,Human Resources,3,2696,0,Yes,3,4,3,2,1
471,3,3,1,Research & Development,Laboratory Technician,2,2370,1,No,3,8,8,0,0
473,1,3,3,Sales,Manager,3,12504,3,No,4,15,0,0,0
474,3,4,2,Research & Development,Research Scientist,1,5974,4,Yes,3,13,7,7,6
475,4,3,2,Sales,Sales Executive,3,4736,7,Yes,3,4,2,2,2
476,3,3,2,Sales,Sales Executive,3,5296,1,No,3,8,8,7,7
477,1,2,2,Research & Development,Healthcare Representative,4,6781,3,No,4,14,1,0,0
478,1,2,1,Sales,Sales Representative,2,2174,1,Yes,3,3,3,2,1
479,4,3,2,Sales,Sales Executive,4,6653,4,No,3,7,1,0,0
481,1,2,3,Sales,Sales Executive,4,9699,4,No,3,16,13,9,1
482,4,3,2,Research & Development,Healthcare Representative,3,6755,2,No,3,15,3,2,1
483,4,4,1,Research & Development,Laboratory Technician,3,2213,3,Yes,3,10,7,7,1
484,1,3,1,Sales,Sales Representative,4,2610,1,No,4,3,3,2,2
485,4,3,1,Sales,Sales Representative,3,2851,1,Yes,3,1,1,0,0
486,3,3,1,Research & Development,Laboratory Technician,1,3452,6,No,4,17,5,4,0
487,3,3,2,Research & Development,Manufacturing Director,3,5258,2,No,3,7,1,0,0
488,1,3,2,Sales,Sales Executive,2,9355,1,No,3,8,8,7,7
491,4,2,3,Research & Development,Healthcare Representative,4,10496,6,No,3,20,4,3,1
492,3,2,2,Sales,Sales Executive,3,6380,2,Yes,3,8,6,4,1
493,3,2,1,Research & Development,Research Scientist,2,2657,0,Yes,3,3,2,2,2
494,3,4,1,Sales,Sales Representative,2,2716,1,No,3,1,1,0,0
495,4,3,1,Research & Development,Research Scientist,4,2201,9,No,3,6,3,2,1
496,3,2,2,Research & Development,Healthcare Representative,2,6540,9,No,3,10,1,1,0
497,4,3,1,Research & Development,Laboratory Technician,2,3816,1,No,3,5,5,2,0
498,2,3,2,Sales,Sales Executive,4,5253,1,No,3,7,7,5,0
499,2,2,3,Research & Development,Healthcare Representative,3,10965,8,No,4,26,5,2,0
500,3,3,2,Sales,Sales Executive,4,4936,4,No,3,18,7,7,0
501,4,3,1,Research & Development,Research Scientist,3,2543,4,No,3,6,2,2,2
502,1,4,2,Sales,Sales Executive,4,5304,8,Yes,3,9,5,2,0
505,3,3,4,Research & Development,Manager,4,16659,2,Yes,3,30,5,4,1
507,4,3,2,Sales,Sales Executive,3,4260,1,Yes,3,5,5,2,0
508,3,3,1,Sales,Sales Representative,2,2476,1,No,3,1,1,0,0
510,3,3,1,Research & Development,Research Scientist,1,3102,0,No,4,7,6,4,0
511,1,3,1,Research & Development,Research Scientist,2,2244,1,No,3,2,2,1,1
513,2,2,3,Sales,Sales Executive,3,7596,1,No,3,10,10,9,9
514,3,3,1,Research & Development,Research Scientist,4,2285,9,Yes,4,3,1,0,0
515,4,3,1,Research & Development,Laboratory Technician,1,3034,1,No,3,18,18,7,12
516,4,3,2,Sales,Sales Executive,2,5715,7,No,3,8,5,4,1
517,2,3,1,Research & Development,Laboratory Technician,1,2576,3,No,3,8,5,2,1
518,3,3,2,Research & Development,Manufacturing Director,2,4197,2,Yes,3,18,1,0,0
520,1,2,4,Research & Development,Research Director,2,14336,1,No,3,25,25,10,3
521,2,2,2,Research & Development,Laboratory Technician,3,3448,6,No,4,20,1,0,0
522,1,3,5,Research & Development,Research Director,1,19406,4,No,3,24,4,2,1
523,3,3,2,Sales,Sales Executive,3,6538,9,No,3,6,3,2,1
524,2,3,2,Research & Development,Manufacturing Director,1,4306,1,No,3,13,13,10,3
525,4,3,1,Research & Development,Laboratory Technician,4,2258,7,No,4,8,3,2,1
526,3,3,2,Research & Development,Healthcare Representative,3,4522,4,Yes,3,8,5,2,0
527,2,2,2,Sales,Sales Executive,4,4487,1,Yes,3,5,5,4,1
529,2,3,2,Research & Development,Research Scientist,3,4449,3,Yes,3,15,13,11,10
530,4,2,1,Research & Development,Laboratory Technician,1,2218,1,No,3,4,4,2,3
531,2,3,5,Research & Development,Manager,3,19197,1,Yes,3,21,21,8,1
532,3,4,4,Sales,Sales Executive,1,13212,9,No,3,36,7,7,7
533,2,3,2,Sales,Sales Executive,3,6577,0,No,3,6,5,4,4
534,2,4,3,Sales,Sales Executive,1,8392,1,No,3,10,10,7,0
536,3,3,2,Research & Development,Laboratory Technician,1,4558,1,No,3,10,10,0,1
538,1,3,1,Research & Development,Laboratory Technician,1,4031,5,No,3,6,2,2,0
543,4,2,3,Research & Development,Manufacturing Director,3,7969,2,Yes,3,28,5,4,0
544,1,3,1,Research & Development,Research Scientist,4,2654,3,No,4,8,2,2,0
546,4,3,4,Research & Development,Manager,4,16555,2,No,3,31,5,2,1
547,1,3,2,Research & Development,Research Scientist,3,4556,2,No,3,19,5,4,0
548,3,1,2,Research & Development,Manufacturing Director,4,6091,2,No,4,11,5,4,0
549,1,3,5,Research & Development,Manager,1,19566,5,No,3,33,29,8,11
550,3,3,2,Research & Development,Manufacturing Director,3,4810,2,No,3,19,10,7,0
551,4,2,2,Research & Development,Healthcare Representative,4,4523,0,No,3,7,6,5,0
554,1,3,1,Sales,Sales Representative,2,3202,1,Yes,3,6,5,3,1
555,4,1,1,Sales,Sales Representative,3,2351,0,No,3,3,2,2,1
556,4,3,1,Research & Development,Laboratory Technician,4,1702,1,Yes,4,1,1,0,0
558,3,3,5,Sales,Manager,3,18041,0,No,3,21,20,15,1
560,1,3,1,Research & Development,Research Scientist,4,2886,1,No,4,3,3,2,0
562,3,3,1,Research & Development,Laboratory Technician,4,2097,4,No,3,9,5,3,1
564,2,2,3,Research & Development,Research Director,3,11935,1,No,3,10,10,2,0
565,3,2,1,Research & Development,Research Scientist,2,2546,5,No,3,6,2,2,1
566,1,2,1,Human Resources,Human Resources,4,2564,1,No,3,1,1,0,0
567,3,3,3,Sales,Sales Executive,1,8412,0,No,3,10,9,8,7
568,1,2,4,Sales,Manager,4,14118,3,No,3,32,1,0,0
569,2,2,4,Research & Development,Manager,3,17046,0,No,3,28,27,10,15
571,3,3,1,Research & Development,Laboratory Technician,4,2564,0,No,3,12,11,7,6
573,3,2,3,Sales,Sales Executive,1,10266,4,No,3,22,18,13,13
574,1,3,2,Research & Development,Manufacturing Director,4,5070,5,No,3,20,5,0,0
575,1,3,4,Research & Development,Research Director,3,17861,6,No,3,26,3,2,0
577,4,1,1,Research & Development,Laboratory Technician,3,4230,0,No,3,6,5,4,4
578,3,3,2,Research & Development,Laboratory Technician,3,3780,7,No,3,19,1,0,0
579,4,2,1,Research & Development,Research Scientist,3,2768,3,No,3,14,7,3,5
580,3,2,3,Sales,Sales Executive,4,9071,2,Yes,3,15,3,2,1
581,3,3,3,Research & Development,Manufacturing Director,2,10648,1,No,4,13,13,8,0
582,2,3,3,Research & Development,Manager,3,13610,7,Yes,3,15,7,6,7
584,1,1,1,Research & Development,Laboratory Technician,4,3408,7,No,3,8,4,3,1
585,4,3,1,Sales,Sales Representative,2,2983,0,No,3,4,3,2,1
586,4,3,3,Research & Development,Healthcare Representative,3,7632,4,Yes,3,10,8,7,0
587,1,3,3,Research & Development,Healthcare Representative,3,9824,3,No,3,12,1,0,0
590,2,3,3,Human Resources,Human Resources,1,9950,9,Yes,3,11,3,2,0
591,2,3,1,Research & Development,Laboratory Technician,3,2093,4,No,3,8,2,2,2
592,2,3,3,Sales,Sales Executive,4,9980,1,No,3,10,10,3,9
593,3,2,1,Research & Development,Laboratory Technician,3,3894,5,No,3,4,2,2,1
595,2,3,2,Sales,Sales Executive,4,4051,2,No,3,14,9,7,6
597,1,3,4,Sales,Manager,2,16835,3,No,4,37,10,9,7
599,4,3,2,Sales,Sales Executive,4,6230,7,No,3,16,14,3,1
600,2,3,2,Sales,Sales Executive,3,4717,9,No,3,15,11,9,6
601,2,3,4,Research & Development,Manufacturing Director,3,13237,7,No,3,22,20,6,5
602,3,3,1,Research & Development,Laboratory Technician,3,3755,1,No,3,8,8,3,0
604,2,3,2,Sales,Sales Executive,4,6582,4,Yes,3,10,6,5,0
605,4,3,3,Research & Development,Manufacturing Director,1,7406,1,Yes,4,10,10,9,5
606,4,3,2,Sales,Sales Executive,2,4805,0,No,3,9,8,7,3
608,2,3,1,Human Resources,Human Resources,3,2741,0,Yes,3,8,7,7,1
611,4,3,2,Research & Development,Manufacturing Director,4,4262,4,No,3,8,3,2,1
612,1,4,4,Research & Development,Research Director,3,16184,4,No,3,10,6,1,0
613,3,2,3,Sales,Manager,4,11557,9,No,4,10,5,4,0
614,2,3,1,Sales,Sales Representative,2,1878,1,Yes,3,0,0,0,0
615,3,1,3,Sales,Sales Executive,1,10932,3,No,3,20,1,0,0
616,1,2,2,Research & Development,Healthcare Representative,3,6811,2,Yes,3,10,8,7,0
618,1,3,2,Sales,Sales Executive,3,4306,5,No,3,8,0,0,0
620,1,3,2,Sales,Sales Executive,3,4859,1,No,3,5,5,4,0
621,4,4,2,Sales,Sales Executive,4,5337,1,No,3,10,10,7,5
622,3,1,1,Research & Development,Laboratory Technician,4,2340,1,Yes,3,1,1,0,0
623,2,3,3,Research & Development,Manufacturing Director,4,7491,4,No,3,12,6,5,1
624,1,3,3,Research & Development,Healthcare Representative,3,10527,5,No,3,28,2,2,1
625,2,3,4,Sales,Manager,1,16595,7,No,3,22,18,16,11
626,1,3,3,Sales,Sales Executive,2,8834,1,No,3,9,9,5,7
630,4,3,2,Research & Development,Research Scientist,1,5577,3,Yes,3,18,10,9,6
631,4,4,2,Sales,Sales Executive,3,4707,8,No,3,6,4,2,1
632,4,3,1,Sales,Sales Representative,4,2400,0,No,3,3,2,2,2
634,3,3,2,Research & Development,Healthcare Representative,3,9824,3,No,3,18,1,0,0
635,2,3,2,Research & Development,Manufacturing Director,2,6447,6,No,3,8,6,5,4
638,4,2,5,Research & Development,Research Director,3,19502,1,Yes,3,31,31,9,0
639,2,4,1,Research & Development,Research Scientist,4,2725,1,Yes,3,6,6,5,1
641,1,3,2,Sales,Sales Executive,2,6272,1,No,4,6,5,3,1
643,4,2,1,Research & Development,Laboratory Technician,2,2127,1,No,4,1,1,0,0
644,1,3,5,Human Resources,Manager,2,18200,1,No,3,32,32,5,10
645,2,3,1,Sales,Sales Representative,3,2096,1,No,3,7,7,4,0
647,1,3,1,Research & Development,Laboratory Technician,3,2886,1,Yes,3,6,6,3,1
648,2,2,1,Sales,Sales Representative,1,2033,1,No,3,1,1,0,0
649,2,2,1,Research & Development,Research Scientist,4,3622,1,Yes,3,6,6,5,1
650,2,3,2,Sales,Sales Executive,1,4233,2,No,3,9,3,1,1
652,1,2,2,Research & Development,Laboratory Technician,4,3681,4,No,3,9,3,2,0
653,1,4,2,Sales,Sales Executive,4,5460,4,No,4,13,7,7,5
655,1,2,1,Research & Development,Research Scientist,3,2187,0,No,3,6,5,3,0
656,4,3,2,Sales,Sales Executive,3,9602,4,Yes,3,17,3,0,1
657,4,2,1,Research & Development,Research Scientist,2,2836,1,No,3,1,1,0,0
659,3,3,2,Research & Development,Healthcare Representative,4,4089,1,No,3,10,10,2,2
661,2,2,4,Research & Development,Research Director,4,16627,4,Yes,3,21,1,0,0
662,3,3,1,Research & Development,Research Scientist,1,2619,3,No,3,8,0,0,0
663,4,3,2,Research & Development,Laboratory Technician,3,5679,3,Yes,3,10,8,7,4
664,4,2,4,Research & Development,Manager,1,15402,7,No,3,21,3,2,0
665,1,2,2,Human Resources,Human Resources,3,5985,4,No,3,10,2,2,0
666,3,3,1,Sales,Sales Representative,3,2579,1,Yes,3,8,8,2,0
667,3,3,1,Sales,Sales Representative,1,3041,0,No,3,5,4,3,0
669,3,3,1,Sales,Sales Representative,3,3447,1,No,3,3,3,2,1
671,4,3,5,Research & Development,Manager,4,19513,4,Yes,3,26,2,2,0
675,1,3,1,Research & Development,Research Scientist,3,2773,0,No,4,3,2,2,2
677,3,3,2,Sales,Sales Executive,3,7104,0,No,3,6,5,0,1
679,1,3,2,Research & Development,Research Scientist,4,6322,1,Yes,3,6,6,4,0
680,3,3,1,Research & Development,Research Scientist,3,2083,1,No,4,1,1,0,0
682,4,3,2,Sales,Sales Executive,1,8381,7,No,4,18,14,7,8
683,2,3,1,Research & Development,Research Scientist,4,2691,1,No,3,10,10,9,8
684,1,3,2,Sales,Sales Executive,1,4286,2,No,3,5,1,1,0
686,3,3,1,Research & Development,Laboratory Technician,4,2659,1,Yes,3,3,3,2,0
689,3,3,3,Research & Development,Manufacturing Director,3,9434,1,No,3,10,10,7,7
690,2,3,2,Sales,Sales Executive,3,5561,1,No,3,6,6,0,1
691,2,1,2,Research & Development,Research Scientist,4,6646,1,No,3,17,17,11,11
692,3,3,2,Research & Development,Healthcare Representative,4,7725,3,No,4,15,13,11,4
698,3,3,3,Human Resources,Human Resources,2,10725,2,No,3,16,9,7,7
699,2,2,2,Research & Development,Manufacturing Director,2,8847,2,Yes,3,13,3,2,0
700,1,2,1,Research & Development,Research Scientist,4,2045,0,No,3,5,4,2,1
701,4,3,1,Research & Development,Research Scientist,3,1009,1,Yes,3,1,1,0,1
702,1,3,1,Research & Development,Research Scientist,1,3348,1,Yes,3,10,10,8,9
704,3,2,1,Research & Development,Laboratory Technician,3,1281,1,No,3,1,1,0,0
705,1,4,1,Research & Development,Research Scientist,1,2819,2,No,3,5,3,2,0
707,4,4,2,Sales,Sales Executive,2,4851,0,No,4,4,3,2,1
709,4,2,2,Sales,Sales Executive,4,4028,0,No,4,8,7,7,0
710,2,1,1,Research & Development,Research Scientist,4,2720,1,No,3,10,10,7,2
712,2,4,2,Sales,Sales Executive,2,8120,3,No,3,12,2,2,2
714,4,4,2,Sales,Sales Executive,4,4647,1,Yes,4,6,6,5,0
715,4,4,1,Research & Development,Research Scientist,4,4680,3,No,3,4,1,0,0
716,4,4,1,Research & Development,Laboratory Technician,3,3221,1,Yes,3,20,20,8,3
717,4,2,3,Research & Development,Healthcare Representative,2,8621,1,No,3,9,8,7,7
720,1,3,2,Sales,Sales Executive,3,4577,9,No,3,4,2,2,2
721,4,2,2,Research & Development,Healthcare Representative,3,4553,1,No,3,20,20,7,11
722,4,3,2,Sales,Sales Executive,4,5396,1,No,3,10,10,7,0
723,2,3,2,Sales,Sales Executive,3,6796,3,Yes,3,18,4,3,1
724,2,4,2,Research & Development,Healthcare Representative,4,7625,0,No,3,10,9,7,1
725,3,3,3,Research & Development,Manufacturing Director,1,7412,1,No,3,9,9,7,0
727,3,3,3,Research & Development,Research Director,4,11159,3,No,3,10,7,7,7
728,4,3,2,Sales,Sales Executive,1,4960,2,No,3,20,7,7,1
729,4,2,3,Sales,Sales Executive,1,10475,5,Yes,4,20,18,13,1
730,3,4,4,Research & Development,Research Director,3,14814,3,No,3,32,5,1,1
731,2,2,5,Human Resources,Manager,4,19141,3,No,3,23,21,6,12
732,1,3,2,Sales,Sales Executive,1,5405,8,No,3,10,2,2,2
733,4,3,3,Research & Development,Manufacturing Director,1,8793,1,No,4,9,9,7,1
734,4,2,5,Human Resources,Manager,3,19189,1,No,3,22,22,7,2
738,4,3,1,Sales,Sales Representative,2,3875,7,No,3,4,2,2,2
741,1,1,1,Research & Development,Research Scientist,2,2216,7,Yes,3,10,7,7,3
742,1,4,3,Research & Development,Research Director,1,11713,9,No,3,10,8,7,0
743,3,3,3,Research & Development,Manufacturing Director,3,7861,4,Yes,3,10,1,0,0
744,1,1,1,Research & Development,Laboratory Technician,3,3708,2,No,3,9,5,2,1
746,4,3,4,Sales,Sales Executive,3,13770,9,Yes,3,28,22,2,11
747,3,3,2,Sales,Sales Executive,4,5304,7,No,4,10,8,7,7
749,3,3,1,Sales,Sales Representative,3,2642,1,No,3,1,1,0,0
752,3,4,1,Research & Development,Research Scientist,3,2759,6,Yes,3,7,2,2,2
754,4,2,2,Sales,Sales Executive,4,6804,3,No,3,7,2,2,2
757,2,3,2,Research & Development,Healthcare Representative,3,6142,3,No,3,10,5,1,4
758,2,3,1,Research & Development,Laboratory Technician,1,2500,1,No,3,5,4,3,0
760,3,4,2,Human Resources,Human Resources,2,6389,9,No,3,12,8,3,3
762,3,3,4,Research & Development,Healthcare Representative,4,11103,7,No,3,30,10,7,1
763,4,2,1,Research & Development,Research Scientist,4,2342,0,Yes,4,5,4,2,2
764,4,2,2,Research & Development,Healthcare Representative,1,6811,8,No,3,9,7,6,0
766,4,3,1,Sales,Sales Representative,2,2297,1,No,3,2,2,2,2
769,4,3,2,Research & Development,Laboratory Technician,4,2450,2,No,3,19,2,2,2
771,4,3,2,Research & Development,Healthcare Representative,1,5093,2,No,3,16,1,0,0
772,1,3,2,Research & Development,Laboratory Technician,4,5309,1,No,3,10,10,8,4
773,4,3,1,Research & Development,Research Scientist,3,3057,6,Yes,3,6,1,0,0
775,2,3,2,Research & Development,Manufacturing Director,1,5121,3,No,3,7,0,0,0
776,3,2,4,Sales,Manager,1,16856,1,No,3,34,34,6,1
780,4,3,1,Research & Development,Research Scientist,4,2686,1,Yes,3,10,10,9,7
781,3,3,2,Sales,Sales Executive,4,6180,1,No,4,6,6,5,1
783,2,1,2,Sales,Sales Representative,3,6632,0,No,3,9,8,7,3
784,1,4,1,Research & Development,Research Scientist,3,3505,1,No,3,2,2,2,0
785,2,4,2,Sales,Sales Executive,3,6397,4,Yes,3,8,5,4,1
786,4,3,2,Sales,Sales Executive,4,6274,1,No,4,6,6,5,1
787,4,3,5,Research & Development,Manager,1,19859,5,Yes,3,24,5,2,1
789,1,2,3,Sales,Sales Executive,1,7587,1,No,3,10,10,7,0
791,4,3,1,Research & Development,Research Scientist,4,4258,0,No,3,5,4,3,1
792,1,1,1,Research & Development,Laboratory Technician,4,4364,3,No,3,5,2,2,2
793,2,3,2,Research & Development,Healthcare Representative,3,4335,4,No,3,11,8,7,1
796,4,2,2,Sales,Sales Executive,1,5326,6,No,3,6,4,3,1
797,2,4,1,Research & Development,Research Scientist,4,3280,2,No,3,10,4,2,1
799,4,3,2,Research & Development,Manufacturing Director,1,5485,9,Yes,3,9,5,3,1
800,3,3,2,Sales,Sales Executive,4,4342,0,No,3,5,4,2,1
802,4,3,1,Research & Development,Research Scientist,1,2782,0,Yes,3,6,5,3,4
803,1,4,2,Research & Development,Manufacturing Director,1,5980,6,Yes,3,17,15,7,4
804,3,2,1,Research & Development,Research Scientist,1,4381,1,No,3,6,6,5,1
805,1,3,1,Sales,Sales Representative,4,2572,1,No,3,3,3,2,0
806,4,1,1,Research & Development,Laboratory Technician,3,3833,3,No,4,7,2,2,0
807,3,4,2,Research & Development,Healthcare Representative,2,4244,1,No,4,8,8,7,3
808,3,3,2,Sales,Sales Executive,1,6500,5,No,3,6,3,2,1
809,2,3,5,Research & Development,Manager,4,18430,1,No,3,24,24,7,14
811,3,4,1,Research & Development,Laboratory Technician,1,1601,1,Yes,4,1,0,0,0
812,3,2,1,Research & Development,Laboratory Technician,2,2694,1,No,3,1,1,0,0
813,4,3,2,Research & Development,Laboratory Technician,3,3149,8,No,4,9,5,2,1
815,3,3,4,Research & Development,Research Director,3,17639,5,No,3,30,4,3,0
816,2,2,1,Research & Development,Laboratory Technician,1,2319,1,Yes,3,1,1,0,0
817,3,3,3,Research & Development,Research Director,3,11691,0,No,3,14,13,9,3
819,1,3,2,Sales,Sales Executive,1,5324,5,No,3,6,3,2,0
820,3,3,4,Research & Development,Manager,4,16752,1,Yes,3,26,26,14,3
823,3,3,2,Research & Development,Manufacturing Director,2,5228,0,No,3,10,9,7,0
824,3,4,1,Research & Development,Research Scientist,3,2700,1,No,4,10,10,7,0
825,4,3,5,Research & Development,Research Director,2,19246,7,Yes,3,40,31,15,13
826,4,4,1,Research & Development,Research Scientist,3,2506,3,No,3,7,2,2,2
827,4,2,2,Research & Development,Manufacturing Director,4,6062,9,Yes,3,8,4,3,0
828,3,3,1,Research & Development,Research Scientist,3,4382,6,No,3,5,2,2,2
829,3,3,1,Human Resources,Human Resources,2,2143,4,No,3,8,5,2,0
830,3,2,2,Research & Development,Manufacturing Director,3,6162,1,No,3,14,14,13,6
832,1,2,2,Research & Development,Laboratory Technician,3,5094,6,No,3,10,1,0,0
833,3,2,2,Research & Development,Manufacturing Director,4,6877,5,Yes,4,12,0,0,0
834,2,2,1,Research & Development,Research Scientist,3,2274,1,No,3,1,1,0,0
836,2,3,2,Research & Development,Manufacturing Director,2,4434,1,No,3,10,9,8,7
837,1,2,2,Research & Development,Healthcare Representative,1,6288,2,No,3,13,4,3,1
838,3,2,1,Research & Development,Research Scientist,4,2553,1,No,3,6,5,2,1
840,3,3,3,Sales,Sales Executive,4,7654,1,No,3,9,9,8,7
842,3,3,2,Sales,Sales Executive,4,5160,4,No,3,12,9,7,7
843,2,3,4,Research & Development,Research Director,1,17159,6,No,4,22,4,1,1
844,3,2,3,Research & Development,Research Director,4,12808,1,Yes,3,9,9,8,0
845,3,3,3,Research & Development,Manufacturing Director,3,10221,3,No,4,17,8,5,1
846,2,3,2,Sales,Sales Executive,2,4779,1,Yes,4,8,8,7,7
847,3,3,1,Human Resources,Human Resources,4,3737,0,No,3,4,3,2,0
848,3,2,1,Research & Development,Research Scientist,3,2366,1,Yes,3,8,8,7,1
850,4,3,1,Research & Development,Research Scientist,4,1706,1,No,3,0,0,0,0
851,1,3,4,Sales,Manager,3,16307,2,No,3,29,20,6,4
852,4,3,2,Research & Development,Healthcare Representative,2,5933,9,No,3,10,5,2,2
854,1,4,1,Research & Development,Research Scientist,1,3424,7,No,3,6,4,3,0
855,1,4,2,Sales,Sales Executive,1,4037,1,No,4,9,9,8,0
856,3,2,1,Research & Development,Research Scientist,1,2559,1,No,3,6,6,5,1
857,2,3,2,Sales,Sales Executive,4,6201,1,Yes,3,18,18,14,4
859,2,3,2,Sales,Sales Executive,4,4403,2,No,3,8,5,2,0
861,2,2,1,Research & Development,Research Scientist,4,3761,9,No,3,10,5,4,0
862,1,2,3,Sales,Sales Executive,4,10934,7,Yes,3,35,5,2,0
864,4,3,3,Sales,Sales Executive,1,10761,4,Yes,3,18,5,4,0
865,3,4,2,Research & Development,Research Scientist,3,5175,5,No,3,9,5,3,1
867,3,2,4,Research & Development,Manufacturing Director,4,13826,3,No,4,31,9,8,0
868,4,2,2,Sales,Sales Executive,3,6334,4,No,3,9,1,0,0
869,2,2,1,Human Resources,Human Resources,4,4936,1,No,3,6,5,1,0
872,4,2,2,Research & Development,Manufacturing Director,4,4775,6,No,4,4,2,2,2
874,1,4,1,Research & Development,Laboratory Technician,4,2818,2,Yes,4,10,3,2,0
875,2,3,1,Research & Development,Research Scientist,4,2515,5,Yes,3,8,2,1,2
878,1,2,1,Human Resources,Human Resources,1,2342,0,No,4,6,5,4,0
879,3,3,2,Sales,Sales Executive,1,4194,1,Yes,3,5,5,3,0
880,4,2,3,Research & Development,Manufacturing Director,3,10685,1,Yes,4,17,17,14,5
881,4,3,1,Research & Development,Research Scientist,2,2022,1,Yes,3,10,10,2,7
882,4,3,1,Research & Development,Laboratory Technician,4,2314,0,No,3,4,3,0,0
885,3,2,2,Sales,Sales Executive,1,4256,1,No,3,5,5,2,0
887,3,3,1,Research & Development,Research Scientist,1,3580,2,No,3,7,4,2,0
888,1,2,1,Research & Development,Laboratory Technician,4,3162,0,No,3,6,5,2,3
889,2,3,2,Sales,Sales Executive,2,6524,1,No,3,10,10,8,5
893,2,2,1,Sales,Sales Representative,2,2899,0,No,3,3,2,2,1
894,3,4,2,Research & Development,Laboratory Technician,4,5231,2,Yes,3,17,5,3,1
895,4,3,1,Research & Development,Research Scientist,4,2356,3,Yes,3,8,6,4,0
896,2,2,1,Sales,Sales Representative,3,2800,6,Yes,3,5,3,2,0
897,1,3,4,Sales,Sales Executive,4,11836,5,No,3,28,2,0,2
899,4,2,3,Research & Development,Manufacturing Director,2,10903,3,No,3,16,13,10,4
900,3,3,1,Sales,Sales Representative,4,2973,5,No,3,10,5,4,0
901,4,3,4,Research & Development,Research Director,4,14275,6,No,3,33,12,9,3
902,4,3,2,Research & Development,Healthcare Representative,4,5562,4,No,3,12,5,2,2
903,3,3,2,Sales,Sales Executive,4,4537,0,Yes,4,8,7,6,7
904,1,3,3,Sales,Sales Executive,2,7642,1,Yes,3,10,10,0,0
905,1,3,4,Research & Development,Manager,1,17924,1,No,3,31,31,6,14
909,4,2,2,Human Resources,Human Resources,4,5204,8,No,3,13,5,4,0
910,4,3,1,Human Resources,Human Resources,2,2277,3,Yes,3,7,4,3,0
911,1,3,1,Research & Development,Laboratory Technician,4,2795,1,Yes,4,1,1,0,0
912,1,2,1,Research & Development,Laboratory Technician,4,2532,6,No,3,8,4,3,0
913,2,3,1,Research & Development,Research Scientist,1,2559,1,Yes,3,8,8,7,7
916,1,3,2,Sales,Sales Executive,4,4908,1,No,3,4,4,2,0
918,4,2,1,Research & Development,Laboratory Technician,4,2380,9,Yes,3,3,1,0,0
920,1,3,2,Research & Development,Manufacturing Director,2,4765,4,No,4,4,1,0,0
922,3,2,1,Sales,Sales Representative,3,2044,1,No,3,2,2,2,0
923,4,3,1,Research & Development,Research Scientist,4,2693,1,No,3,1,1,0,0
924,3,3,2,Research & Development,Healthcare Representative,4,6586,0,Yes,3,17,16,8,4
925,4,2,1,Sales,Sales Representative,4,3294,1,Yes,3,3,3,2,1
926,2,3,2,Research & Development,Manufacturing Director,3,4171,0,Yes,3,4,3,2,0
927,2,1,1,Research & Development,Laboratory Technician,4,2778,4,Yes,3,10,7,7,1
930,3,3,1,Research & Development,Research Scientist,3,2377,5,No,3,6,2,2,2
932,4,3,1,Research & Development,Laboratory Technician,1,2404,7,Yes,4,8,2,2,2
933,2,3,1,Research & Development,Research Scientist,3,2318,1,No,3,1,1,1,0
934,2,3,1,Research & Development,Laboratory Technician,2,2008,1,No,3,1,1,0,1
936,3,2,2,Sales,Sales Executive,3,6244,7,No,3,10,5,4,0
939,3,2,1,Research & Development,Research Scientist,1,2799,3,Yes,3,6,3,2,0
940,3,2,3,Research & Development,Healthcare Representative,2,10552,2,Yes,3,24,6,0,0
941,2,2,1,Sales,Sales Representative,3,2329,3,No,3,13,7,7,5
942,4,3,2,Research & Development,Healthcare Representative,4,4014,1,Yes,4,10,10,6,0
944,1,3,3,Research & Development,Laboratory Technician,2,7403,4,No,3,29,26,9,1
945,4,3,1,Research & Development,Research Scientist,3,2259,4,No,3,13,0,0,0
947,4,3,2,Sales,Sales Executive,3,6932,1,No,3,9,9,8,0
949,2,3,1,Research & Development,Research Scientist,4,4678,2,No,3,8,6,2,0
950,4,3,3,Research & Development,Research Director,1,13582,1,No,3,15,15,12,5
951,3,2,1,Research & Development,Laboratory Technician,2,2332,6,No,4,5,3,0,0
952,3,2,1,Sales,Sales Representative,2,2413,1,Yes,3,1,1,0,0
954,1,2,3,Sales,Sales Executive,2,9705,2,No,3,11,1,0,0
956,3,2,2,Sales,Sales Executive,1,4294,1,No,3,7,7,7,0
957,4,3,1,Research & Development,Laboratory Technician,1,4721,2,Yes,3,20,18,13,2
958,3,3,1,Research & Development,Laboratory Technician,3,2519,4,No,4,16,11,8,3
959,4,2,1,Sales,Sales Representative,2,2121,1,Yes,3,1,1,0,0
960,1,3,1,Research & Development,Laboratory Technician,1,2973,1,No,3,1,1,0,0
961,4,3,2,Research & Development,Healthcare Representative,4,5855,0,Yes,3,10,9,7,8
964,4,3,1,Research & Development,Research Scientist,2,3617,8,Yes,3,3,1,1,0
966,3,3,2,Research & Development,Manufacturing Director,1,6725,1,No,3,8,8,7,6
967,3,2,3,Sales,Sales Executive,4,10325,1,Yes,3,16,16,7,3
969,2,2,2,Research & Development,Healthcare Representative,4,6949,0,No,3,6,5,0,1
970,1,2,3,Sales,Sales Executive,3,10609,5,No,3,17,14,1,11
972,3,3,2,Research & Development,Laboratory Technician,2,4447,1,No,3,9,9,7,0
974,3,3,1,Sales,Sales Representative,4,2157,1,No,3,3,3,1,0
975,3,3,2,Sales,Sales Executive,3,4601,1,No,3,5,5,2,1
976,4,3,4,Research & Development,Manager,4,17099,2,No,3,26,9,8,7
977,4,3,1,Research & Development,Research Scientist,3,2479,4,No,4,7,1,0,0
981,3,3,4,Sales,Manager,3,14852,6,No,3,22,17,13,15
982,3,3,3,Sales,Sales Executive,3,7264,5,No,3,10,8,4,7
983,3,3,2,Sales,Sales Executive,4,5666,1,Yes,3,6,5,3,1
984,4,3,3,Sales,Sales Executive,4,7823,6,No,3,12,10,9,0
985,1,4,3,Sales,Sales Executive,3,7880,0,No,3,9,8,7,0
986,2,4,4,Sales,Sales Executive,2,13194,4,Yes,3,22,1,0,0
987,3,4,2,Research & Development,Manufacturing Director,3,5067,1,Yes,3,20,19,10,2
990,1,3,2,Sales,Sales Executive,4,5079,4,No,3,12,7,7,0
991,3,2,1,Research & Development,Research Scientist,1,2321,0,Yes,4,4,3,2,1
992,4,3,4,Sales,Manager,3,17444,1,No,3,10,10,8,6
994,4,2,1,Research & Development,Research Scientist,1,2404,6,Yes,4,3,0,0,0
995,2,3,1,Research & Development,Research Scientist,4,3452,3,No,3,5,3,2,0
996,4,3,1,Research & Development,Laboratory Technician,4,2270,3,No,3,8,5,3,0
997,4,3,4,Research & Development,Research Director,4,17399,9,No,4,32,5,4,1
998,3,4,2,Research & Development,Healthcare Representative,2,5488,1,Yes,3,6,6,5,1
999,1,3,5,Research & Development,Research Director,3,19419,2,No,3,21,18,16,0
1001,3,3,1,Research & Development,Laboratory Technician,2,2811,9,No,3,4,2,2,2
1002,4,3,2,Research & Development,Laboratory Technician,1,3633,1,Yes,3,9,9,8,0
1003,4,3,2,Sales,Sales Executive,4,4163,1,Yes,3,9,9,0,0
1004,1,3,1,Research & Development,Research Scientist,3,2132,4,Yes,3,7,5,2,0
1005,4,3,4,Research & Development,Manufacturing Director,3,13973,3,Yes,3,22,12,11,1
1006,3,3,1,Research & Development,Research Scientist,3,2684,0,No,3,3,2,1,0
1007,4,3,3,Research & Development,Manufacturing Director,3,10845,6,No,3,13,8,7,0
1009,4,2,2,Research & Development,Manufacturing Director,3,4377,1,No,3,5,4,2,3
1010,3,2,1,Research & Development,Laboratory Technician,2,3743,1,Yes,4,5,4,2,0
1011,3,3,2,Research & Development,Manufacturing Director,1,4148,1,No,3,4,4,3,0
1012,2,3,1,Research & Development,Research Scientist,4,1051,1,No,3,0,0,0,0
1013,3,3,3,Research & Development,Manufacturing Director,3,10739,8,No,3,22,10,7,0
1014,3,3,3,Research & Development,Healthcare Representative,3,10388,1,Yes,3,16,16,10,10
1015,2,4,3,Research & Development,Research Director,1,11416,0,Yes,3,9,8,7,1
1016,4,2,1,Research & Development,Research Scientist,1,2600,1,Yes,3,1,1,0,0
1017,2,3,1,Research & Development,Laboratory Technician,2,2422,0,No,3,4,3,2,1
1018,4,4,2,Research & Development,Manufacturing Director,4,5472,1,No,3,8,8,7,1
1019,2,1,1,Research & Development,Laboratory Technician,1,2451,1,No,3,4,4,3,1
1022,1,2,2,Research & Development,Healthcare Representative,3,4240,2,No,3,19,2,2,2
1024,3,2,3,Research & Development,Healthcare Representative,3,10999,7,No,3,27,15,11,4
1025,4,3,2,Research & Development,Manufacturing Director,3,5003,6,No,3,8,2,2,2
1026,4,2,4,Research & Development,Manufacturing Director,4,12742,1,No,3,21,21,6,11
1027,1,3,2,Research & Development,Manufacturing Director,4,4227,0,No,3,4,3,2,2
1028,2,3,1,Research & Development,Laboratory Technician,4,3917,1,No,4,3,3,2,1
1029,4,3,5,Sales,Manager,3,18303,6,No,3,21,1,0,0
1030,1,3,1,Research & Development,Laboratory Technician,4,2380,4,No,3,8,1,0,0
1032,3,2,4,Research & Development,Manufacturing Director,4,13726,3,Yes,3,30,5,3,4
1033,1,1,2,Research & Development,Healthcare Representative,2,4777,5,No,3,15,1,0,0
1034,3,3,2,Research & Development,Healthcare Representative,2,6385,3,Yes,3,17,8,7,6
1035,2,1,5,Research & Development,Research Director,3,19973,1,No,4,21,21,16,5
1036,2,3,2,Sales,Sales Executive,4,6861,8,Yes,3,19,1,0,0
1037,2,1,2,Sales,Sales Executive,1,4969,8,No,3,7,2,2,2
1038,1,1,5,Sales,Manager,4,19845,1,No,3,33,32,14,6
1039,4,4,4,Sales,Sales Executive,4,13320,3,Yes,3,23,12,11,11
1040,4,3,2,Sales,Sales Executive,3,6347,0,No,3,19,18,7,0
1042,3,4,1,Research & Development,Laboratory Technician,1,2743,1,No,3,18,17,13,15
1043,4,3,3,Research & Development,Manufacturing Director,1,10880,1,Yes,3,21,21,6,2
1044,2,2,1,Sales,Sales Representative,4,2342,0,No,3,3,2,2,2
1045,4,3,4,Sales,Manager,4,17650,3,No,3,26,9,3,1
1046,4,3,1,Research & Development,Laboratory Technician,3,4025,9,No,3,10,8,7,7
1047,2,4,2,Sales,Sales Executive,4,9725,0,No,3,16,15,1,0
1048,2,3,3,Sales,Manager,4,11904,3,Yes,3,14,6,4,0
1049,2,3,1,Human Resources,Human Resources,2,2177,1,No,3,6,6,3,0
1050,3,2,3,Sales,Sales Executive,2,7525,2,No,3,30,15,7,6
1052,1,3,2,Research & Development,Laboratory Technician,3,4834,7,No,3,9,1,0,0
1053,1,3,1,Research & Development,Research Scientist,1,2042,6,Yes,3,6,3,2,1
1055,3,3,1,Sales,Sales Representative,3,2220,1,Yes,3,1,1,1,0
1056,4,3,1,Sales,Sales Representative,2,1052,1,No,4,1,1,0,0
1060,3,3,1,Research & Development,Research Scientist,3,2821,3,No,3,8,2,2,2
1061,2,3,5,Research & Development,Research Director,3,19237,2,Yes,3,29,8,1,7
1062,4,3,2,Research & Development,Healthcare Representative,2,4107,3,No,3,8,4,3,0
1066,3,3,2,Sales,Sales Executive,1,8396,1,No,3,8,7,7,7
1068,1,2,1,Research & Development,Research Scientist,3,2007,1,No,3,5,5,3,1
1069,4,3,5,Research & Development,Research Director,4,19627,9,No,3,23,2,2,2
1070,3,2,3,Sales,Sales Executive,3,10686,6,No,3,13,9,4,7
1071,1,3,1,Research & Development,Research Scientist,3,2942,2,No,3,18,5,4,0
1073,4,2,3,Research & Development,Manufacturing Director,4,8858,0,No,3,15,14,8,7
1074,3,2,4,Research & Development,Manager,1,16756,7,No,3,31,9,7,6
1076,3,2,3,Sales,Sales Executive,4,10798,5,No,3,18,1,0,0
1077,4,3,1,Sales,Sales Representative,4,2323,1,Yes,3,2,2,2,0
1079,3,2,1,Research & Development,Laboratory Technician,1,1416,1,No,3,1,1,0,1
1080,4,2,2,Research & Development,Research Scientist,1,4615,8,Yes,4,19,16,13,1
1081,1,3,1,Research & Development,Research Scientist,3,2461,9,Yes,3,18,10,0,2
1082,2,2,3,Research & Development,Healthcare Representative,1,8722,1,No,3,10,10,7,1
1083,1,2,1,Research & Development,Laboratory Technician,1,3955,1,No,3,6,5,3,1
1084,3,3,2,Research & Development,Manufacturing Director,1,9957,0,No,3,7,6,2,0
1085,2,4,1,Research & Development,Research Scientist,3,3376,1,No,3,10,10,6,0
1088,3,2,3,Research & Development,Healthcare Representative,3,8823,0,No,3,20,19,9,1
1092,1,3,3,Research & Development,Healthcare Representative,4,10322,4,No,4,14,11,10,11
1094,1,1,1,Research & Development,Laboratory Technician,3,4621,1,No,3,3,3,2,1
1096,4,3,3,Research & Development,Manufacturing Director,2,10976,3,No,3,23,3,2,1
1097,3,3,2,Research & Development,Research Scientist,3,3660,3,No,3,10,8,7,1
1098,2,2,3,Human Resources,Human Resources,1,10482,9,No,3,24,20,6,3
1099,4,2,3,Research & Development,Healthcare Representative,4,7119,4,No,3,9,3,2,1
1100,4,3,3,Sales,Sales Executive,1,9582,0,Yes,4,9,8,7,4
1101,1,2,2,Research & Development,Research Scientist,3,4508,1,No,4,14,13,7,3
1102,1,3,1,Research & Development,Laboratory Technician,3,2207,1,No,3,4,4,2,2
1103,1,3,2,Research & Development,Healthcare Representative,4,7756,0,No,3,7,6,2,0
1105,4,2,2,Sales,Sales Executive,4,6694,2,Yes,3,8,1,0,0
1106,4,3,1,Research & Development,Laboratory Technician,4,3691,1,Yes,3,7,7,7,5
1107,1,3,1,Research & Development,Laboratory Technician,3,2377,1,No,4,1,1,1,0
1108,1,2,1,Research & Development,Research Scientist,2,2313,4,Yes,4,5,2,2,2
1109,4,3,4,Research & Development,Manager,1,17665,0,No,3,23,22,6,13
1111,1,2,1,Research & Development,Laboratory Technician,2,2596,1,No,3,1,1,0,0
1113,4,3,2,Sales,Sales Executive,3,4728,3,Yes,3,5,0,0,0
1114,4,3,2,Sales,Sales Executive,2,4302,0,No,3,4,3,2,0
1115,3,2,1,Research & Development,Research Scientist,4,2979,3,No,3,6,0,0,0
1116,1,4,4,Research & Development,Manager,4,16885,2,No,4,27,5,4,2
1117,2,2,2,Sales,Sales Executive,3,5593,1,No,3,15,15,10,4
1118,2,3,3,Research & Development,Healthcare Representative,2,10445,7,No,3,18,8,6,4
1119,3,2,3,Sales,Sales Executive,3,8740,0,Yes,3,9,8,7,2
1120,3,3,1,Research & Development,Research Scientist,4,2514,4,No,4,11,7,5,1
1121,4,3,3,Research & Development,Manufacturing Director,2,7655,0,No,3,10,9,7,1
1124,1,3,4,Sales,Manager,3,17465,3,No,3,23,12,9,4
1125,4,3,3,Sales,Sales Executive,2,7351,7,No,3,10,1,0,0
1126,3,3,3,Research & Development,Manufacturing Director,1,10820,8,No,3,18,8,7,0
1127,1,3,4,Research & Development,Healthcare Representative,4,12169,7,No,3,21,18,7,11
1128,3,2,5,Research & Development,Research Director,3,19626,1,No,3,21,20,7,4
1131,4,2,1,Research & Development,Research Scientist,2,2070,1,Yes,3,2,2,2,2
1132,3,3,2,Research & Development,Laboratory Technician,2,6782,9,No,3,9,5,4,0
1133,1,3,2,Research & Development,Manufacturing Director,4,7779,2,No,4,18,11,9,0
1135,3,4,1,Sales,Sales Representative,4,2791,0,No,3,3,2,2,2
1136,1,2,1,Research & Development,Research Scientist,2,3201,0,No,3,6,5,3,0
1137,4,3,2,Sales,Sales Executive,4,4968,1,No,3,5,5,2,0
1138,4,2,4,Sales,Sales Executive,2,13120,6,No,3,22,9,8,2
1140,4,3,2,Research & Development,Manufacturing Director,3,4033,2,No,3,5,3,2,0
1143,4,3,1,Research & Development,Research Scientist,2,3291,0,No,3,8,7,5,1
1148,2,1,2,Research & Development,Laboratory Technician,4,4272,4,No,3,16,1,0,0
1150,2,2,2,Research & Development,Manufacturing Director,4,5056,1,Yes,3,10,10,7,1
1152,3,4,1,Human Resources,Human Resources,3,2844,1,No,3,7,7,6,5
1154,3,2,1,Research & Development,Research Scientist,3,2703,1,Yes,3,3,3,1,0
1156,3,3,1,Research & Development,Laboratory Technician,3,1904,1,No,3,0,0,0,0
1157,1,3,2,Sales,Sales Executive,1,8224,0,Yes,3,6,5,2,0
1158,2,3,1,Research & Development,Laboratory Technician,4,4766,3,Yes,3,6,1,0,0
1160,3,3,1,Research & Development,Laboratory Technician,3,2610,1,No,3,2,2,2,2
1161,3,2,2,Research & Development,Healthcare Representative,4,5731,7,No,3,9,6,2,1
1162,4,2,1,Research & Development,Research Scientist,3,2539,1,No,3,4,4,2,2
1163,2,3,2,Sales,Sales Executive,3,5714,1,No,4,6,6,5,1
1164,3,3,1,Human Resources,Human Resources,3,4323,1,No,3,6,5,4,1
1165,4,2,3,Sales,Sales Executive,1,7336,1,No,3,11,11,8,3
1166,2,3,3,Research & Development,Research Director,3,13499,9,No,3,20,18,7,2
1167,3,3,4,Sales,Sales Executive,1,13758,0,Yes,3,22,21,9,13
1171,2,3,2,Sales,Sales Executive,1,5155,7,No,3,9,6,4,1
1172,4,2,1,Research & Development,Laboratory Technician,3,2258,6,No,3,10,8,0,1
1173,4,3,1,Research & Development,Laboratory Technician,2,3597,8,No,4,6,4,3,1
1175,3,3,1,Research & Development,Laboratory Technician,4,2515,1,Yes,3,1,1,1,0
1177,1,4,1,Research & Development,Laboratory Technician,4,4420,1,No,4,8,8,7,0
1179,3,2,2,Sales,Sales Executive,3,6578,1,No,3,10,10,3,1
1180,3,2,2,Research & Development,Research Scientist,4,4422,3,Yes,3,16,1,1,0
1182,3,2,3,Research & Development,Manufacturing Director,2,10274,2,No,3,15,7,7,6
1184,4,2,2,Research & Development,Healthcare Representative,1,5343,0,No,4,14,13,9,4
1185,4,2,1,Research & Development,Laboratory Technician,4,2376,1,No,3,2,2,2,2
1188,1,1,2,Sales,Sales Executive,3,5346,8,No,3,7,4,3,1
1190,3,3,1,Sales,Sales Representative,1,2827,1,No,3,1,1,0,0
1191,4,3,5,Research & Development,Manager,1,19943,4,No,3,28,5,2,4
1192,2,3,1,Research & Development,Laboratory Technician,4,3131,1,No,3,10,10,8,0
1193,3,3,1,Research & Development,Research Scientist,1,2552,1,No,4,1,1,1,0
1195,1,3,1,Research & Development,Research Scientist,3,4477,4,Yes,3,7,3,2,0
1196,4,2,2,Research & Development,Manufacturing Director,4,6474,1,No,3,14,14,8,3
1198,1,2,1,Research & Development,Laboratory Technician,3,3033,1,No,3,2,2,2,1
1200,3,3,1,Research & Development,Research Scientist,3,2936,1,Yes,3,6,6,4,0
1201,4,3,5,Research & Development,Manager,3,18606,3,No,3,26,7,7,4
1202,2,1,1,Research & Development,Research Scientist,4,2168,0,Yes,3,6,5,4,1
1203,3,2,1,Research & Development,Research Scientist,4,2853,0,Yes,3,1,0,0,0
1204,3,3,4,Sales,Manager,1,17048,8,No,4,28,26,15,15
1206,4,1,1,Research & Development,Research Scientist,3,2290,2,No,3,6,0,0,0
1207,2,3,1,Human Resources,Human Resources,3,3600,1,No,3,5,5,4,1
1210,1,2,1,Research & Development,Research Scientist,1,2107,6,No,3,5,1,0,0
1211,3,3,2,Sales,Sales Executive,1,4115,8,No,3,8,4,3,0
1212,2,3,2,Sales,Sales Executive,2,4327,5,No,3,5,0,0,0
1215,4,3,4,Research & Development,Manager,1,17856,2,No,4,32,2,2,2
1216,4,2,1,Research & Development,Laboratory Technician,1,3196,1,No,3,6,6,5,3
1217,4,3,5,Research & Development,Research Director,2,19081,5,No,3,25,4,2,0
1218,3,3,2,Sales,Sales Executive,1,8966,3,Yes,3,15,7,7,1
1219,4,3,1,Research & Development,Laboratory Technician,2,2210,1,No,3,1,1,0,0
1220,2,3,2,Sales,Sales Executive,3,4539,1,No,3,10,10,7,0
1221,3,1,1,Research & Development,Laboratory Technician,3,2741,1,No,3,7,7,7,1
1224,3,3,2,Research & Development,Laboratory Technician,3,3491,1,No,3,10,10,7,8
1225,4,3,2,Research & Development,Research Scientist,4,4541,1,No,4,20,20,11,13
1226,3,4,1,Sales,Sales Representative,4,2678,1,No,3,2,2,1,2
1228,4,3,2,Research & Development,Manufacturing Director,4,7379,2,No,3,12,6,3,1
1231,4,4,2,Human Resources,Human Resources,1,6272,7,No,3,10,4,3,0
1233,2,4,2,Sales,Sales Executive,4,5220,0,Yes,3,12,11,7,1
1234,3,2,1,Research & Development,Laboratory Technician,2,2743,1,No,4,2,2,2,2
1235,4,3,2,Research & Development,Research Scientist,3,4998,4,Yes,3,10,8,7,0
1237,3,1,3,Research & Development,Manufacturing Director,1,10252,2,Yes,4,17,7,7,7
1238,1,3,1,Research & Development,Research Scientist,4,2781,0,No,3,15,14,10,4
1239,2,2,2,Sales,Sales Executive,2,6852,7,No,3,7,5,1,1
1240,3,3,2,Sales,Sales Executive,4,4950,0,No,3,5,4,3,1
1241,4,3,1,Research & Development,Research Scientist,2,3579,0,Yes,4,12,11,9,5
1242,1,3,3,Research & Development,Research Director,1,13191,3,Yes,3,20,1,0,0
1243,3,2,3,Sales,Sales Executive,4,10377,4,Yes,3,16,13,2,4
1244,1,3,1,Research & Development,Research Scientist,1,2235,1,Yes,3,9,9,7,6
1245,4,3,3,Research & Development,Manufacturing Director,3,10502,7,No,3,33,5,4,1
1246,1,4,1,Research & Development,Research Scientist,4,2011,1,No,3,10,10,5,7
1248,1,2,1,Research & Development,Research Scientist,2,1859,1,Yes,4,1,1,1,0
1249,1,3,1,Research & Development,Research Scientist,4,3760,1,No,3,3,3,2,1
1250,4,3,4,Research & Development,Research Director,4,17779,3,No,3,36,10,9,0
1251,3,3,2,Research & Development,Healthcare Representative,1,6833,1,Yes,3,6,6,5,0
1252,3,2,2,Research & Development,Healthcare Representative,1,6812,1,No,3,10,10,9,1
1254,3,2,2,Sales,Sales Executive,4,5171,5,No,3,13,6,1,0
1255,3,1,5,Research & Development,Research Director,4,19740,3,No,3,25,8,7,0
1256,1,2,5,Research & Development,Manager,3,18711,2,No,3,23,1,0,0
1257,3,3,1,Research & Development,Research Scientist,2,3692,1,No,3,12,11,10,0
1258,4,4,1,Research & Development,Laboratory Technician,2,2559,5,No,3,7,1,0,0
1259,1,3,1,Research & Development,Research Scientist,3,2517,1,No,3,5,5,3,0
1260,3,3,2,Research & Development,Healthcare Representative,4,6623,1,Yes,3,6,6,0,1
1263,4,2,5,Research & Development,Research Director,4,18265,6,No,3,25,1,0,0
1264,4,2,4,Research & Development,Research Director,4,16124,3,No,3,9,7,7,1
1265,3,4,1,Research & Development,Research Scientist,3,2585,0,No,3,2,1,0,0
1267,2,3,5,Sales,Manager,2,18213,7,No,3,26,22,9,3
1268,4,4,3,Sales,Sales Executive,3,8380,0,Yes,3,10,9,8,0
1269,2,4,1,Research & Development,Research Scientist,4,2994,1,Yes,3,1,1,0,0
1270,4,3,1,Research & Development,Research Scientist,3,1223,1,No,4,1,1,0,0
1273,3,1,1,Sales,Sales Representative,4,1118,1,Yes,3,1,1,0,1
1275,3,3,1,Research & Development,Research Scientist,4,2875,1,Yes,4,8,8,5,2
1277,1,1,5,Sales,Manager,2,18824,2,Yes,3,26,24,10,1
1278,4,2,4,Research & Development,Healthcare Representative,2,13577,1,Yes,3,34,33,9,15
1279,1,2,1,Research & Development,Laboratory Technician,3,2625,1,No,4,2,2,2,2
1280,4,2,5,Sales,Manager,2,18789,2,No,3,26,11,4,0
1281,3,3,2,Sales,Sales Executive,1,4538,0,Yes,3,4,3,2,0
1282,4,3,5,Sales,Manager,2,19847,4,Yes,4,31,29,10,11
1283,4,3,3,Research & Development,Manufacturing Director,4,10512,6,No,3,25,9,7,5
1285,3,3,2,Research & Development,Laboratory Technician,2,4444,4,No,3,15,11,8,5
1286,4,3,1,Research & Development,Laboratory Technician,3,2154,0,Yes,3,5,4,2,0
1288,3,4,5,Research & Development,Manager,1,19190,1,No,3,26,25,9,14
1289,3,2,2,Human Resources,Human Resources,2,4490,4,No,3,14,10,9,1
1291,3,3,1,Research & Development,Research Scientist,3,3506,0,Yes,3,4,3,2,2
1292,2,4,2,Research & Development,Research Scientist,2,2372,6,Yes,3,18,1,0,0
1293,4,2,3,Sales,Sales Executive,4,10231,3,No,3,23,21,7,15
1294,3,3,2,Research & Development,Manufacturing Director,2,5410,9,Yes,3,18,16,14,5
1295,1,3,3,Research & Development,Healthcare Representative,4,7978,1,No,3,10,10,7,0
1296,4,2,1,Research & Development,Laboratory Technician,4,3867,1,Yes,3,2,2,2,2
1297,2,2,1,Research & Development,Laboratory Technician,3,2838,0,No,3,8,7,0,7
1298,3,3,2,Research & Development,Manufacturing Director,3,4695,7,Yes,3,10,8,4,1
1299,2,3,1,Research & Development,Laboratory Technician,3,3339,3,Yes,3,10,7,7,7
1301,4,3,1,Research & Development,Research Scientist,1,2080,2,No,3,5,3,2,1
1303,4,3,1,Research & Development,Research Scientist,2,2096,1,No,3,2,2,2,2
1304,3,4,2,Sales,Sales Executive,4,6209,1,No,3,10,10,7,0
1306,2,3,5,Research & Development,Manager,2,18061,3,No,4,22,0,0,0
1307,3,2,4,Research & Development,Manager,2,17123,6,Yes,3,21,19,9,15
1308,1,3,1,Research & Development,Research Scientist,3,2372,1,No,3,2,2,2,2
1309,4,3,2,Research & Development,Laboratory Technician,3,4883,1,No,3,10,10,4,1
1310,3,3,1,Research & Development,Research Scientist,1,3904,0,No,3,6,5,2,0
1311,1,2,2,Research & Development,Laboratory Technician,4,4627,0,No,3,10,9,2,6
1312,4,3,3,Research & Development,Healthcare Representative,3,7094,3,No,3,10,7,7,1
1314,4,3,1,Human Resources,Human Resources,1,3423,6,No,3,10,7,6,5
1315,3,1,2,Research & Development,Laboratory Technician,4,6674,0,No,3,10,9,8,7
1317,4,3,4,Research & Development,Research Director,1,16880,4,Yes,3,25,3,2,1
1318,4,2,3,Sales,Sales Executive,2,9094,2,Yes,3,9,5,4,1
1319,2,3,3,Sales,Sales Executive,2,8446,9,Yes,3,10,8,7,7
1321,2,3,3,Research & Development,Manager,1,11916,1,Yes,4,9,9,1,0
1322,1,3,2,Research & Development,Manufacturing Director,3,4534,0,No,3,9,8,7,1
1324,4,3,3,Sales,Sales Executive,3,9852,1,Yes,3,10,10,8,9
1329,3,1,2,Sales,Sales Executive,2,6151,1,No,3,19,19,2,11
1331,4,3,1,Sales,Sales Representative,2,2302,1,Yes,3,3,3,2,2
1333,1,3,1,Research & Development,Laboratory Technician,1,2362,4,No,3,10,3,2,1
1334,3,3,4,Research & Development,Manager,3,17861,0,Yes,3,21,20,8,2
1336,4,1,5,Research & Development,Manager,3,19187,4,No,3,23,19,9,9
1338,4,3,5,Human Resources,Manager,2,19717,6,No,3,36,7,3,7
1340,3,3,1,Research & Development,Research Scientist,3,3544,9,No,3,6,4,2,0
1344,4,3,3,Research & Development,Healthcare Representative,4,8500,0,No,3,10,9,7,1
1346,3,3,2,Research & Development,Research Scientist,4,4661,1,No,3,9,9,8,8
1349,3,3,2,Sales,Sales Executive,1,4103,0,No,3,10,9,3,1
1350,3,3,2,Research & Development,Research Scientist,3,4249,1,Yes,3,9,9,6,1
1352,3,3,4,Human Resources,Manager,2,14026,1,Yes,3,33,33,9,0
1355,2,3,2,Sales,Sales Executive,1,6893,3,No,3,11,7,7,1
1356,3,3,2,Sales,Sales Executive,1,6125,1,No,3,10,10,8,9
1358,4,3,1,Research & Development,Laboratory Technician,4,3669,3,No,3,7,3,2,1
1360,3,2,3,Research & Development,Manufacturing Director,1,10008,7,Yes,3,31,10,9,5
1361,2,3,1,Research & Development,Laboratory Technician,2,2387,3,No,4,7,4,2,0
1362,1,4,2,Sales,Sales Executive,1,4639,2,No,3,17,15,7,6
1363,4,3,3,Research & Development,Manufacturing Director,4,7898,1,No,3,11,10,9,0
1364,3,4,1,Sales,Sales Representative,4,2534,8,No,3,5,1,0,0
1367,4,2,4,Research & Development,Manufacturing Director,2,13142,3,No,3,29,5,2,0
1368,4,3,1,Research & Development,Laboratory Technician,4,1611,1,No,3,0,0,0,0
1369,4,2,2,Research & Development,Laboratory Technician,4,5363,0,No,3,10,9,7,0
1371,4,1,2,Sales,Sales Executive,4,5071,3,No,4,8,6,2,0
1372,1,4,4,Sales,Sales Executive,3,13695,6,Yes,3,24,19,7,3
1373,4,3,4,Research & Development,Manufacturing Director,2,13402,4,Yes,3,33,19,16,15
1374,1,2,1,Research & Development,Research Scientist,3,2029,1,No,4,5,5,4,0
1375,2,4,2,Research & Development,Healthcare Representative,3,6377,5,No,4,15,12,11,11
1377,2,3,2,Research & Development,Laboratory Technician,3,5429,4,No,3,10,8,7,7
1379,3,2,1,Sales,Sales Representative,4,2785,7,No,3,3,1,0,0
1380,4,3,2,Sales,Sales Executive,3,4614,0,Yes,3,5,4,2,3
1382,4,4,1,Research & Development,Research Scientist,3,2610,1,No,3,4,4,2,0
1383,3,3,2,Research & Development,Healthcare Representative,4,6687,1,No,3,14,14,11,4
1387,3,2,2,Sales,Sales Executive,1,4724,1,No,3,5,5,3,0
1389,4,3,2,Research & Development,Manufacturing Director,3,6179,1,Yes,3,10,10,2,6
1390,1,2,2,Sales,Sales Executive,4,6120,3,Yes,3,8,5,4,1
1391,2,3,3,Sales,Sales Executive,2,10596,2,No,3,14,4,2,3
1392,4,3,2,Research & Development,Research Scientist,4,5467,3,Yes,3,12,6,2,3
1394,3,3,1,Research & Development,Research Scientist,3,2996,7,Yes,3,8,6,4,1
1395,2,3,2,Sales,Sales Executive,4,9998,6,No,3,8,5,4,1
1396,3,3,2,Sales,Sales Executive,2,4078,0,Yes,3,4,3,2,1
1397,3,3,3,Research & Development,Healthcare Representative,3,10920,3,No,4,13,6,4,0
1399,1,4,2,Sales,Sales Executive,3,6232,2,No,3,6,3,2,1
1401,4,4,4,Research & Development,Manufacturing Director,3,13247,2,Yes,3,24,5,3,0
1402,1,2,2,Research & Development,Research Scientist,3,4081,1,Yes,3,20,20,7,1
1403,4,2,2,Sales,Sales Executive,4,5769,1,Yes,3,6,6,2,4
1405,4,3,1,Research & Development,Research Scientist,3,2394,1,Yes,3,8,8,2,7
1407,1,2,1,Research & Development,Research Scientist,4,3904,0,No,3,5,4,3,1
1408,3,3,4,Human Resources,Manager,1,16799,0,No,3,21,20,7,0
1409,3,3,1,Research & Development,Laboratory Technician,1,2950,9,No,3,12,5,4,0
1411,1,3,1,Research & Development,Laboratory Technician,3,3629,4,No,3,8,3,2,0
1412,3,3,3,Research & Development,Manufacturing Director,4,9362,2,No,3,10,2,2,2
1415,1,3,1,Research & Development,Laboratory Technician,4,3229,4,No,3,7,3,2,0
1417,3,4,1,Research & Development,Laboratory Technician,1,3578,0,No,3,8,7,7,0
1419,2,2,3,Human Resources,Human Resources,1,7988,1,No,3,10,10,9,0
1420,1,2,2,Research & Development,Laboratory Technician,1,4284,3,No,4,20,4,3,1
1421,3,3,3,Research & Development,Healthcare Representative,4,7553,0,Yes,3,9,8,7,7
1422,4,3,4,Research & Development,Research Director,4,17328,6,No,3,29,20,7,12
1423,4,3,5,Research & Development,Research Director,1,19701,3,Yes,4,32,9,8,1
1424,2,4,4,Research & Development,Research Director,4,14732,2,No,3,31,7,7,0
1425,1,3,2,Sales,Sales Executive,2,9278,3,Yes,3,15,5,4,0
1427,2,1,1,Sales,Sales Representative,3,1359,1,No,3,1,1,0,0
1428,4,3,2,Sales,Sales Executive,1,4779,7,No,3,8,3,2,0
1430,1,3,4,Research & Development,Research Director,2,16422,3,No,3,9,3,2,1
1431,4,3,1,Research & Development,Research Scientist,1,2996,5,No,3,10,4,3,1
1433,1,2,1,Research & Development,Research Scientist,2,1261,1,No,3,1,1,0,0
1434,2,3,1,Research & Development,Laboratory Technician,1,2099,0,No,3,6,5,0,1
1435,1,2,2,Research & Development,Laboratory Technician,4,5810,1,No,3,10,10,4,1
1436,3,2,2,Sales,Sales Executive,1,5647,4,No,3,11,3,2,0
1438,1,3,1,Research & Development,Research Scientist,4,3420,7,No,3,17,6,5,1
1439,1,2,1,Sales,Sales Representative,1,4400,3,No,3,6,3,2,2
1440,3,4,1,Research & Development,Laboratory Technician,3,3500,0,No,3,7,6,5,1
1441,1,3,1,Research & Development,Research Scientist,1,2066,2,No,4,5,3,2,1
1443,1,3,4,Research & Development,Research Director,3,17169,3,No,3,26,20,17,5
1445,4,3,2,Sales,Sales Executive,3,4162,1,Yes,3,5,5,4,0
1446,4,3,2,Sales,Sales Executive,4,9204,4,No,3,7,4,3,0
1447,4,2,1,Research & Development,Laboratory Technician,2,3294,5,No,3,7,5,4,0
1448,2,4,1,Research & Development,Research Scientist,3,2127,2,Yes,3,7,4,2,0
1449,3,3,2,Research & Development,Laboratory Technician,3,3975,3,No,3,11,8,7,0
1453,1,3,3,Sales,Sales Executive,4,10793,1,No,3,13,13,7,9
1457,1,3,3,Sales,Sales Executive,4,10096,4,No,3,28,7,7,4
1458,1,2,1,Research & Development,Laboratory Technician,1,3646,2,Yes,4,11,1,0,0
1459,3,4,3,Research & Development,Manufacturing Director,2,7446,1,No,3,10,10,8,4
1460,2,1,3,Research & Development,Healthcare Representative,1,10851,2,Yes,3,24,7,7,0
1461,4,4,1,Human Resources,Human Resources,2,2109,9,No,3,8,3,2,0
1464,2,3,1,Research & Development,Laboratory Technician,4,3722,6,Yes,3,7,2,2,2
1465,2,3,3,Research & Development,Manufacturing Director,4,9380,4,Yes,3,10,3,1,1
1466,3,3,2,Sales,Sales Executive,1,5486,4,No,3,15,2,2,2
1467,1,3,1,Human Resources,Human Resources,3,2742,1,No,3,2,2,2,2
1468,4,2,3,Research & Development,Research Director,2,13757,2,No,3,16,9,8,4
1469,4,3,2,Sales,Sales Executive,1,8463,0,No,3,6,5,4,1
1471,3,2,1,Research & Development,Laboratory Technician,3,3162,3,No,3,7,5,2,0
1472,4,4,4,Research & Development,Research Director,2,16598,4,No,3,35,9,8,8
1473,1,3,2,Research & Development,Healthcare Representative,3,6651,2,No,3,20,3,2,1
1474,3,3,1,Research & Development,Research Scientist,3,2345,2,No,3,8,3,1,1
1475,4,3,1,Research & Development,Research Scientist,2,3420,1,No,3,6,5,2,1
1477,4,3,2,Sales,Sales Executive,1,4373,0,No,3,5,4,3,0
1478,4,1,2,Sales,Sales Executive,1,4759,3,No,3,15,13,9,3
1479,4,3,2,Sales,Sales Executive,3,5301,8,No,3,4,2,1,2
1480,1,3,1,Research & Development,Laboratory Technician,4,3673,1,No,3,12,12,9,5
1481,1,3,2,Sales,Sales Executive,3,4768,7,No,3,11,1,0,0
1482,3,3,1,Research & Development,Research Scientist,3,1274,1,No,3,1,1,0,0
1483,2,4,2,Research & Development,Research Scientist,3,4900,0,No,4,13,12,9,2
1484,3,3,3,Research & Development,Healthcare Representative,2,10466,3,No,3,29,8,7,0
1485,2,3,4,Research & Development,Research Director,1,17007,7,No,3,16,14,8,6
1486,1,3,1,Sales,Sales Representative,3,2909,3,No,3,5,3,2,1
1487,1,3,2,Sales,Sales Executive,2,5765,5,No,3,7,5,3,0
1489,1,2,2,Sales,Sales Executive,2,4599,0,Yes,4,16,15,9,10
1492,4,3,1,Sales,Sales Representative,3,2404,1,No,3,1,1,0,0
1494,2,3,1,Research & Development,Laboratory Technician,1,3172,2,Yes,3,4,0,0,0
1495,4,3,1,Sales,Sales Representative,2,2033,1,No,3,1,1,0,0
1496,2,3,3,Research & Development,Manufacturing Director,3,10209,5,Yes,3,16,2,2,2
1497,3,2,2,Sales,Sales Executive,3,8620,1,No,3,10,10,7,0
1499,3,3,1,Human Resources,Human Resources,3,2064,0,No,4,6,5,3,1
1501,4,3,2,Research & Development,Healthcare Representative,3,4035,0,Yes,3,4,3,2,1
1502,1,2,1,Research & Development,Laboratory Technician,2,3838,8,No,3,8,5,4,0
1503,3,3,2,Sales,Sales Executive,3,4591,3,Yes,3,11,5,4,1
1504,3,2,1,Research & Development,Laboratory Technician,1,2561,7,No,3,8,0,0,0
1506,1,2,1,Research & Development,Research Scientist,3,1563,1,No,3,1,1,0,0
1507,3,3,2,Sales,Sales Executive,1,4898,0,No,3,5,4,2,1
1509,3,2,2,Research & Development,Laboratory Technician,1,4789,4,No,4,10,3,2,1
1513,4,3,1,Research & Development,Laboratory Technician,2,3180,0,No,3,4,3,2,0
1514,3,1,2,Research & Development,Manufacturing Director,2,6549,1,No,3,8,8,6,1
1515,4,3,2,Research & Development,Healthcare Representative,3,6388,2,Yes,3,14,0,0,0
1516,3,3,3,Research & Development,Manager,4,11244,2,No,4,10,5,2,0
1520,2,3,4,Research & Development,Manager,4,16032,3,No,4,26,14,9,1
1522,1,2,1,Research & Development,Research Scientist,1,2362,6,No,3,11,9,7,0
1523,4,3,4,Research & Development,Research Director,1,16328,3,No,3,24,20,6,14
1525,2,3,3,Research & Development,Manufacturing Director,2,8376,4,No,3,9,2,0,2
1527,3,3,4,Sales,Manager,2,16606,8,No,3,23,13,12,5
1529,4,2,3,Research & Development,Healthcare Representative,2,8606,1,No,3,11,11,8,3
1533,1,3,2,Research & Development,Laboratory Technician,3,2272,0,No,3,5,4,3,1
1534,4,3,1,Research & Development,Laboratory Technician,1,2018,3,No,3,15,5,4,1
1535,4,2,3,Sales,Sales Executive,3,7083,1,Yes,3,10,10,9,8
1537,4,3,1,Research & Development,Research Scientist,3,4084,1,No,3,7,7,2,7
1539,3,1,4,Research & Development,Research Director,4,14411,1,Yes,3,32,32,6,13
1541,2,3,1,Sales,Sales Representative,3,2308,0,Yes,4,12,11,10,5
1542,3,2,1,Research & Development,Laboratory Technician,2,4841,4,No,3,4,1,0,0
1543,1,3,2,Research & Development,Research Scientist,4,4285,1,No,3,10,10,8,3
1544,3,1,2,Research & Development,Healthcare Representative,1,9715,3,No,3,9,7,7,0
1545,4,2,2,Research & Development,Manufacturing Director,2,4320,1,No,3,5,5,3,0
1546,4,3,1,Research & Development,Research Scientist,4,2132,4,No,4,8,5,4,0
1547,4,3,3,Research & Development,Healthcare Representative,4,10124,2,Yes,3,24,20,8,13
1548,1,3,2,Sales,Sales Executive,1,5473,0,No,3,9,8,4,7
1549,2,3,2,Research & Development,Laboratory Technician,3,5207,1,Yes,3,15,15,14,5
1550,3,3,4,Human Resources,Manager,4,16437,1,Yes,4,21,21,7,7
1551,3,2,1,Research & Development,Laboratory Technician,1,2296,0,No,3,2,1,1,0
1552,4,3,2,Research & Development,Healthcare Representative,4,4069,3,Yes,3,8,2,2,2
1553,1,3,3,Research & Development,Healthcare Representative,2,7441,1,No,3,10,10,8,7
1554,2,2,1,Sales,Sales Representative,3,2430,0,No,4,6,5,3,4
1555,4,2,2,Research & Development,Research Scientist,2,5878,3,No,3,12,7,1,2
1556,3,3,1,Sales,Sales Representative,4,2644,3,Yes,4,7,3,2,1
1557,3,3,2,Sales,Sales Executive,3,6439,8,No,3,18,8,7,7
1558,3,4,1,Research & Development,Research Scientist,3,2451,6,No,3,5,1,0,0
1560,1,3,2,Sales,Sales Executive,1,6392,2,No,3,8,2,2,2
1562,2,2,2,Sales,Sales Executive,1,9714,1,No,3,10,10,8,6
1563,3,3,2,Human Resources,Human Resources,3,6077,3,No,3,10,6,3,1
1564,4,2,1,Research & Development,Laboratory Technician,1,2450,1,No,3,3,3,0,1
1568,3,3,3,Sales,Sales Executive,2,9250,3,No,3,9,4,2,1
1569,1,3,1,Research & Development,Laboratory Technician,1,2074,1,Yes,3,1,1,0,0
1572,3,2,3,Research & Development,Manufacturing Director,4,10169,0,No,3,34,33,7,1
1573,3,3,2,Research & Development,Manufacturing Director,2,4855,4,No,3,7,5,2,1
1574,4,3,2,Research & Development,Research Scientist,1,4087,4,No,3,9,6,5,1
1576,3,3,1,Research & Development,Research Scientist,1,2367,8,No,3,10,8,2,7
1577,1,3,1,Research & Development,Research Scientist,4,2972,1,No,3,1,1,0,0
1578,3,2,5,Sales,Manager,4,19586,1,No,4,36,36,6,2
1580,2,3,2,Research & Development,Research Scientist,4,5484,9,No,3,9,2,2,2
1581,1,3,1,Research & Development,Research Scientist,4,2061,1,No,4,1,1,0,0
1582,3,3,2,Sales,Sales Executive,2,9924,0,No,3,10,9,8,7
1583,2,3,2,Sales,Sales Executive,2,4198,2,No,3,8,3,2,1
1585,2,3,2,Sales,Sales Executive,3,6815,6,No,3,15,1,0,0
1586,2,3,1,Research & Development,Laboratory Technician,1,4723,1,Yes,3,10,10,9,1
1587,1,3,2,Research & Development,Healthcare Representative,3,6142,3,Yes,3,10,5,2,0
1588,4,4,3,Sales,Sales Executive,3,8237,2,No,3,11,7,6,7
1590,1,3,2,Research & Development,Healthcare Representative,4,8853,1,No,3,6,6,4,1
1591,3,3,5,Sales,Manager,3,19331,4,Yes,3,27,1,0,0
1592,4,4,1,Research & Development,Research Scientist,3,2073,2,No,3,4,2,2,2
1594,1,4,2,Research & Development,Laboratory Technician,1,5562,3,Yes,3,9,3,2,0
1595,4,2,5,Research & Development,Manager,4,19613,8,No,4,24,1,0,0
1596,2,4,2,Research & Development,Laboratory Technician,3,3407,1,No,3,10,10,9,6
1597,4,2,2,Research & Development,Healthcare Representative,3,5063,1,No,3,8,8,2,7
1598,4,3,2,Sales,Sales Executive,1,4639,1,No,3,5,5,4,1
1599,4,4,1,Research & Development,Laboratory Technician,2,4876,5,No,3,8,6,4,0
1601,3,2,1,Research & Development,Laboratory Technician,4,2690,1,No,3,1,1,0,0
1602,4,4,4,Sales,Manager,1,17567,1,No,3,27,26,0,0
1604,3,3,1,Research & Development,Laboratory Technician,2,2408,1,Yes,3,1,1,1,0
1605,2,2,1,Research & Development,Research Scientist,3,2814,1,Yes,3,4,4,2,1
1606,2,3,4,Research & Development,Healthcare Representative,3,11245,2,Yes,3,32,30,8,12
1607,2,4,1,Research & Development,Research Scientist,4,3312,3,No,3,6,3,2,0
1608,2,3,5,Research & Development,Research Director,4,19049,0,Yes,3,23,22,7,1
1609,2,2,1,Research & Development,Research Scientist,2,2141,1,No,3,6,6,4,1
1611,3,1,2,Research & Development,Laboratory Technician,1,5769,1,Yes,3,10,10,7,1
1612,1,2,2,Sales,Sales Executive,1,4385,1,No,3,10,10,7,4
1613,4,3,2,Sales,Sales Executive,1,5332,7,No,3,10,5,2,0
1614,3,3,2,Research & Development,Manufacturing Director,3,4663,9,Yes,3,7,3,2,1
1615,3,4,2,Research & Development,Manufacturing Director,4,4724,1,No,3,9,9,7,7
1617,3,3,1,Research & Development,Laboratory Technician,1,3211,1,No,3,10,9,6,1
1618,2,3,2,Research & Development,Manufacturing Director,1,5377,2,No,3,10,7,7,7
1619,4,2,1,Research & Development,Laboratory Technician,1,4066,1,No,3,7,7,7,0
1621,2,4,2,Research & Development,Research Scientist,1,5208,1,No,3,16,16,15,1
1622,2,1,2,Research & Development,Manufacturing Director,1,4877,0,No,4,6,5,3,0
1623,3,3,1,Research & Development,Research Scientist,4,3117,1,No,3,3,2,2,2
1624,2,3,1,Sales,Sales Representative,4,1569,1,Yes,3,0,0,0,0
1625,4,3,5,Human Resources,Manager,3,19658,3,No,3,27,5,2,1
1627,3,2,2,Research & Development,Laboratory Technician,3,3069,0,No,3,11,10,8,0
1628,1,2,3,Research & Development,Manufacturing Director,3,10435,1,No,3,18,18,15,14
1630,3,3,2,Research & Development,Healthcare Representative,3,4148,1,No,3,15,14,11,2
1631,3,3,2,Research & Development,Manufacturing Director,3,5768,3,No,3,9,4,3,0
1633,1,3,2,Research & Development,Manufacturing Director,3,5042,0,No,3,10,9,2,3
1635,4,2,2,Research & Development,Manufacturing Director,4,5770,1,No,3,10,10,7,3
1638,4,2,3,Research & Development,Manufacturing Director,3,7756,3,Yes,3,10,5,4,0
1639,4,2,3,Sales,Sales Executive,1,10306,9,No,3,15,13,12,6
1640,2,3,1,Research & Development,Research Scientist,2,3936,1,No,3,8,8,4,7
1641,3,3,3,Research & Development,Manufacturing Director,4,7945,6,Yes,3,18,4,2,3
1642,1,3,2,Human Resources,Human Resources,4,5743,4,Yes,3,14,10,7,0
1644,3,2,4,Research & Development,Manager,4,15202,2,No,4,23,2,2,2
1645,1,1,2,Sales,Sales Executive,4,5440,6,Yes,3,7,2,2,2
1646,1,3,1,Research & Development,Research Scientist,4,3760,1,Yes,3,6,6,3,1
1647,2,4,1,Research & Development,Research Scientist,3,3517,7,No,3,5,3,2,0
1648,4,3,1,Research & Development,Research Scientist,4,2580,2,No,3,6,4,2,1
1649,1,3,1,Research & Development,Laboratory Technician,1,2166,3,Yes,3,10,4,2,0
1650,3,2,2,Sales,Sales Executive,3,5869,9,No,3,8,5,2,1
1651,2,3,3,Research & Development,Healthcare Representative,1,8008,4,No,3,9,3,2,0
1653,4,4,2,Research & Development,Manufacturing Director,3,5206,1,No,3,7,7,7,0
1654,4,3,2,Research & Development,Manufacturing Director,2,5295,4,No,4,7,5,4,1
1655,1,3,4,Research & Development,Research Director,2,16413,3,No,3,27,4,2,1
1656,4,2,3,Research & Development,Research Director,1,13269,5,No,3,19,14,11,1
1657,3,3,1,Sales,Sales Representative,3,2783,1,No,3,2,2,2,2
1658,4,3,2,Research & Development,Research Scientist,2,5433,1,No,3,11,11,8,7
1659,1,3,1,Research & Development,Laboratory Technician,2,2013,2,No,3,15,4,3,1
1661,3,2,4,Research & Development,Healthcare Representative,3,13966,2,Yes,3,30,15,11,2
1662,4,2,2,Research & Development,Manufacturing Director,3,4374,0,No,3,4,3,2,1
1664,4,4,2,Research & Development,Healthcare Representative,1,6842,6,No,4,13,5,4,0
1665,2,3,4,Research & Development,Manager,3,17426,3,No,4,36,10,8,4
1666,3,2,4,Research & Development,Research Director,3,17603,1,No,4,14,14,10,6
1667,4,3,2,Sales,Sales Executive,4,4581,3,Yes,4,13,11,9,6
1668,4,3,2,Research & Development,Research Scientist,4,4735,7,No,3,19,13,11,2
1669,1,2,2,Sales,Sales Executive,2,4187,1,Yes,3,10,10,0,0
1670,4,3,2,Sales,Sales Executive,4,5505,1,No,3,6,6,2,0
1671,4,3,2,Research & Development,Research Scientist,2,5470,0,No,3,10,9,5,1
1673,1,3,2,Sales,Sales Executive,4,5476,1,No,3,10,10,0,0
1674,4,3,1,Research & Development,Laboratory Technician,1,2587,4,Yes,3,17,2,2,2
1675,4,2,1,Research & Development,Laboratory Technician,2,2440,1,No,4,4,4,3,3
1676,2,4,4,Sales,Manager,2,15972,6,No,3,29,3,2,1
1677,3,3,4,Research & Development,Manager,3,15379,4,No,3,23,8,7,0
1678,4,3,3,Sales,Sales Executive,3,7082,3,Yes,3,21,2,0,0
1680,4,3,1,Sales,Sales Representative,1,2728,1,No,3,2,2,2,0
1681,3,3,2,Sales,Sales Executive,4,5368,1,Yes,4,7,6,5,1
1682,1,3,2,Research & Development,Healthcare Representative,3,5347,6,No,3,10,3,2,0
1683,3,3,1,Human Resources,Human Resources,4,3195,4,Yes,3,8,2,2,2
1684,4,2,1,Research & Development,Laboratory Technician,3,3989,1,Yes,3,5,5,4,1
1687,4,3,1,Research & Development,Laboratory Technician,3,3306,7,No,3,7,0,0,0
1689,2,4,3,Research & Development,Healthcare Representative,4,7005,3,No,3,11,4,3,1
1691,4,3,1,Sales,Sales Representative,3,2655,2,Yes,3,19,9,7,7
1692,4,3,1,Research & Development,Laboratory Technician,2,1393,1,No,3,1,1,0,0
1693,4,3,1,Research & Development,Laboratory Technician,4,2570,1,No,4,7,7,7,5
1694,1,2,1,Research & Development,Research Scientist,2,3537,5,No,3,8,4,2,1
1696,2,2,2,Research & Development,Laboratory Technician,4,3986,1,No,3,15,15,10,4
1697,3,1,3,Research & Development,Healthcare Representative,4,10883,3,No,4,19,1,0,0
1698,2,4,1,Research & Development,Laboratory Technician,2,2028,1,No,3,14,14,11,2
1700,3,1,2,Sales,Sales Executive,4,9525,1,No,3,6,6,3,1
1701,2,2,1,Research & Development,Research Scientist,4,2929,1,No,3,10,10,9,8
1702,3,3,1,Sales,Sales Representative,4,2275,1,Yes,4,3,3,2,0
1703,3,4,3,Research & Development,Healthcare Representative,4,7879,1,Yes,3,9,8,7,6
1704,1,2,1,Research & Development,Research Scientist,4,4930,0,Yes,3,6,5,4,1
1706,4,3,2,Sales,Sales Executive,4,7847,1,Yes,3,10,10,9,8
1707,3,4,1,Research & Development,Research Scientist,3,4401,1,No,3,5,5,3,0
1708,4,3,3,Sales,Sales Executive,3,9241,1,No,3,10,10,8,8
1709,4,3,1,Research & Development,Laboratory Technician,3,2974,9,No,3,9,5,3,1
1710,3,3,2,Sales,Sales Representative,4,4502,3,No,3,17,13,7,6
1712,3,2,3,Research & Development,Healthcare Representative,3,10748,3,No,4,25,23,15,14
1714,4,1,1,Human Resources,Human Resources,3,1555,1,No,3,1,1,0,0
1716,3,1,4,Sales,Sales Executive,3,12936,7,No,3,25,23,5,14
1718,4,1,1,Research & Development,Laboratory Technician,3,2305,1,No,3,3,3,2,0
1719,4,2,4,Research & Development,Research Director,2,16704,1,No,3,21,21,6,8
1720,1,3,1,Research & Development,Research Scientist,3,3433,6,No,3,10,5,2,1
1721,2,3,1,Research & Development,Laboratory Technician,3,3477,1,No,3,6,5,2,0
1722,3,1,2,Human Resources,Human Resources,2,6430,6,No,3,10,3,2,1
1724,2,3,2,Research & Development,Manufacturing Director,1,6516,2,Yes,3,18,1,0,0
1725,2,3,1,Research & Development,Laboratory Technician,1,3907,1,No,3,6,6,2,1
1727,3,3,2,Research & Development,Healthcare Representative,2,5562,6,No,3,19,10,7,0
1728,4,3,2,Research & Development,Manufacturing Director,3,6883,2,No,3,17,7,7,0
1729,2,3,1,Research & Development,Research Scientist,4,2862,1,No,3,10,10,0,0
1731,3,3,2,Sales,Sales Executive,2,4978,7,No,3,4,1,0,0
1732,3,3,3,Sales,Sales Executive,4,10368,4,Yes,3,13,10,6,0
1733,2,2,2,Sales,Sales Executive,1,6134,5,Yes,3,16,2,2,2
1734,1,1,2,Sales,Sales Executive,2,6735,6,No,3,10,0,0,0
1735,3,3,1,Research & Development,Laboratory Technician,2,3295,1,No,3,3,3,2,1
1736,4,3,2,Research & Development,Manufacturing Director,4,5238,2,No,4,9,5,4,1
1737,4,3,2,Research & Development,Laboratory Technician,4,6472,1,Yes,3,9,9,8,5
1739,4,1,3,Sales,Sales Executive,3,9610,3,No,3,10,4,3,0
1740,2,3,5,Sales,Manager,2,19833,1,No,3,21,21,8,12
1744,3,1,3,Human Resources,Human Resources,3,9756,4,No,4,9,5,0,0
1745,4,2,1,Research & Development,Research Scientist,1,4968,0,No,3,10,9,7,0
1746,1,3,1,Human Resources,Human Resources,4,2145,0,No,3,3,2,2,2
1747,3,2,1,Human Resources,Human Resources,4,2180,6,No,3,6,4,2,1
1749,1,3,2,Sales,Sales Executive,3,8346,1,No,3,6,5,2,0
1751,3,3,1,Research & Development,Research Scientist,4,3445,1,No,3,6,6,2,1
1752,2,1,1,Sales,Sales Representative,2,2760,1,No,3,2,2,2,2
1753,4,4,2,Research & Development,Healthcare Representative,3,6294,8,Yes,3,10,3,2,0
1754,3,2,3,Sales,Sales Executive,1,7140,2,No,3,12,7,7,1
1755,4,4,1,Research & Development,Research Scientist,4,2932,0,Yes,3,6,5,0,1
1756,4,3,2,Sales,Sales Executive,2,5147,8,No,3,13,11,7,1
1757,4,3,2,Sales,Sales Executive,4,4507,3,No,3,8,5,1,0
1758,1,3,3,Sales,Sales Executive,1,8564,2,Yes,4,11,0,0,0
1760,3,2,1,Research & Development,Laboratory Technician,2,2468,4,No,3,9,6,1,0
1761,1,3,3,Sales,Sales Executive,3,8161,2,No,3,10,1,0,0
1762,4,2,1,Research & Development,Research Scientist,1,2109,1,No,3,1,1,0,0
1763,3,4,2,Research & Development,Healthcare Representative,3,5294,3,No,3,10,7,0,1
1764,2,3,1,Research & Development,Research Scientist,2,2718,2,No,3,12,7,7,0
1766,2,1,2,Research & Development,Healthcare Representative,4,5811,3,Yes,3,15,1,0,1
1767,3,2,1,Research & Development,Research Scientist,3,2437,9,Yes,3,6,1,0,0
1768,2,3,1,Research & Development,Laboratory Technician,2,2766,8,No,4,7,5,3,0
1770,3,2,5,Research & Development,Research Director,1,19038,8,No,3,34,1,0,0
1771,4,3,2,Research & Development,Research Scientist,2,3055,5,No,3,11,9,8,1
1772,3,3,1,Research & Development,Laboratory Technician,1,2289,1,No,4,5,5,3,0
1774,4,3,2,Sales,Sales Executive,3,4001,1,Yes,3,15,15,14,0
1775,1,2,4,Research & Development,Manufacturing Director,3,12965,4,Yes,4,27,3,2,0
1778,2,3,1,Human Resources,Human Resources,4,3539,0,No,3,10,9,7,1
1779,4,1,2,Sales,Sales Executive,4,6029,5,No,3,6,2,2,2
1780,2,3,1,Sales,Sales Representative,2,2679,1,No,3,1,1,0,1
1782,4,2,1,Research & Development,Laboratory Technician,3,3702,1,No,3,5,5,4,0
1783,3,3,1,Research & Development,Laboratory Technician,1,2398,1,Yes,3,1,1,0,0
1784,1,2,2,Sales,Sales Executive,4,5468,1,No,3,13,12,7,5
1786,1,3,3,Research & Development,Manager,3,13116,2,No,3,15,2,2,2
1787,2,2,2,Sales,Sales Executive,2,4189,1,No,3,5,5,2,0
1789,3,3,5,Research & Development,Research Director,4,19328,7,Yes,3,24,2,1,2
1790,4,3,3,Research & Development,Healthcare Representative,1,8321,7,Yes,3,15,12,8,5
1792,3,3,1,Research & Development,Research Scientist,2,2342,1,Yes,3,6,5,3,2
1794,3,3,2,Human Resources,Human Resources,2,4071,2,No,3,19,10,0,4
1797,3,3,2,Sales,Sales Executive,4,5813,1,Yes,3,10,10,7,7
1798,4,4,1,Research & Development,Research Scientist,1,3143,6,No,3,14,10,8,7
1799,3,3,1,Research & Development,Research Scientist,4,2044,1,No,3,5,5,3,0
1800,3,3,3,Research & Development,Research Director,3,13464,7,No,4,9,4,3,2
1801,2,2,2,Sales,Sales Executive,2,7991,8,No,3,6,2,2,2
1802,3,3,1,Research & Development,Laboratory Technician,1,3377,4,No,3,7,4,3,0
1803,2,4,2,Research & Development,Healthcare Representative,1,5538,5,No,3,10,0,0,0
1804,2,3,2,Research & Development,Manufacturing Director,4,5762,2,No,3,15,7,7,1
1805,1,3,1,Human Resources,Human Resources,2,2592,5,No,3,13,11,10,3
1807,4,3,2,Research & Development,Laboratory Technician,1,5346,4,No,3,11,7,1,0
1809,4,3,2,Research & Development,Manufacturing Director,1,4213,1,No,3,10,10,3,0
1812,3,3,2,Sales,Sales Executive,4,4127,2,No,3,7,2,1,2
1813,1,3,1,Research & Development,Research Scientist,3,2438,4,No,3,7,3,2,1
1814,2,4,2,Research & Development,Healthcare Representative,2,6870,3,No,3,11,3,2,1
1815,3,3,3,Sales,Sales Executive,3,10447,0,Yes,3,23,22,14,13
1816,1,3,3,Research & Development,Manufacturing Director,3,9667,9,No,3,9,7,7,0
1818,4,3,1,Human Resources,Human Resources,2,2148,0,Yes,3,6,5,1,1
1821,4,3,2,Research & Development,Healthcare Representative,2,8926,4,No,4,13,9,7,3
1822,3,3,2,Research & Development,Healthcare Representative,4,6513,4,No,3,12,5,3,0
1823,2,4,2,Sales,Sales Executive,3,6799,1,No,4,10,10,8,4
1824,2,3,4,Sales,Manager,2,16291,4,No,4,37,16,9,14
1826,2,1,1,Research & Development,Laboratory Technician,3,2705,0,No,3,6,5,4,0
1827,3,2,3,Research & Development,Manufacturing Director,2,10333,8,Yes,3,28,22,11,14
1829,2,3,2,Research & Development,Healthcare Representative,1,4448,2,No,3,15,7,4,7
1830,4,3,2,Research & Development,Research Scientist,4,6854,4,No,3,14,7,1,1
1833,1,3,3,Sales,Sales Executive,1,9637,2,No,3,9,3,2,2
1834,3,3,1,Research & Development,Research Scientist,1,3591,1,No,4,3,3,2,1
1835,2,1,2,Sales,Sales Representative,4,5405,2,Yes,4,20,4,2,0
1836,3,3,2,Sales,Sales Executive,4,4684,1,No,3,5,5,3,1
1837,1,3,4,Research & Development,Research Director,3,15787,2,Yes,3,23,2,2,2
1839,2,3,1,Research & Development,Research Scientist,3,1514,1,No,3,0,0,0,0
1842,4,4,1,Human Resources,Human Resources,1,2956,0,No,3,2,1,0,0
1844,1,2,1,Human Resources,Human Resources,1,2335,4,Yes,3,4,2,2,2
1845,3,3,2,Sales,Sales Executive,3,5154,4,No,4,10,8,7,5
1847,4,3,2,Research & Development,Research Scientist,2,6962,4,Yes,4,15,1,0,0
1849,1,3,2,Sales,Sales Executive,4,5675,1,No,4,7,7,7,7
1850,4,3,1,Research & Development,Laboratory Technician,4,2379,0,Yes,3,6,5,4,0
1852,4,3,1,Research & Development,Laboratory Technician,4,3812,1,No,3,11,11,8,3
1853,4,3,2,Sales,Sales Executive,4,4648,8,No,3,4,0,0,0
1854,3,3,1,Research & Development,Research Scientist,3,2936,3,No,4,10,6,3,3
1856,2,3,1,Research & Development,Laboratory Technician,3,2105,4,No,3,7,2,2,2
1857,4,3,3,Research & Development,Manufacturing Director,4,8578,3,No,3,12,9,8,4
1858,3,3,1,Human Resources,Human Resources,4,2706,1,No,3,3,3,2,2
1859,4,1,2,Research & Development,Healthcare Representative,3,6384,8,No,3,11,7,0,1
1860,4,3,1,Research & Development,Laboratory Technician,3,3968,4,No,3,8,0,0,0
1862,3,2,2,Sales,Sales Executive,2,9907,7,Yes,3,7,2,2,2
1863,1,4,4,Sales,Sales Executive,1,13225,2,No,3,25,19,17,2
1864,2,2,2,Sales,Sales Representative,3,3540,1,No,4,9,9,8,5
1865,4,2,1,Human Resources,Human Resources,2,2804,1,No,3,1,1,0,0
1866,1,2,5,Research & Development,Manager,3,19392,7,No,3,21,16,12,6
1867,4,2,5,Research & Development,Research Director,2,19665,4,No,3,29,22,10,12
1868,4,2,1,Research & Development,Research Scientist,4,2439,1,Yes,4,1,1,0,1
1869,3,3,3,Sales,Sales Executive,2,7314,5,No,4,14,8,7,0
1870,4,2,1,Research & Development,Research Scientist,1,4774,0,No,3,8,7,6,7
1871,4,3,2,Research & Development,Research Scientist,4,3902,8,No,3,7,2,2,2
1873,2,2,1,Research & Development,Research Scientist,4,2662,8,No,4,19,5,2,0
1875,2,3,1,Sales,Sales Representative,2,2856,1,No,3,1,1,0,0
1876,2,3,1,Sales,Sales Representative,4,1081,1,No,3,1,1,0,0
1878,4,3,1,Research & Development,Research Scientist,2,2472,1,Yes,4,1,1,0,0
1880,2,2,2,Sales,Sales Executive,3,5673,1,Yes,3,10,10,9,1
1881,2,3,2,Research & Development,Laboratory Technician,3,4197,1,No,3,10,10,8,0
1882,3,3,3,Sales,Sales Executive,4,9713,2,Yes,3,9,5,3,1
1883,4,3,1,Research & Development,Laboratory Technician,1,2062,3,No,3,11,3,2,1
1885,4,3,2,Research & Development,Research Scientist,1,4284,5,Yes,4,16,5,3,0
1886,4,2,2,Research & Development,Manufacturing Director,2,4788,0,Yes,3,4,3,2,0
1888,2,2,2,Research & Development,Manufacturing Director,4,5906,0,No,3,10,9,8,3
1890,2,2,2,Human Resources,Human Resources,4,3886,1,No,4,10,10,1,0
1892,1,3,4,Research & Development,Manager,1,16823,2,No,3,22,19,7,11
1893,2,2,1,Research & Development,Research Scientist,3,2933,1,Yes,3,1,1,0,1
1898,1,4,2,Sales,Sales Executive,3,6500,0,No,3,9,8,7,0
1900,4,3,4,Research & Development,Manager,4,17174,3,No,3,24,22,17,4
1903,2,4,2,Research & Development,Healthcare Representative,1,5033,2,No,3,10,2,0,2
1905,4,1,1,Research & Development,Research Scientist,1,2307,1,Yes,4,5,5,2,3
1907,1,3,1,Research & Development,Laboratory Technician,4,2587,1,No,3,5,4,2,1
1908,3,2,2,Sales,Sales Executive,2,5507,2,No,3,12,4,2,1
1909,3,3,2,Sales,Sales Executive,2,4393,5,No,4,14,5,4,1
1911,3,3,3,Research & Development,Research Director,1,13348,9,No,3,18,13,7,5
1912,3,3,2,Sales,Sales Executive,4,6583,2,Yes,3,8,5,2,1
1915,4,2,2,Sales,Sales Executive,4,8103,3,Yes,3,9,4,2,0
1916,1,4,1,Research & Development,Laboratory Technician,3,3978,8,No,3,4,2,2,2
1918,3,4,1,Research & Development,Laboratory Technician,4,2544,0,No,3,8,7,7,7
1922,2,3,2,Research & Development,Healthcare Representative,3,5399,4,No,3,12,4,2,0
1924,2,3,2,Sales,Sales Executive,3,5487,1,No,3,10,10,4,0
1927,3,2,2,Sales,Sales Executive,4,6834,1,Yes,3,7,7,7,0
1928,3,4,1,Sales,Sales Representative,1,1091,1,No,3,1,1,0,0
1929,1,1,2,Sales,Sales Executive,3,5736,6,No,3,10,3,2,1
1931,2,3,1,Research & Development,Research Scientist,2,2226,1,No,3,6,5,3,1
1932,3,2,2,Research & Development,Research Scientist,4,5747,1,Yes,3,16,15,10,6
1933,4,3,2,Sales,Sales Executive,3,9854,3,Yes,3,6,2,0,2
1934,3,3,2,Research & Development,Research Scientist,2,5467,8,No,3,16,8,7,1
1935,4,2,2,Sales,Sales Executive,1,5380,4,No,3,6,0,0,0
1936,1,3,2,Research & Development,Manufacturing Director,1,5151,1,No,4,10,10,0,7
1937,4,2,2,Research & Development,Research Scientist,2,2133,1,Yes,3,20,20,11,0
1938,4,3,4,Sales,Manager,4,17875,4,Yes,3,29,1,0,0
1939,1,4,1,Research & Development,Research Scientist,3,2432,3,Yes,3,8,4,1,0
1940,2,3,1,Research & Development,Research Scientist,4,4771,2,No,3,10,5,2,0
1941,2,3,5,Research & Development,Research Director,4,19161,3,No,3,28,5,4,4
1943,2,3,2,Sales,Sales Executive,4,5087,3,Yes,3,14,0,0,0
1944,1,2,1,Human Resources,Human Resources,2,2863,1,No,3,1,1,0,0
1945,2,3,2,Sales,Sales Executive,1,5561,0,No,3,6,5,3,0
1947,3,3,1,Research & Development,Research Scientist,3,2144,1,No,3,5,5,3,1
1948,3,3,1,Research & Development,Research Scientist,1,3065,1,Yes,3,4,4,2,2
1949,1,4,1,Research & Development,Laboratory Technician,2,2810,1,No,4,5,5,4,0
1950,1,3,3,Sales,Sales Executive,4,9888,1,No,4,14,14,8,2
1951,4,3,3,Sales,Sales Executive,3,8628,1,No,3,9,8,7,1
1952,3,3,1,Research & Development,Laboratory Technician,1,2867,0,No,3,8,7,7,7
1954,1,3,2,Research & Development,Healthcare Representative,1,5373,0,No,3,6,5,3,0
1955,3,3,2,Research & Development,Healthcare Representative,4,6667,5,No,3,9,5,1,1
1956,4,1,2,Research & Development,Research Scientist,1,5003,1,No,4,10,10,8,8
1960,3,2,1,Research & Development,Laboratory Technician,4,2367,5,No,3,6,4,1,0
1961,1,2,1,Sales,Sales Representative,1,2858,4,No,3,20,1,0,0
1962,3,3,2,Sales,Sales Executive,4,5204,1,Yes,3,10,10,8,0
1965,4,3,2,Sales,Sales Executive,4,4105,1,No,3,7,7,7,0
1966,4,2,2,Research & Development,Manufacturing Director,4,9679,8,No,4,8,1,0,0
1967,1,3,2,Sales,Sales Executive,4,5617,1,Yes,3,10,10,7,0
1968,1,3,3,Sales,Sales Executive,1,10448,6,Yes,3,15,2,2,2
1969,1,3,2,Research & Development,Research Scientist,3,2897,3,No,3,9,4,3,2
1970,4,3,2,Research & Development,Healthcare Representative,3,5968,1,No,4,9,9,7,2
1971,1,3,3,Research & Development,Healthcare Representative,3,7510,1,No,3,10,10,9,0
1972,4,3,1,Human Resources,Human Resources,2,2991,0,Yes,3,7,6,2,1
1973,3,4,5,Human Resources,Manager,2,19636,4,Yes,3,35,10,9,1
1974,4,1,1,Research & Development,Laboratory Technician,4,1129,1,Yes,3,1,1,0,0
1975,2,3,4,Sales,Sales Executive,1,13341,0,No,3,21,20,8,11
1976,4,2,2,Research & Development,Research Scientist,3,4332,1,No,3,20,20,9,3
1979,3,3,3,Research & Development,Research Director,3,11031,4,No,4,13,11,7,4
1980,3,3,2,Research & Development,Manufacturing Director,1,4440,6,Yes,3,9,5,2,1
1981,2,2,2,Research & Development,Healthcare Representative,3,4617,1,No,3,4,4,3,1
1982,4,3,1,Research & Development,Laboratory Technician,4,2647,1,No,3,5,5,2,1
1985,4,3,2,Research & Development,Laboratory Technician,3,6323,1,No,3,10,10,9,9
1986,2,3,2,Sales,Sales Executive,2,5677,3,No,3,15,11,8,5
1987,3,3,1,Human Resources,Human Resources,2,2187,4,No,3,6,2,0,1
1989,4,3,1,Research & Development,Laboratory Technician,2,3748,1,No,3,12,12,8,1
1992,4,3,1,Research & Development,Laboratory Technician,3,3977,6,Yes,3,7,2,2,0
1993,1,3,3,Research & Development,Healthcare Representative,3,8633,2,No,4,25,17,14,12
1994,2,2,1,Research & Development,Laboratory Technician,3,2008,1,No,3,1,1,1,0
1995,4,3,2,Sales,Sales Executive,2,4440,0,No,3,16,15,13,5
1996,1,3,1,Sales,Sales Representative,3,3067,0,No,3,3,2,2,1
1997,1,2,2,Research & Development,Manufacturing Director,3,5321,2,No,3,10,8,3,7
1998,4,3,2,Research & Development,Research Scientist,1,5410,6,Yes,3,9,4,3,1
1999,4,3,1,Research & Development,Research Scientist,4,2782,3,No,4,12,5,3,1
2000,3,3,3,Research & Development,Research Director,2,11957,0,No,3,14,13,8,5
2003,4,3,1,Research & Development,Laboratory Technician,3,2660,7,Yes,3,5,2,2,2
2007,4,3,1,Research & Development,Research Scientist,3,3375,0,No,3,4,3,2,1
2008,2,3,2,Research & Development,Research Scientist,3,5098,1,No,3,10,10,7,0
2009,2,3,2,Research & Development,Healthcare Representative,4,4878,0,Yes,3,10,9,7,8
2010,3,2,1,Research & Development,Laboratory Technician,2,2837,1,No,3,6,6,2,4
2012,1,3,1,Research & Development,Laboratory Technician,4,2406,8,No,3,8,1,0,0
2013,2,2,1,Sales,Sales Representative,2,2269,0,No,3,3,2,2,2
2014,1,3,2,Research & Development,Research Scientist,4,4108,7,No,3,18,7,7,1
2015,2,1,3,Research & Development,Research Director,3,13206,3,No,3,20,18,16,1
2016,3,3,3,Sales,Sales Executive,4,10422,1,No,3,14,14,10,5
2017,3,4,3,Research & Development,Research Director,4,13744,1,Yes,4,16,16,11,6
2018,1,3,2,Sales,Sales Executive,3,4907,0,Yes,4,6,5,3,0
2019,1,3,1,Sales,Sales Representative,4,3482,2,No,3,16,9,8,0
2020,2,3,1,Research & Development,Research Scientist,4,2436,6,Yes,3,6,4,3,1
2021,3,3,1,Sales,Sales Representative,1,2380,1,Yes,3,2,2,2,1
2022,4,3,5,Research & Development,Manager,4,19431,2,No,3,21,6,0,1
2023,4,3,1,Sales,Sales Representative,1,1790,1,No,3,1,1,0,1
2024,1,2,3,Sales,Sales Executive,4,7644,0,No,3,10,9,7,3
2025,4,3,2,Research & Development,Manufacturing Director,2,5131,7,No,3,18,4,2,0
2026,3,3,2,Research & Development,Healthcare Representative,3,6306,1,No,4,13,13,12,1
2027,1,3,1,Research & Development,Research Scientist,4,4787,9,Yes,3,4,2,2,2
2031,1,3,5,Research & Development,Manager,3,18880,5,No,3,24,22,6,4
2032,4,3,1,Research & Development,Laboratory Technician,3,2339,8,No,3,14,10,9,9
2034,1,2,4,Research & Development,Manufacturing Director,2,13570,0,No,4,21,20,7,0
2035,4,2,2,Sales,Sales Executive,3,6712,1,No,4,8,8,7,1
2036,4,1,2,Sales,Sales Executive,4,5406,1,No,4,15,15,12,11
2037,3,2,2,Sales,Sales Executive,2,8938,2,No,3,14,5,4,0
2038,4,3,1,Research & Development,Research Scientist,1,2439,1,No,3,4,4,2,1
2040,3,3,3,Human Resources,Human Resources,4,8837,1,Yes,3,9,9,0,1
2041,1,3,2,Sales,Sales Executive,4,5343,1,No,3,10,10,7,1
2044,2,3,2,Sales,Sales Executive,3,6728,7,No,3,12,6,3,0
2045,2,2,2,Sales,Sales Executive,4,6652,4,No,3,8,6,3,0
2046,4,3,2,Sales,Sales Executive,3,4850,8,No,3,8,5,3,0
2048,3,2,1,Research & Development,Research Scientist,3,2809,2,No,3,8,2,2,2
2049,3,3,2,Research & Development,Healthcare Representative,3,5689,1,Yes,3,10,10,2,0
2051,3,3,1,Research & Development,Research Scientist,3,2001,2,No,3,20,5,3,0
2052,3,1,1,Research & Development,Research Scientist,4,2977,1,No,3,4,4,3,1
2053,4,2,2,Research & Development,Laboratory Technician,2,4025,4,Yes,3,10,4,3,0
2054,4,2,1,Research & Development,Research Scientist,1,3785,1,No,3,5,5,4,0
2055,4,2,3,Sales,Sales Executive,1,10854,4,Yes,3,20,3,2,2
2056,2,2,4,Sales,Sales Executive,4,12031,0,No,3,21,20,9,9
2057,2,3,2,Research & Development,Manufacturing Director,1,9936,0,No,3,10,9,4,1
2060,4,2,1,Sales,Sales Representative,3,2966,0,No,3,5,4,2,0
2061,3,4,2,Research & Development,Laboratory Technician,4,2571,4,No,3,17,5,2,0
2062,4,2,3,Research & Development,Healthcare Representative,1,9991,4,No,3,9,7,7,1
2064,2,4,2,Research & Development,Manufacturing Director,2,6142,1,Yes,4,6,6,2,0
2065,4,2,2,Sales,Sales Executive,2,5390,2,No,3,17,9,6,0
2068,2,4,2,Research & Development,Laboratory Technician,3,4404,2,No,3,6,4,3,1
