EmployeeNumber,Age,DistanceFromHome,Education,EducationField,Gender,MaritalStatus,Attrition,EnvironmentSatisfaction,JobInvolvement,JobLevel,Department,JobRole,JobSatisfaction,MonthlyIncome,NumCompaniesWorked,OverTime,PerformanceRating,TotalWorkingYears,YearsAtCompany,YearsInCurrentRole,YearsSinceLastPromotion,ExperienceLevel
1,41,1,2,Life Sciences,Female,Single,Yes,2,3,2,Sales,Sales Executive,4,5993,8,Yes,3,8,6,4,0,Entry
2,49,8,1,Life Sciences,Male,Married,No,3,2,2,Research & Development,Research Scientist,2,5130,1,No,4,10,10,7,1,Intermediate
4,37,2,2,Other,Male,Single,Yes,4,2,1,Research & Development,Laboratory Technician,3,2090,6,Yes,3,7,0,0,0,Entry
5,33,3,4,Life Sciences,Female,Married,No,4,3,1,Research & Development,Research Scientist,3,2909,1,Yes,3,8,8,7,3,Entry
7,27,2,1,Medical,Male,Married,No,1,3,1,Research & Development,Laboratory Technician,2,3468,9,No,3,6,2,2,2,Entry
8,32,2,2,Life Sciences,Male,Single,No,4,3,1,Research & Development,Laboratory Technician,4,3068,0,No,3,8,7,7,3,Entry
10,59,3,3,Medical,Female,Married,No,3,4,1,Research & Development,Laboratory Technician,1,2670,4,Yes,4,12,1,0,0,Intermediate
11,30,24,1,Life Sciences,Male,Divorced,No,4,3,1,Research & Development,Laboratory Technician,3,2693,1,No,4,1,1,0,0,Entry
12,38,23,3,Life Sciences,Male,Single,No,4,2,3,Research & Development,Manufacturing Director,3,9526,0,No,4,10,9,7,1,Intermediate
13,36,27,3,Medical,Male,Married,No,3,3,2,Research & Development,Healthcare Representative,3,5237,6,No,3,17,7,7,7,Senior
14,35,16,3,Medical,Male,Married,No,1,4,1,Research & Development,Laboratory Technician,2,2426,0,No,3,6,5,4,0,Entry
15,29,15,2,Life Sciences,Female,Single,No,4,2,2,Research & Development,Laboratory Technician,3,4193,0,Yes,3,10,9,5,0,Intermediate
16,31,26,1,Life Sciences,Male,Divorced,No,1,3,1,Research & Development,Research Scientist,3,2911,1,No,3,5,5,2,4,Entry
18,34,19,2,Medical,Male,Divorced,No,2,3,1,Research & Development,Laboratory Technician,4,2661,0,No,3,3,2,2,1,Entry
19,28,24,3,Life Sciences,Male,Single,Yes,3,2,1,Research & Development,Laboratory Technician,3,2028,5,Yes,3,6,4,2,0,Entry
20,29,21,4,Life Sciences,Female,Divorced,No,2,4,3,Research & Development,Manufacturing Director,1,9980,1,No,3,10,10,9,8,Intermediate
21,32,5,2,Life Sciences,Male,Divorced,No,1,4,1,Research & Development,Research Scientist,2,3298,0,Yes,3,7,6,2,0,Entry
22,22,16,2,Medical,Male,Divorced,No,4,4,1,Research & Development,Laboratory Technician,4,2935,1,Yes,3,1,1,0,0,Entry
23,53,2,4,Life Sciences,Female,Married,No,1,2,4,Sales,Manager,4,15427,2,No,3,31,25,8,3,Senior
24,38,2,3,Life Sciences,Male,Single,No,4,3,1,Research & Development,Research Scientist,4,3944,5,Yes,3,6,3,2,1,Entry
26,24,11,2,Other,Female,Divorced,No,1,4,2,Research & Development,Manufacturing Director,3,4011,0,No,3,5,4,2,1,Entry
27,36,9,4,Life Sciences,Male,Single,Yes,3,2,1,Sales,Sales Representative,1,3407,7,No,4,10,5,3,0,Intermediate
28,34,7,4,Life Sciences,Female,Single,No,1,3,3,Research & Development,Research Director,2,11994,0,No,3,13,12,6,2,Intermediate
30,21,15,2,Life Sciences,Male,Single,No,3,3,1,Research & Development,Research Scientist,4,1232,1,No,3,0,0,0,0,Entry
31,34,6,1,Medical,Male,Single,Yes,2,3,1,Research & Development,Research Scientist,1,2960,2,No,3,8,4,2,1,Entry
32,53,5,3,Other,Female,Divorced,No,3,3,5,Research & Development,Manager,3,19094,4,No,3,26,14,13,4,Senior
33,32,16,1,Life Sciences,Female,Single,Yes,2,1,1,Research & Development,Research Scientist,1,3919,1,Yes,4,10,10,2,6,Intermediate
35,42,8,4,Marketing,Male,Married,No,3,3,2,Sales,Sales Executive,2,6825,0,No,3,10,9,7,4,Intermediate
36,44,7,4,Medical,Female,Married,No,1,2,3,Research & Development,Healthcare Representative,4,10248,3,No,3,24,22,6,5,Senior
38,46,2,4,Marketing,Female,Single,No,2,3,5,Sales,Manager,1,18947,3,No,3,22,2,2,2,Senior
39,33,2,3,Medical,Male,Single,No,3,3,1,Research & Development,Laboratory Technician,4,2496,4,No,3,7,1,1,0,Entry
40,44,10,4,Other,Male,Married,No,4,3,2,Research & Development,Healthcare Representative,4,6465,2,Yes,3,9,4,2,1,Entry
41,30,9,2,Medical,Male,Single,No,4,2,1,Research & Development,Laboratory Technician,3,2206,1,No,3,10,10,0,1,Intermediate
42,39,5,3,Technical Degree,Male,Married,Yes,4,3,2,Sales,Sales Representative,4,2086,3,No,3,19,1,0,0,Senior
45,24,1,3,Medical,Male,Married,Yes,2,3,1,Research & Development,Research Scientist,4,2293,2,Yes,3,6,2,0,2,Entry
46,43,2,2,Medical,Female,Divorced,No,4,4,1,Research & Development,Research Scientist,3,2645,1,No,3,6,5,3,1,Entry
47,50,3,2,Marketing,Male,Married,Yes,1,2,1,Sales,Sales Representative,3,2683,1,Yes,3,3,3,2,0,Entry
49,35,2,3,Marketing,Female,Married,No,4,3,1,Sales,Sales Representative,4,2014,1,No,3,2,2,2,2,Entry
51,36,5,4,Life Sciences,Female,Married,No,2,2,1,Research & Development,Research Scientist,1,3419,9,Yes,3,6,1,1,0,Entry
52,33,1,3,Life Sciences,Female,Married,No,3,4,2,Sales,Sales Executive,1,5376,2,No,3,10,5,3,1,Intermediate
53,35,4,2,Other,Male,Divorced,No,3,3,1,Research & Development,Laboratory Technician,4,1951,1,No,3,1,1,0,0,Entry
54,27,2,4,Life Sciences,Female,Divorced,No,4,3,1,Research & Development,Laboratory Technician,1,2341,1,No,3,1,1,0,0,Entry
55,26,25,3,Life Sciences,Male,Single,Yes,1,1,1,Research & Development,Laboratory Technician,3,2293,1,No,3,1,1,0,0,Entry
56,27,8,3,Life Sciences,Male,Single,No,4,3,3,Sales,Sales Executive,3,8726,1,No,3,9,9,8,1,Entry
57,30,1,2,Medical,Female,Single,No,3,3,2,Research & Development,Laboratory Technician,4,4011,1,No,4,12,12,8,3,Intermediate
58,41,12,3,Technical Degree,Female,Married,Yes,2,3,5,Research & Development,Research Director,3,19545,1,No,3,23,22,15,15,Senior
60,34,23,4,Marketing,Male,Single,No,2,3,2,Sales,Sales Executive,3,4568,0,No,4,10,9,5,8,Intermediate
61,37,19,2,Life Sciences,Male,Married,No,2,3,1,Research & Development,Research Scientist,2,3022,4,No,4,8,1,0,0,Entry
62,46,5,4,Marketing,Male,Single,No,1,3,2,Sales,Sales Executive,4,5772,4,Yes,4,14,9,6,0,Intermediate
63,35,8,1,Life Sciences,Male,Married,No,4,4,1,Research & Development,Laboratory Technician,4,2269,1,No,3,1,1,0,0,Entry
64,48,1,2,Life Sciences,Male,Single,Yes,1,2,3,Research & Development,Laboratory Technician,3,5381,9,Yes,3,23,1,0,0,Senior
65,28,5,4,Technical Degree,Male,Single,Yes,3,3,1,Research & Development,Laboratory Technician,3,3441,1,Yes,3,2,2,2,2,Entry
68,44,1,5,Marketing,Female,Divorced,No,2,3,2,Sales,Sales Executive,1,5454,5,Yes,4,9,4,3,1,Entry
70,35,11,2,Medical,Male,Married,No,3,2,3,Research & Development,Healthcare Representative,1,9884,2,Yes,3,10,4,0,2,Intermediate
72,26,23,3,Marketing,Female,Married,No,3,2,2,Sales,Sales Executive,4,4157,7,Yes,3,5,2,2,0,Entry
73,33,1,2,Life Sciences,Female,Single,No,1,3,3,Research & Development,Research Director,4,13458,1,Yes,3,15,15,14,8,Entry
74,35,18,5,Life Sciences,Male,Married,No,2,3,3,Sales,Sales Executive,1,9069,1,No,4,9,9,8,1,Entry
75,35,23,4,Medical,Female,Married,No,3,3,1,Research & Development,Laboratory Technician,1,4014,3,Yes,3,4,2,2,2,Entry
76,31,7,4,Life Sciences,Male,Divorced,No,4,3,2,Research & Development,Laboratory Technician,4,5915,3,No,4,10,7,7,1,Intermediate
77,37,1,4,Life Sciences,Male,Divorced,No,1,2,2,Research & Development,Manufacturing Director,3,5993,1,No,3,7,7,5,0,Entry
78,32,1,3,Medical,Male,Married,No,1,3,2,Research & Development,Manufacturing Director,4,6162,1,Yes,4,9,9,8,7,Entry
79,38,29,5,Life Sciences,Female,Single,No,4,3,2,Research & Development,Laboratory Technician,4,2406,1,No,3,10,10,3,9,Intermediate
80,50,7,2,Medical,Female,Divorced,No,2,2,5,Research & Development,Research Director,3,18740,5,Yes,3,29,27,3,13,Senior
81,59,25,3,Life Sciences,Female,Single,No,1,3,3,Sales,Sales Executive,1,7637,7,No,3,28,21,16,7,Senior
83,36,8,3,Technical Degree,Female,Divorced,No,3,3,3,Research & Development,Healthcare Representative,3,10096,1,No,3,17,17,14,12,Senior
84,55,8,3,Medical,Female,Divorced,No,4,3,4,Research & Development,Manager,3,14756,2,Yes,3,21,5,0,0,Senior
85,36,11,3,Life Sciences,Male,Single,No,2,2,2,Research & Development,Manufacturing Director,2,6499,1,No,3,6,6,5,0,Entry
86,45,7,3,Life Sciences,Male,Divorced,No,2,3,3,Research & Development,Research Scientist,1,9724,2,No,3,25,1,0,0,Senior
88,35,1,3,Medical,Male,Married,No,2,3,1,Research & Development,Research Scientist,1,2194,4,No,3,5,3,2,1,Entry
90,36,9,3,Medical,Male,Married,Yes,4,2,1,Research & Development,Research Scientist,3,3388,0,Yes,3,2,1,0,0,Entry
91,59,1,1,Life Sciences,Female,Single,No,1,2,2,Sales,Sales Executive,3,5473,7,No,3,20,4,3,1,Senior
94,29,2,3,Life Sciences,Male,Married,No,3,3,1,Research & Development,Research Scientist,2,2703,0,No,4,6,5,4,0,Entry
95,31,1,4,Medical,Male,Single,No,3,3,1,Research & Development,Research Scientist,2,2501,1,No,3,1,1,1,1,Entry
96,32,1,3,Life Sciences,Male,Married,No,2,3,2,Research & Development,Research Scientist,2,6220,1,No,3,10,10,4,0,Intermediate
97,36,6,3,Life Sciences,Female,Married,No,2,4,1,Research & Development,Laboratory Technician,4,3038,3,No,3,5,1,0,0,Entry
98,31,8,4,Life Sciences,Female,Single,No,3,3,2,Research & Development,Manufacturing Director,4,4424,1,No,4,11,11,7,1,Intermediate
100,35,1,4,Marketing,Male,Single,No,3,2,2,Sales,Sales Executive,1,4312,0,No,3,16,15,13,2,Senior
101,45,6,4,Other,Male,Married,No,4,3,3,Research & Development,Research Director,1,13245,4,Yes,3,17,0,0,0,Senior
102,37,7,4,Medical,Male,Single,No,1,3,3,Research & Development,Research Director,3,13664,4,No,3,16,5,2,0,Senior
103,46,5,2,Medical,Male,Divorced,No,2,3,2,Human Resources,Human Resources,2,5021,8,Yes,4,16,4,2,0,Senior
104,30,1,1,Life Sciences,Male,Married,No,4,2,2,Research & Development,Laboratory Technician,4,5126,1,Yes,3,10,10,8,3,Intermediate
105,35,1,3,Medical,Male,Single,No,2,2,1,Research & Development,Research Scientist,3,2859,1,No,3,6,6,4,0,Entry
106,55,1,2,Life Sciences,Male,Married,No,1,3,3,Sales,Sales Executive,4,10239,3,No,3,24,1,0,1,Senior
107,38,6,3,Medical,Female,Divorced,No,2,1,2,Research & Development,Research Scientist,4,5329,7,Yes,3,17,13,11,1,Senior
110,34,1,2,Medical,Male,Married,No,1,3,2,Research & Development,Manufacturing Director,2,4325,1,No,3,5,5,2,1,Entry
112,56,7,3,Life Sciences,Male,Single,No,4,1,3,Research & Development,Manufacturing Director,4,7260,4,No,3,37,6,4,0,Senior
113,23,2,1,Technical Degree,Male,Divorced,No,3,3,1,Sales,Sales Representative,1,2322,3,No,3,3,0,0,0,Entry
116,51,9,4,Life Sciences,Male,Married,No,4,3,1,Research & Development,Laboratory Technician,4,2075,3,No,4,10,4,2,0,Intermediate
117,30,2,3,Life Sciences,Male,Married,No,3,2,2,Research & Development,Healthcare Representative,4,4152,1,No,3,11,11,10,10,Intermediate
118,46,9,2,Medical,Male,Single,Yes,3,2,3,Sales,Sales Executive,4,9619,1,No,3,9,9,8,4,Entry
119,40,1,4,Life Sciences,Male,Married,No,3,2,4,Research & Development,Healthcare Representative,2,13503,1,No,4,22,22,3,11,Senior
120,51,21,4,Marketing,Male,Single,No,3,3,2,Sales,Sales Executive,4,5441,0,Yes,4,11,10,7,1,Intermediate
121,30,4,2,Medical,Female,Divorced,No,3,2,2,Sales,Sales Executive,2,5209,1,Yes,3,11,11,8,2,Intermediate
124,46,1,3,Medical,Male,Married,No,3,2,3,Research & Development,Healthcare Representative,1,10673,2,Yes,3,21,10,9,9,Senior
125,32,6,4,Medical,Male,Single,No,2,3,2,Sales,Sales Executive,3,5010,1,No,3,12,11,8,5,Intermediate
126,54,2,4,Technical Degree,Female,Married,No,1,3,3,Research & Development,Research Director,3,13549,9,No,3,16,4,3,0,Senior
128,24,3,2,Other,Female,Married,No,1,3,2,Sales,Sales Executive,3,4999,0,No,4,4,3,2,0,Entry
129,28,4,3,Medical,Male,Married,No,2,3,2,Sales,Sales Executive,3,4221,1,No,3,5,5,4,0,Entry
131,58,10,4,Medical,Male,Single,No,4,3,4,Sales,Sales Executive,3,13872,0,No,3,38,37,10,1,Senior
132,44,23,3,Medical,Male,Married,No,2,3,2,Research & Development,Laboratory Technician,2,2042,4,No,3,17,3,2,1,Senior
133,37,6,4,Human Resources,Male,Divorced,Yes,3,3,1,Human Resources,Human Resources,1,2073,4,Yes,4,7,3,2,0,Entry
134,32,1,1,Life Sciences,Male,Single,No,4,3,1,Research & Development,Research Scientist,1,2956,1,No,3,1,1,0,0,Entry
137,20,6,3,Life Sciences,Female,Single,Yes,4,2,1,Research & Development,Laboratory Technician,4,2926,1,Yes,3,1,1,0,1,Entry
138,34,6,4,Other,Female,Single,No,1,3,2,Research & Development,Research Scientist,3,4809,1,No,3,16,16,13,2,Senior
139,37,2,2,Life Sciences,Male,Divorced,No,3,2,2,Research & Development,Healthcare Representative,4,5163,5,No,3,17,1,0,0,Senior
140,59,2,4,Human Resources,Female,Married,No,3,2,5,Human Resources,Manager,4,18844,9,No,4,30,3,2,2,Senior
141,50,1,3,Life Sciences,Female,Married,No,1,3,5,Research & Development,Research Director,2,18172,3,Yes,3,28,8,3,0,Senior
142,25,5,3,Marketing,Male,Single,Yes,3,2,2,Sales,Sales Executive,3,5744,1,Yes,3,6,6,4,0,Entry
143,25,7,1,Medical,Male,Married,No,4,2,1,Research & Development,Research Scientist,4,2889,1,No,3,2,2,2,2,Entry
144,22,15,3,Medical,Female,Single,No,2,3,1,Research & Development,Laboratory Technician,4,2871,1,No,3,1,0,0,0,Entry
145,51,1,4,Medical,Female,Single,No,1,2,3,Research & Development,Healthcare Representative,1,7484,3,No,4,23,13,12,12,Senior
147,34,7,3,Life Sciences,Male,Single,Yes,1,1,2,Research & Development,Laboratory Technician,3,6074,1,Yes,4,9,9,7,0,Entry
148,54,26,3,Human Resources,Female,Single,No,4,4,4,Human Resources,Manager,4,17328,2,Yes,3,23,5,3,4,Senior
150,24,18,1,Life Sciences,Male,Married,No,2,3,1,Research & Development,Laboratory Technician,3,2774,0,No,3,6,5,3,1,Entry
151,34,6,4,Life Sciences,Female,Divorced,No,3,2,2,Research & Development,Research Scientist,2,4505,6,No,3,12,1,0,0,Intermediate
152,37,3,3,Life Sciences,Male,Single,No,3,3,3,Sales,Sales Executive,4,7428,2,No,3,12,5,3,1,Intermediate
153,34,5,3,Medical,Female,Single,No,3,2,3,Research & Development,Manager,1,11631,2,No,3,14,11,10,5,Intermediate
154,36,11,2,Technical Degree,Female,Married,No,2,3,3,Sales,Sales Executive,4,9738,0,No,3,10,9,7,2,Intermediate
155,36,3,2,Life Sciences,Female,Divorced,No,1,3,1,Research & Development,Laboratory Technician,4,2835,5,No,4,7,1,0,0,Entry
158,43,26,2,Life Sciences,Male,Married,No,3,3,4,Sales,Manager,4,16959,1,Yes,3,25,25,12,4,Senior
159,30,23,3,Life Sciences,Male,Divorced,No,1,1,1,Research & Development,Research Scientist,3,2613,1,No,4,10,10,7,0,Intermediate
160,33,22,2,Marketing,Male,Married,No,3,3,2,Sales,Sales Executive,2,6146,0,No,3,8,7,7,0,Entry
161,56,14,4,Life Sciences,Female,Married,Yes,2,3,1,Research & Development,Research Scientist,2,4963,9,Yes,3,7,5,4,4,Entry
162,51,6,3,Life Sciences,Male,Single,No,1,3,5,Research & Development,Research Director,3,19537,7,No,3,23,20,18,15,Senior
163,31,6,4,Life Sciences,Male,Married,Yes,2,1,2,Sales,Sales Executive,3,6172,4,Yes,3,12,7,7,7,Intermediate
164,26,6,3,Other,Female,Married,No,3,2,1,Research & Development,Research Scientist,2,2368,1,No,3,5,5,4,4,Entry
165,58,23,4,Medical,Female,Married,Yes,4,3,3,Research & Development,Healthcare Representative,4,10312,1,No,3,40,40,10,15,Senior
167,19,22,1,Marketing,Male,Single,Yes,4,3,1,Sales,Sales Representative,3,1675,1,Yes,3,0,0,0,0,Entry
169,22,2,1,Technical Degree,Male,Married,No,3,3,1,Research & Development,Laboratory Technician,4,2523,0,No,3,3,2,1,2,Entry
170,49,20,4,Medical,Female,Married,No,3,3,2,Research & Development,Manufacturing Director,1,6567,1,No,3,16,15,11,5,Senior
171,43,28,3,Medical,Female,Single,No,2,4,1,Research & Development,Research Scientist,3,4739,4,No,3,18,3,2,1,Senior
174,50,12,3,Marketing,Female,Single,No,3,3,3,Sales,Sales Executive,4,9208,4,No,3,16,2,2,2,Senior
175,31,20,3,Life Sciences,Female,Married,Yes,2,1,2,Sales,Sales Executive,3,4559,3,Yes,3,4,2,2,2,Entry
176,41,9,1,Life Sciences,Male,Divorced,No,3,3,3,Sales,Sales Executive,3,8189,3,Yes,3,12,9,7,0,Intermediate
177,26,25,1,Life Sciences,Female,Married,No,3,3,1,Human Resources,Human Resources,3,2942,1,No,4,8,8,7,5,Entry
178,36,6,2,Medical,Male,Divorced,No,2,3,2,Research & Development,Manufacturing Director,2,4941,6,No,4,7,3,2,0,Entry
179,51,8,4,Life Sciences,Male,Single,Yes,1,1,3,Research & Development,Manufacturing Director,4,10650,2,No,3,18,4,2,0,Senior
182,39,4,4,Life Sciences,Female,Married,No,4,2,2,Sales,Sales Executive,3,5902,4,No,3,17,15,11,5,Senior
183,25,28,3,Life Sciences,Male,Married,No,1,2,2,Sales,Sales Executive,3,8639,2,No,3,6,2,2,2,Entry
184,30,9,3,Human Resources,Male,Married,No,3,3,2,Human Resources,Human Resources,4,6347,0,Yes,3,12,11,9,4,Intermediate
190,32,9,3,Medical,Female,Single,Yes,1,3,1,Research & Development,Laboratory Technician,1,4200,7,No,4,10,5,4,0,Intermediate
192,45,29,3,Medical,Male,Single,No,3,3,1,Research & Development,Research Scientist,4,3452,5,No,3,9,6,5,0,Entry
193,38,3,5,Technical Degree,Female,Single,No,4,3,2,Research & Development,Research Scientist,3,4317,3,Yes,4,19,3,2,2,Senior
194,30,18,3,Life Sciences,Female,Single,No,1,3,1,Research & Development,Research Scientist,3,2632,1,No,3,5,5,4,0,Entry
195,32,9,2,Medical,Male,Divorced,No,4,1,2,Sales,Sales Executive,4,4668,0,No,3,9,8,7,0,Entry
197,30,5,3,Technical Degree,Female,Divorced,No,4,3,1,Research & Development,Research Scientist,1,3204,5,No,3,8,3,2,2,Entry
198,30,2,1,Medical,Male,Single,No,2,2,1,Research & Development,Laboratory Technician,4,2720,0,No,3,6,5,3,1,Entry
199,41,10,3,Life Sciences,Male,Divorced,No,4,2,4,Research & Development,Manager,1,17181,4,No,3,21,7,6,7,Senior
200,41,9,4,Life Sciences,Male,Married,No,3,3,1,Research & Development,Laboratory Technician,1,2238,2,No,4,7,5,0,1,Entry
201,19,3,1,Medical,Female,Single,No,2,3,1,Research & Development,Laboratory Technician,2,1483,1,No,3,1,1,0,0,Entry
202,40,26,3,Medical,Female,Divorced,No,2,3,2,Research & Development,Research Scientist,2,5605,1,No,3,20,20,7,2,Senior
204,35,1,5,Marketing,Male,Married,No,3,3,3,Sales,Sales Executive,2,7295,1,No,3,10,10,8,0,Intermediate
205,53,6,2,Marketing,Male,Married,No,2,3,2,Sales,Sales Representative,3,2306,2,Yes,4,13,7,7,4,Intermediate
206,45,9,3,Life Sciences,Male,Divorced,No,2,3,2,Research & Development,Laboratory Technician,2,2348,8,No,3,20,17,9,0,Senior
207,32,8,3,Marketing,Female,Single,No,2,3,3,Sales,Sales Executive,4,8998,1,No,3,9,9,8,3,Entry
208,29,1,1,Technical Degree,Male,Married,No,4,3,2,Research & Development,Manufacturing Director,3,4319,1,No,3,10,10,7,0,Intermediate
211,51,7,4,Medical,Male,Married,No,2,2,2,Research & Development,Manufacturing Director,3,6132,2,No,3,10,1,0,0,Intermediate
214,58,9,3,Medical,Female,Married,No,2,2,1,Research & Development,Research Scientist,2,3346,4,Yes,4,9,1,0,0,Entry
215,40,4,4,Marketing,Male,Married,No,3,2,3,Sales,Sales Executive,4,10855,7,No,3,15,12,11,2,Entry
216,34,2,4,Marketing,Female,Married,No,3,3,1,Sales,Sales Representative,3,2231,6,No,3,6,4,3,1,Entry
217,22,19,1,Medical,Male,Married,No,3,3,1,Research & Development,Research Scientist,4,2323,1,No,4,2,2,2,2,Entry
218,27,9,3,Medical,Male,Divorced,No,4,3,1,Research & Development,Research Scientist,2,2024,6,No,3,6,2,2,2,Entry
221,28,21,3,Medical,Male,Married,No,3,3,1,Research & Development,Research Scientist,4,2713,1,No,3,5,5,2,0,Entry
223,57,24,2,Life Sciences,Male,Divorced,No,3,4,3,Research & Development,Healthcare Representative,4,9439,3,Yes,3,12,5,3,1,Intermediate
224,27,3,3,Medical,Male,Divorced,No,3,2,1,Research & Development,Research Scientist,3,2566,1,Yes,3,1,1,1,0,Entry
226,50,11,3,Life Sciences,Female,Single,No,3,3,5,Research & Development,Manager,2,19926,3,No,3,21,5,4,4,Senior
227,41,14,3,Life Sciences,Male,Divorced,No,1,3,1,Research & Development,Research Scientist,3,2451,4,No,3,13,9,8,1,Intermediate
228,30,5,3,Life Sciences,Female,Married,No,2,3,3,Sales,Sales Executive,4,9419,2,No,3,12,10,9,7,Intermediate
230,38,1,4,Life Sciences,Female,Single,No,1,2,2,Sales,Sales Executive,4,8686,4,No,4,12,8,3,0,Intermediate
231,32,6,5,Life Sciences,Male,Single,No,3,3,1,Research & Development,Research Scientist,3,3038,3,No,4,8,5,4,1,Entry
233,27,17,3,Technical Degree,Male,Married,No,3,3,1,Research & Development,Research Scientist,2,3058,0,Yes,3,6,5,2,1,Entry
235,19,1,1,Technical Degree,Female,Single,Yes,3,1,1,Sales,Sales Representative,1,2325,0,No,4,1,0,0,0,Entry
238,36,3,2,Medical,Male,Single,No,4,3,1,Research & Development,Laboratory Technician,2,2088,4,No,3,13,8,7,7,Intermediate
239,30,9,3,Medical,Male,Divorced,No,3,3,2,Research & Development,Laboratory Technician,1,3072,1,No,3,12,12,9,6,Intermediate
240,45,4,2,Life Sciences,Female,Divorced,No,3,3,2,Sales,Sales Executive,1,5006,4,Yes,3,9,5,4,0,Entry
241,56,8,3,Life Sciences,Female,Divorced,No,3,3,1,Research & Development,Research Scientist,1,4257,4,Yes,3,19,2,2,2,Senior
242,33,2,3,Life Sciences,Male,Single,No,3,3,1,Research & Development,Research Scientist,4,2500,0,No,3,4,3,1,0,Entry
243,19,2,3,Life Sciences,Male,Single,Yes,2,2,1,Research & Development,Laboratory Technician,4,1102,1,No,4,1,1,0,1,Entry
244,46,1,2,Marketing,Female,Divorced,No,2,3,3,Sales,Sales Executive,1,10453,1,No,4,24,24,13,15,Senior
245,38,9,2,Life Sciences,Female,Single,No,3,3,1,Research & Development,Laboratory Technician,4,2288,1,No,3,2,2,2,2,Entry
246,31,12,1,Medical,Female,Married,No,3,3,1,Research & Development,Research Scientist,4,3929,8,Yes,4,7,4,2,0,Entry
247,34,27,2,Medical,Female,Single,No,4,3,1,Research & Development,Research Scientist,2,2311,2,No,3,9,3,2,1,Entry
248,41,20,2,Marketing,Female,Single,Yes,2,3,1,Sales,Sales Representative,2,3140,1,Yes,4,4,4,3,0,Entry
249,50,1,3,Medical,Male,Married,No,3,2,1,Research & Development,Laboratory Technician,3,3690,2,No,3,5,3,2,0,Entry
250,53,13,2,Medical,Female,Divorced,No,4,4,2,Research & Development,Manufacturing Director,1,4450,1,No,3,5,4,2,1,Entry
252,33,14,3,Medical,Female,Married,No,4,3,1,Research & Development,Research Scientist,2,2756,1,No,3,8,8,7,1,Entry
253,40,4,1,Medical,Female,Married,No,4,3,5,Research & Development,Manager,3,19033,1,No,3,21,20,8,9,Senior
254,55,14,4,Medical,Male,Single,No,3,4,5,Research & Development,Research Director,2,18722,8,No,3,36,24,15,2,Senior
256,34,2,1,Life Sciences,Male,Married,No,4,2,2,Research & Development,Manufacturing Director,3,9547,1,No,3,10,10,9,1,Intermediate
258,51,3,3,Medical,Female,Single,No,4,3,4,Research & Development,Healthcare Representative,2,13734,3,No,3,21,7,7,1,Senior
259,52,1,4,Life Sciences,Male,Married,No,3,2,5,Research & Development,Manager,3,19999,0,No,3,34,33,18,11,Senior
260,27,9,3,Medical,Female,Single,No,4,3,1,Research & Development,Research Scientist,2,2279,1,No,3,7,7,7,0,Entry
261,35,23,2,Life Sciences,Male,Married,Yes,2,2,2,Research & Development,Manufacturing Director,3,5916,3,Yes,3,8,1,0,0,Entry
262,43,7,3,Medical,Male,Divorced,No,4,4,1,Research & Development,Research Scientist,4,2089,4,No,3,7,5,4,2,Entry
264,45,2,2,Medical,Male,Married,No,1,2,4,Research & Development,Manager,4,16792,9,No,4,22,20,8,11,Senior
267,37,21,3,Life Sciences,Male,Married,No,2,4,1,Research & Development,Research Scientist,1,3564,1,Yes,3,8,8,7,1,Entry
269,35,2,3,Medical,Female,Single,No,2,3,2,Research & Development,Laboratory Technician,2,4425,5,No,3,10,6,2,1,Intermediate
270,42,21,2,Medical,Female,Divorced,No,3,3,2,Research & Development,Manufacturing Director,3,5265,2,No,3,11,5,3,0,Intermediate
271,38,2,4,Life Sciences,Male,Married,No,4,3,2,Research & Development,Manufacturing Director,3,6553,9,No,3,14,1,0,0,Intermediate
273,38,29,3,Technical Degree,Male,Married,No,4,3,2,Research & Development,Manufacturing Director,4,6261,3,No,3,9,7,7,1,Entry
274,27,1,1,Technical Degree,Male,Married,No,3,2,2,Research & Development,Manufacturing Director,1,4298,5,No,3,6,2,2,2,Entry
275,49,18,4,Life Sciences,Male,Divorced,No,4,3,2,Research & Development,Manufacturing Director,4,6804,1,Yes,3,7,7,7,1,Entry
277,34,10,4,Medical,Male,Divorced,No,4,3,1,Research & Development,Research Scientist,3,3815,1,Yes,3,5,5,3,2,Entry
281,40,19,2,Medical,Male,Married,No,3,3,2,Research & Development,Laboratory Technician,4,2741,8,Yes,3,15,7,2,3,Entry
282,38,29,1,Medical,Male,Married,Yes,2,3,2,Research & Development,Healthcare Representative,1,6673,7,Yes,3,17,1,0,0,Senior
283,29,27,3,Marketing,Female,Married,Yes,2,3,3,Sales,Sales Executive,4,7639,1,No,4,10,10,4,1,Intermediate
284,22,5,3,Life Sciences,Male,Divorced,No,4,4,1,Research & Development,Research Scientist,2,2328,1,Yes,3,4,4,2,2,Entry
286,36,18,1,Medical,Female,Single,No,2,3,1,Research & Development,Laboratory Technician,4,2153,1,No,3,8,8,1,1,Entry
287,40,9,5,Life Sciences,Male,Married,No,4,2,2,Research & Development,Healthcare Representative,4,4876,9,No,3,5,3,2,0,Entry
288,46,1,4,Medical,Male,Divorced,No,4,3,3,Research & Development,Healthcare Representative,1,9396,7,No,3,17,4,2,0,Senior
291,32,4,4,Medical,Male,Married,Yes,4,1,3,Sales,Sales Executive,4,10400,1,No,3,14,14,8,9,Intermediate
292,30,1,1,Life Sciences,Male,Single,No,3,2,3,Research & Development,Manufacturing Director,3,8474,1,No,4,12,11,8,5,Intermediate
293,27,20,3,Life Sciences,Female,Single,No,4,3,2,Sales,Sales Executive,3,9981,1,No,3,7,7,7,0,Entry
296,51,8,4,Life Sciences,Male,Married,No,2,2,3,Research & Development,Research Director,2,12490,5,No,3,16,10,9,4,Senior
297,30,3,3,Technical Degree,Female,Single,Yes,4,3,1,Research & Development,Research Scientist,1,2657,5,Yes,3,8,5,2,0,Entry
298,41,6,3,Life Sciences,Female,Single,No,4,3,3,Sales,Manager,4,13591,3,Yes,3,16,1,0,0,Senior
299,30,26,4,Marketing,Female,Single,Yes,3,2,2,Sales,Sales Executive,1,6696,5,No,3,9,6,3,0,Entry
300,29,1,3,Technical Degree,Male,Single,Yes,3,3,1,Research & Development,Research Scientist,3,2058,0,No,3,7,6,2,1,Entry
302,45,6,3,Medical,Female,Single,No,4,2,3,Sales,Sales Executive,4,8865,6,No,3,23,19,7,12,Senior
303,54,3,3,Marketing,Female,Married,No,4,3,2,Sales,Sales Executive,1,5940,2,No,3,16,6,2,0,Senior
304,36,5,2,Life Sciences,Male,Single,No,4,3,2,Research & Development,Laboratory Technician,2,5914,8,No,3,16,13,11,3,Senior
305,33,4,4,Medical,Female,Married,No,3,2,1,Research & Development,Research Scientist,2,2622,6,No,4,7,3,2,1,Entry
306,37,11,3,Other,Male,Divorced,No,2,3,3,Research & Development,Research Director,4,12185,1,Yes,3,10,10,8,0,Intermediate
307,38,3,3,Life Sciences,Male,Divorced,No,1,3,3,Sales,Sales Executive,3,10609,0,No,3,17,16,10,5,Senior
308,31,1,4,Medical,Male,Married,No,3,1,2,Research & Development,Manufacturing Director,3,4345,0,No,3,6,5,4,1,Entry
309,59,3,3,Life Sciences,Male,Married,No,3,2,1,Research & Development,Research Scientist,4,2177,3,No,3,7,1,0,0,Entry
311,37,4,4,Marketing,Male,Divorced,No,1,3,1,Sales,Sales Representative,4,2793,4,No,3,13,9,8,5,Intermediate
312,29,1,1,Medical,Female,Married,No,2,3,3,Sales,Sales Executive,4,7918,1,No,3,11,11,10,4,Intermediate
314,35,1,3,Marketing,Female,Single,No,3,3,3,Sales,Sales Executive,3,8789,1,No,3,10,10,7,0,Intermediate
315,29,18,1,Medical,Male,Single,Yes,3,2,1,Research & Development,Research Scientist,4,2389,1,Yes,3,4,4,3,0,Entry
316,52,2,3,Life Sciences,Female,Single,No,3,2,1,Research & Development,Laboratory Technician,4,3212,7,No,3,6,2,2,2,Entry
319,42,4,2,Technical Degree,Male,Married,No,3,3,5,Research & Development,Manager,4,19232,1,No,3,22,22,17,11,Senior
321,59,6,2,Medical,Male,Married,No,2,3,1,Human Resources,Human Resources,3,2267,8,No,3,7,2,2,2,Entry
323,50,1,4,Medical,Female,Divorced,No,4,3,5,Sales,Manager,4,19517,3,No,3,32,7,0,0,Senior
325,33,14,3,Medical,Male,Married,Yes,3,3,1,Research & Development,Laboratory Technician,4,2436,5,Yes,3,8,5,4,0,Entry
327,43,16,3,Marketing,Female,Married,No,4,3,4,Sales,Manager,4,16064,5,Yes,4,22,17,13,1,Senior
328,33,2,2,Life Sciences,Female,Married,Yes,1,3,1,Research & Development,Laboratory Technician,1,2707,7,No,4,13,9,7,1,Intermediate
329,52,2,4,Life Sciences,Male,Single,No,1,2,5,Sales,Manager,3,19068,1,Yes,3,33,33,7,15,Senior
330,32,4,2,Life Sciences,Female,Married,No,3,3,1,Sales,Sales Representative,2,3931,2,No,3,6,4,3,1,Entry
331,32,1,3,Life Sciences,Male,Single,Yes,4,2,1,Research & Development,Laboratory Technician,3,3730,0,Yes,3,4,3,2,1,Entry
332,39,1,4,Medical,Female,Divorced,No,3,3,1,Research & Development,Laboratory Technician,3,2232,7,No,3,7,3,2,1,Entry
333,32,26,4,Marketing,Male,Married,No,3,3,2,Sales,Sales Executive,4,4465,0,No,3,4,3,2,2,Entry
334,41,19,2,Life Sciences,Male,Divorced,No,3,3,2,Research & Development,Research Scientist,1,3072,2,No,3,17,1,0,0,Senior
335,40,24,2,Technical Degree,Male,Divorced,No,1,3,2,Research & Development,Research Scientist,4,3319,1,No,3,9,9,8,4,Entry
336,45,1,3,Other,Male,Married,No,3,4,5,Research & Development,Manager,4,19202,0,No,3,25,24,0,1,Senior
337,31,3,4,Medical,Male,Divorced,No,2,3,3,Research & Development,Research Director,3,13675,9,No,3,9,2,2,2,Entry
338,33,5,4,Life Sciences,Female,Married,No,3,2,1,Research & Development,Research Scientist,4,2911,1,No,3,2,2,2,0,Entry
339,34,2,4,Life Sciences,Male,Married,No,4,2,2,Research & Development,Manufacturing Director,1,5957,6,No,3,13,11,9,5,Intermediate
340,37,1,2,Medical,Female,Married,No,3,2,1,Research & Development,Research Scientist,1,3920,2,No,3,17,3,1,0,Senior
341,45,7,4,Life Sciences,Male,Married,No,1,4,2,Research & Development,Manufacturing Director,3,6434,4,No,3,9,3,2,0,Entry
342,37,10,3,Medical,Male,Divorced,Yes,1,3,3,Research & Development,Manufacturing Director,3,10048,6,No,3,17,1,0,0,Senior
343,39,2,4,Technical Degree,Female,Single,No,3,3,3,Research & Development,Healthcare Representative,3,10938,0,No,4,20,19,6,11,Senior
346,29,15,3,Life Sciences,Male,Single,No,3,3,1,Research & Development,Research Scientist,4,2340,1,No,3,6,6,5,1,Entry
347,42,17,2,Life Sciences,Female,Single,No,4,4,2,Research & Development,Research Scientist,1,6545,3,Yes,3,10,3,2,0,Intermediate
349,29,20,2,Marketing,Male,Divorced,No,4,3,2,Sales,Sales Executive,4,6931,2,No,3,10,3,2,0,Intermediate
350,25,1,3,Life Sciences,Female,Married,No,1,3,2,Research & Development,Manufacturing Director,3,4898,0,No,3,5,4,2,1,Entry
351,42,2,3,Medical,Female,Divorced,No,4,2,1,Research & Development,Laboratory Technician,1,2593,0,Yes,3,10,9,6,7,Intermediate
352,40,2,2,Medical,Male,Divorced,No,1,3,5,Research & Development,Research Director,3,19436,0,No,3,22,21,7,3,Senior
353,51,1,3,Life Sciences,Male,Married,No,3,3,1,Research & Development,Research Scientist,4,2723,1,No,3,1,1,0,0,Entry
355,31,29,2,Medical,Male,Single,Yes,3,2,1,Research & Development,Laboratory Technician,2,3479,0,No,3,6,5,4,1,Entry
359,32,7,3,Life Sciences,Male,Married,No,2,4,1,Research & Development,Laboratory Technician,2,2794,1,No,4,5,5,1,0,Entry
361,38,2,2,Life Sciences,Male,Married,No,4,2,2,Sales,Sales Executive,4,5249,3,No,3,13,8,7,7,Intermediate
362,32,2,1,Technical Degree,Male,Single,No,4,2,2,Research & Development,Laboratory Technician,1,2176,4,No,3,9,6,2,0,Entry
363,46,2,3,Technical Degree,Female,Married,No,3,1,4,Sales,Manager,2,16872,3,Yes,3,28,7,7,7,Senior
364,28,2,4,Life Sciences,Male,Single,Yes,1,3,1,Research & Development,Laboratory Technician,3,3485,2,No,3,5,0,0,0,Entry
366,29,2,3,Medical,Male,Married,No,1,2,2,Sales,Sales Executive,2,6644,2,No,3,10,0,0,0,Intermediate
367,31,23,3,Medical,Male,Married,No,2,2,2,Research & Development,Healthcare Representative,4,5582,0,No,4,10,9,0,7,Intermediate
369,25,5,2,Life Sciences,Male,Divorced,No,2,4,2,Research & Development,Healthcare Representative,1,4000,1,No,3,6,6,3,1,Entry
372,45,20,2,Medical,Male,Married,No,3,3,4,Research & Development,Healthcare Representative,4,13496,0,Yes,3,21,20,7,4,Senior
373,36,6,3,Life Sciences,Male,Married,No,4,3,1,Research & Development,Laboratory Technician,4,3210,0,No,3,16,15,13,10,Senior
374,55,1,3,Medical,Male,Single,No,4,3,5,Research & Development,Manager,1,19045,0,Yes,3,37,36,10,4,Senior
376,47,29,4,Life Sciences,Male,Married,Yes,1,3,3,Research & Development,Manager,2,11849,1,Yes,3,10,10,7,9,Intermediate
377,28,9,3,Medical,Male,Married,No,4,3,1,Research & Development,Research Scientist,4,2070,1,No,4,5,5,2,0,Entry
378,37,6,4,Medical,Male,Married,No,3,3,2,Sales,Sales Executive,4,6502,4,No,3,7,5,4,0,Entry
379,21,3,2,Medical,Male,Single,No,4,2,1,Research & Development,Research Scientist,3,3230,1,No,3,3,3,2,1,Entry
380,37,1,4,Medical,Female,Divorced,No,1,3,3,Research & Development,Research Director,4,13603,2,Yes,3,15,5,2,0,Entry
381,35,22,3,Life Sciences,Female,Divorced,No,2,4,3,Research & Development,Manager,2,11996,7,No,3,10,7,7,6,Intermediate
382,38,7,2,Medical,Female,Divorced,No,1,4,2,Sales,Sales Executive,1,5605,1,Yes,4,8,8,0,7,Entry
384,26,1,3,Life Sciences,Female,Divorced,No,3,3,2,Research & Development,Manufacturing Director,2,6397,1,No,4,6,6,5,1,Entry
385,50,4,1,Life Sciences,Male,Divorced,No,1,3,5,Research & Development,Research Director,2,19144,3,No,3,28,10,4,1,Senior
386,53,3,4,Medical,Male,Married,No,3,3,4,Research & Development,Research Director,3,17584,3,Yes,3,21,5,3,1,Senior
387,42,1,1,Life Sciences,Male,Married,No,2,3,2,Sales,Sales Executive,3,4907,1,No,4,20,20,16,11,Senior
388,29,2,2,Life Sciences,Male,Single,No,2,3,2,Sales,Sales Executive,4,4554,1,No,3,10,10,7,0,Intermediate
389,55,20,2,Technical Degree,Male,Married,No,2,3,2,Research & Development,Laboratory Technician,4,5415,3,Yes,3,12,10,7,0,Intermediate
390,26,11,2,Medical,Male,Married,No,1,3,2,Research & Development,Healthcare Representative,1,4741,1,Yes,3,5,5,3,3,Entry
391,37,1,3,Life Sciences,Female,Single,No,4,3,1,Research & Development,Research Scientist,4,2115,1,No,3,17,17,12,5,Senior
392,44,24,3,Life Sciences,Male,Divorced,Yes,4,3,1,Research & Development,Laboratory Technician,3,3161,3,Yes,4,19,1,0,0,Senior
393,38,23,4,Life Sciences,Male,Divorced,No,4,3,2,Research & Development,Healthcare Representative,4,5745,9,No,3,10,2,2,1,Intermediate
394,26,16,4,Medical,Male,Divorced,Yes,1,3,1,Research & Development,Laboratory Technician,2,2373,2,Yes,3,5,3,2,0,Entry
395,28,8,2,Life Sciences,Female,Single,No,4,3,1,Research & Development,Research Scientist,4,3310,1,No,4,5,5,3,0,Entry
396,49,10,4,Life Sciences,Female,Single,No,3,3,5,Research & Development,Research Director,1,18665,9,Yes,3,22,3,2,1,Senior
397,36,3,3,Technical Degree,Male,Single,No,3,3,2,Research & Development,Research Scientist,2,4485,4,No,3,10,8,0,7,Intermediate
399,31,5,3,Marketing,Female,Divorced,No,4,3,1,Sales,Sales Representative,2,2789,1,No,3,2,2,2,2,Entry
401,26,4,4,Marketing,Male,Single,Yes,4,2,2,Sales,Sales Executive,4,5828,1,Yes,3,8,8,7,7,Entry
403,37,9,3,Medical,Male,Married,No,2,3,1,Research & Development,Research Scientist,4,2326,1,Yes,3,4,4,2,1,Entry
404,42,26,3,Marketing,Female,Married,No,3,3,4,Sales,Sales Executive,2,13525,5,No,3,23,20,4,4,Senior
405,18,3,3,Life Sciences,Male,Single,Yes,3,3,1,Research & Development,Laboratory Technician,3,1420,1,No,3,0,0,0,0,Entry
406,35,16,3,Marketing,Male,Married,No,3,3,3,Sales,Sales Executive,2,8020,0,No,3,12,11,9,6,Intermediate
407,36,18,4,Life Sciences,Male,Married,No,3,4,1,Research & Development,Laboratory Technician,4,3688,4,No,3,4,1,0,0,Entry
408,51,2,3,Medical,Male,Divorced,No,4,1,2,Research & Development,Manufacturing Director,2,5482,5,No,3,13,4,1,1,Intermediate
410,41,2,4,Life Sciences,Male,Single,No,4,3,4,Sales,Manager,2,16015,1,No,3,22,22,10,0,Senior
411,18,10,3,Medical,Female,Single,No,4,2,1,Sales,Sales Representative,3,1200,1,No,3,0,0,0,0,Entry
412,28,16,2,Medical,Male,Single,No,2,4,2,Research & Development,Healthcare Representative,1,5661,0,No,3,9,8,3,0,Entry
416,31,7,3,Technical Degree,Male,Married,No,2,4,2,Sales,Sales Executive,4,6929,4,No,3,10,8,7,7,Intermediate
417,39,1,3,Medical,Male,Divorced,No,3,4,3,Research & Development,Healthcare Representative,4,9613,0,No,3,19,18,10,3,Senior
419,36,24,4,Life Sciences,Female,Married,No,2,3,2,Research & Development,Laboratory Technician,2,5674,7,No,3,11,9,8,0,Intermediate
420,32,7,3,Life Sciences,Male,Married,No,4,2,2,Sales,Sales Executive,3,5484,1,No,3,13,13,8,4,Intermediate
421,38,25,2,Life Sciences,Female,Married,No,1,2,3,Research & Development,Research Director,2,12061,3,No,3,19,10,8,0,Senior
422,58,1,4,Life Sciences,Male,Divorced,No,4,1,2,Research & Development,Healthcare Representative,3,5660,2,Yes,3,12,5,3,1,Intermediate
423,31,5,4,Technical Degree,Male,Married,No,3,3,1,Research & Development,Research Scientist,4,4821,0,Yes,3,6,5,2,0,Entry
424,31,2,3,Human Resources,Male,Married,No,1,2,2,Human Resources,Human Resources,1,6410,3,No,3,9,2,2,1,Entry
425,45,7,3,Life Sciences,Male,Divorced,No,1,3,3,Research & Development,Laboratory Technician,1,5210,1,No,3,24,24,9,9,Senior
426,31,2,4,Life Sciences,Male,Divorced,No,3,3,1,Research & Development,Research Scientist,4,2695,0,Yes,3,3,2,2,2,Entry
428,33,5,4,Life Sciences,Female,Married,No,4,3,3,Research & Development,Manager,2,11878,6,No,3,12,10,6,8,Intermediate
429,39,10,1,Medical,Male,Married,No,3,3,4,Research & Development,Manager,1,17068,1,Yes,3,21,21,9,11,Senior
430,43,10,4,Life Sciences,Female,Single,No,3,3,1,Research & Development,Laboratory Technician,4,2455,0,No,3,9,8,7,1,Entry
431,49,1,2,Technical Degree,Female,Single,No,3,2,4,Research & Development,Healthcare Representative,3,13964,7,Yes,3,25,7,1,0,Senior
433,52,8,4,Medical,Male,Married,Yes,3,2,2,Research & Development,Research Scientist,2,4941,2,No,3,11,8,2,7,Intermediate
434,27,5,3,Life Sciences,Female,Single,No,3,3,1,Research & Development,Research Scientist,2,2478,1,Yes,3,4,4,3,1,Entry
436,32,8,2,Technical Degree,Female,Married,No,3,2,2,Sales,Sales Executive,2,5228,1,Yes,3,13,13,12,11,Intermediate
437,27,2,3,Life Sciences,Male,Single,No,4,3,2,Sales,Sales Executive,3,4478,1,Yes,3,5,5,4,0,Entry
438,31,7,3,Marketing,Male,Divorced,No,4,3,2,Sales,Sales Executive,4,7547,4,No,3,13,7,7,1,Intermediate
439,32,2,4,Medical,Female,Single,No,1,4,2,Research & Development,Research Scientist,4,5055,7,No,3,10,7,7,0,Intermediate
440,28,2,4,Medical,Male,Married,Yes,1,1,1,Research & Development,Research Scientist,4,3464,5,Yes,3,5,3,2,2,Entry
441,30,28,2,Medical,Female,Married,No,4,3,2,Research & Development,Research Scientist,4,5775,1,No,3,11,10,8,1,Intermediate
442,31,7,2,Life Sciences,Female,Married,No,3,2,3,Research & Development,Manufacturing Director,3,8943,1,No,4,10,10,9,8,Intermediate
444,39,7,2,Medical,Male,Married,No,3,2,5,Research & Development,Manager,4,19272,1,No,3,21,21,9,13,Senior
445,39,3,2,Medical,Female,Married,Yes,4,3,2,Sales,Sales Executive,3,5238,4,Yes,3,12,1,0,0,Intermediate
446,33,10,3,Marketing,Male,Single,No,2,2,2,Sales,Sales Executive,4,4682,3,No,3,9,7,7,0,Entry
447,47,5,5,Life Sciences,Male,Married,No,4,3,5,Research & Development,Research Director,3,18300,4,No,3,21,3,2,1,Senior
448,43,10,4,Life Sciences,Female,Divorced,No,3,2,2,Research & Development,Laboratory Technician,3,5257,1,No,3,9,9,7,0,Entry
449,27,1,1,Marketing,Male,Married,No,3,3,2,Sales,Sales Executive,2,6349,0,Yes,3,6,5,4,1,Entry
450,54,20,4,Life Sciences,Female,Single,No,4,3,2,Research & Development,Research Scientist,3,4869,3,No,3,20,4,3,0,Senior
451,43,7,3,Life Sciences,Female,Married,No,3,3,3,Research & Development,Healthcare Representative,1,9985,8,No,3,10,1,0,0,Intermediate
452,45,8,4,Other,Male,Married,No,4,3,2,Research & Development,Research Scientist,4,3697,9,No,3,12,10,9,9,Intermediate
453,40,1,2,Medical,Male,Married,No,2,1,2,Sales,Sales Executive,4,7457,2,Yes,4,6,4,3,0,Entry
454,29,8,4,Other,Male,Married,Yes,2,1,1,Research & Development,Laboratory Technician,1,2119,1,Yes,3,7,7,7,0,Entry
455,29,9,5,Other,Male,Single,No,2,2,1,Research & Development,Laboratory Technician,4,3983,0,No,3,4,3,2,2,Entry
456,30,5,3,Marketing,Female,Divorced,No,4,2,2,Sales,Sales Executive,3,6118,1,No,3,10,10,9,1,Intermediate
458,27,8,4,Marketing,Female,Married,No,2,3,2,Sales,Sales Executive,2,6214,1,No,3,8,8,7,0,Entry
460,37,5,2,Medical,Male,Divorced,No,4,3,2,Research & Development,Manufacturing Director,4,6347,7,No,3,8,6,2,0,Entry
461,38,15,2,Life Sciences,Male,Divorced,No,3,2,3,Research & Development,Research Director,4,11510,0,Yes,3,12,11,10,2,Intermediate
462,31,7,4,Medical,Female,Single,No,3,3,3,Research & Development,Manufacturing Director,4,7143,1,Yes,3,11,11,9,4,Intermediate
463,29,10,1,Marketing,Female,Divorced,No,4,2,2,Sales,Sales Executive,2,8268,1,Yes,3,7,7,7,1,Entry
464,35,5,4,Technical Degree,Male,Single,No,3,3,3,Research & Development,Manufacturing Director,2,8095,0,No,3,17,16,6,0,Senior
465,23,26,1,Life Sciences,Male,Divorced,No,3,3,1,Research & Development,Research Scientist,4,2904,1,No,3,4,4,2,0,Entry
466,41,6,3,Medical,Male,Single,No,4,2,2,Research & Development,Manufacturing Director,2,6032,6,Yes,3,8,5,4,1,Entry
467,47,4,1,Medical,Male,Single,No,2,3,2,Sales,Sales Representative,3,2976,3,No,3,5,0,0,0,Entry
468,42,23,5,Life Sciences,Female,Single,No,1,3,4,Research & Development,Research Director,4,15992,2,No,3,16,1,0,0,Senior
469,29,2,3,Life Sciences,Male,Married,No,4,3,2,Sales,Sales Executive,3,4649,1,No,3,4,4,3,0,Entry
470,42,2,1,Technical Degree,Male,Divorced,No,3,3,1,Human Resources,Human Resources,3,2696,0,Yes,3,4,3,2,1,Entry
471,32,2,3,Medical,Female,Married,No,3,3,1,Research & Development,Laboratory Technician,2,2370,1,No,3,8,8,0,0,Entry
473,48,29,1,Medical,Female,Married,No,1,3,3,Sales,Manager,3,12504,3,No,4,15,0,0,0,Entry
474,37,6,3,Medical,Male,Divorced,No,3,4,2,Research & Development,Research Scientist,1,5974,4,Yes,3,13,7,7,6,Intermediate
475,30,25,2,Technical Degree,Female,Married,No,4,3,2,Sales,Sales Executive,3,4736,7,Yes,3,4,2,2,2,Entry
476,26,1,3,Life Sciences,Male,Married,No,3,3,2,Sales,Sales Executive,3,5296,1,No,3,8,8,7,7,Entry
477,42,2,4,Other,Male,Single,No,1,2,2,Research & Development,Healthcare Representative,4,6781,3,No,4,14,1,0,0,Intermediate
478,21,1,1,Technical Degree,Female,Single,Yes,1,2,1,Sales,Sales Representative,2,2174,1,Yes,3,3,3,2,1,Entry
479,36,1,5,Medical,Female,Single,No,4,3,2,Sales,Sales Executive,4,6653,4,No,3,7,1,0,0,Entry
481,36,3,4,Medical,Male,Married,No,1,2,3,Sales,Sales Executive,4,9699,4,No,3,16,13,9,1,Senior
482,57,1,4,Medical,Male,Married,No,4,3,2,Research & Development,Healthcare Representative,3,6755,2,No,3,15,3,2,1,Entry
483,40,10,4,Life Sciences,Female,Married,No,4,4,1,Research & Development,Laboratory Technician,3,2213,3,Yes,3,10,7,7,1,Intermediate
484,21,9,2,Medical,Male,Single,No,1,3,1,Sales,Sales Representative,4,2610,1,No,4,3,3,2,2,Entry
485,33,5,3,Marketing,Female,Single,Yes,4,3,1,Sales,Sales Representative,3,2851,1,Yes,3,1,1,0,0,Entry
486,37,10,3,Medical,Female,Married,No,3,3,1,Research & Development,Laboratory Technician,1,3452,6,No,4,17,5,4,0,Senior
487,46,7,4,Medical,Female,Married,No,3,3,2,Research & Development,Manufacturing Director,3,5258,2,No,3,7,1,0,0,Entry
488,41,4,3,Marketing,Male,Single,Yes,1,3,2,Sales,Sales Executive,2,9355,1,No,3,8,8,7,7,Entry
491,50,10,3,Technical Degree,Male,Single,No,4,2,3,Research & Development,Healthcare Representative,4,10496,6,No,3,20,4,3,1,Senior
492,40,22,2,Marketing,Male,Married,Yes,3,2,2,Sales,Sales Executive,3,6380,2,Yes,3,8,6,4,1,Entry
493,31,9,4,Life Sciences,Male,Single,No,3,2,1,Research & Development,Research Scientist,2,2657,0,Yes,3,3,2,2,2,Entry
494,21,12,3,Life Sciences,Female,Single,Yes,3,4,1,Sales,Sales Representative,2,2716,1,No,3,1,1,0,0,Entry
495,29,23,3,Life Sciences,Male,Single,No,4,3,1,Research & Development,Research Scientist,4,2201,9,No,3,6,3,2,1,Entry
496,35,9,4,Life Sciences,Male,Single,No,3,2,2,Research & Development,Healthcare Representative,2,6540,9,No,3,10,1,1,0,Intermediate
497,27,1,2,Medical,Male,Divorced,No,4,3,1,Research & Development,Laboratory Technician,2,3816,1,No,3,5,5,2,0,Entry
498,28,9,4,Life Sciences,Male,Single,No,2,3,2,Sales,Sales Executive,4,5253,1,No,3,7,7,5,0,Entry
499,49,7,3,Other,Male,Single,No,2,2,3,Research & Development,Healthcare Representative,3,10965,8,No,4,26,5,2,0,Senior
500,51,14,2,Life Sciences,Female,Married,No,3,3,2,Sales,Sales Executive,4,4936,4,No,3,18,7,7,0,Senior
501,36,2,3,Life Sciences,Female,Married,No,4,3,1,Research & Development,Research Scientist,3,2543,4,No,3,6,2,2,2,Entry
502,34,19,3,Marketing,Male,Single,Yes,1,4,2,Sales,Sales Executive,4,5304,8,Yes,3,9,5,2,0,Entry
505,55,2,3,Life Sciences,Female,Single,No,3,3,4,Research & Development,Manager,4,16659,2,Yes,3,30,5,4,1,Senior
507,24,10,4,Marketing,Female,Divorced,No,4,3,2,Sales,Sales Executive,3,4260,1,Yes,3,5,5,2,0,Entry
508,30,2,1,Technical Degree,Male,Married,No,3,3,1,Sales,Sales Representative,2,2476,1,No,3,1,1,0,0,Entry
510,26,3,1,Technical Degree,Male,Single,Yes,3,3,1,Research & Development,Research Scientist,1,3102,0,No,4,7,6,4,0,Entry
511,22,11,3,Medical,Female,Married,No,1,3,1,Research & Development,Research Scientist,2,2244,1,No,3,2,2,1,1,Entry
513,36,2,2,Medical,Male,Married,No,2,2,3,Sales,Sales Executive,3,7596,1,No,3,10,10,9,9,Intermediate
514,30,4,3,Technical Degree,Male,Single,Yes,3,3,1,Research & Development,Research Scientist,4,2285,9,Yes,4,3,1,0,0,Entry
515,37,14,3,Life Sciences,Female,Divorced,No,4,3,1,Research & Development,Laboratory Technician,1,3034,1,No,3,18,18,7,12,Senior
516,40,2,2,Marketing,Female,Divorced,No,4,3,2,Sales,Sales Executive,2,5715,7,No,3,8,5,4,1,Entry
517,42,1,4,Life Sciences,Female,Divorced,No,2,3,1,Research & Development,Laboratory Technician,1,2576,3,No,3,8,5,2,1,Entry
518,37,10,4,Life Sciences,Male,Single,No,3,3,2,Research & Development,Manufacturing Director,2,4197,2,Yes,3,18,1,0,0,Senior
520,43,12,3,Life Sciences,Male,Divorced,No,1,2,4,Research & Development,Research Director,2,14336,1,No,3,25,25,10,3,Senior
521,40,2,3,Medical,Female,Married,No,2,2,2,Research & Development,Laboratory Technician,3,3448,6,No,4,20,1,0,0,Senior
522,54,5,2,Medical,Male,Married,No,1,3,5,Research & Development,Research Director,1,19406,4,No,3,24,4,2,1,Senior
523,34,4,4,Marketing,Female,Married,No,3,3,2,Sales,Sales Executive,3,6538,9,No,3,6,3,2,1,Entry
524,31,7,2,Medical,Female,Married,No,2,3,2,Research & Development,Manufacturing Director,1,4306,1,No,3,13,13,10,3,Intermediate
525,43,21,3,Medical,Male,Married,No,4,3,1,Research & Development,Laboratory Technician,4,2258,7,No,4,8,3,2,1,Entry
526,43,8,4,Other,Female,Divorced,No,3,3,2,Research & Development,Healthcare Representative,3,4522,4,Yes,3,8,5,2,0,Entry
527,25,4,2,Life Sciences,Female,Single,No,2,2,2,Sales,Sales Executive,4,4487,1,Yes,3,5,5,4,1,Entry
529,37,25,5,Medical,Female,Married,No,2,3,2,Research & Development,Research Scientist,3,4449,3,Yes,3,15,13,11,10,Entry
530,31,1,2,Life Sciences,Male,Married,No,4,2,1,Research & Development,Laboratory Technician,1,2218,1,No,3,4,4,2,3,Entry
531,39,1,1,Life Sciences,Male,Divorced,No,2,3,5,Research & Development,Manager,3,19197,1,Yes,3,21,21,8,1,Senior
532,56,6,3,Life Sciences,Female,Married,No,3,4,4,Sales,Sales Executive,1,13212,9,No,3,36,7,7,7,Senior
533,30,12,3,Technical Degree,Female,Single,No,2,3,2,Sales,Sales Executive,3,6577,0,No,3,6,5,4,4,Entry
534,41,1,3,Marketing,Male,Married,No,2,4,3,Sales,Sales Executive,1,8392,1,No,3,10,10,7,0,Intermediate
536,28,17,2,Medical,Male,Divorced,No,3,3,2,Research & Development,Laboratory Technician,1,4558,1,No,3,10,10,0,1,Intermediate
538,25,3,3,Medical,Male,Married,Yes,1,3,1,Research & Development,Laboratory Technician,1,4031,5,No,3,6,2,2,0,Entry
543,52,3,3,Medical,Male,Married,No,4,2,3,Research & Development,Manufacturing Director,3,7969,2,Yes,3,28,5,4,0,Senior
544,45,10,2,Life Sciences,Male,Married,No,1,3,1,Research & Development,Research Scientist,4,2654,3,No,4,8,2,2,0,Entry
546,52,4,2,Life Sciences,Female,Married,No,4,3,4,Research & Development,Manager,4,16555,2,No,3,31,5,2,1,Senior
547,42,29,2,Life Sciences,Female,Divorced,No,1,3,2,Research & Development,Research Scientist,3,4556,2,No,3,19,5,4,0,Senior
548,30,2,3,Life Sciences,Female,Single,No,3,1,2,Research & Development,Manufacturing Director,4,6091,2,No,4,11,5,4,0,Intermediate
549,60,7,3,Life Sciences,Female,Married,No,1,3,5,Research & Development,Manager,1,19566,5,No,3,33,29,8,11,Senior
550,46,18,3,Medical,Female,Divorced,No,3,3,2,Research & Development,Manufacturing Director,3,4810,2,No,3,19,10,7,0,Senior
551,42,28,4,Technical Degree,Female,Married,No,4,2,2,Research & Development,Healthcare Representative,4,4523,0,No,3,7,6,5,0,Entry
554,24,1,1,Technical Degree,Female,Single,Yes,1,3,1,Sales,Sales Representative,2,3202,1,Yes,3,6,5,3,1,Entry
555,34,6,2,Marketing,Female,Divorced,Yes,4,1,1,Sales,Sales Representative,3,2351,0,No,3,3,2,2,1,Entry
556,38,2,2,Life Sciences,Male,Married,No,4,3,1,Research & Development,Laboratory Technician,4,1702,1,Yes,4,1,1,0,0,Entry
558,40,2,4,Life Sciences,Female,Married,No,3,3,5,Sales,Manager,3,18041,0,No,3,21,20,15,1,Senior
560,26,23,3,Life Sciences,Female,Divorced,No,1,3,1,Research & Development,Research Scientist,4,2886,1,No,4,3,3,2,0,Entry
562,30,3,3,Life Sciences,Male,Married,No,3,3,1,Research & Development,Laboratory Technician,4,2097,4,No,3,9,5,3,1,Entry
564,29,3,4,Medical,Male,Married,No,2,2,3,Research & Development,Research Director,3,11935,1,No,3,10,10,2,0,Intermediate
565,29,25,5,Technical Degree,Female,Married,Yes,3,2,1,Research & Development,Research Scientist,2,2546,5,No,3,6,2,2,1,Entry
566,19,2,2,Technical Degree,Male,Single,Yes,1,2,1,Human Resources,Human Resources,4,2564,1,No,3,1,1,0,0,Entry
567,30,22,4,Other,Female,Married,No,3,3,3,Sales,Sales Executive,1,8412,0,No,3,10,9,8,7,Intermediate
568,57,29,3,Marketing,Male,Divorced,No,1,2,4,Sales,Manager,4,14118,3,No,3,32,1,0,0,Senior
569,50,29,4,Life Sciences,Male,Married,No,2,2,4,Research & Development,Manager,3,17046,0,No,3,28,27,10,15,Senior
571,30,2,3,Medical,Female,Single,No,3,3,1,Research & Development,Laboratory Technician,4,2564,0,No,3,12,11,7,6,Intermediate
573,60,28,3,Marketing,Female,Married,No,3,2,3,Sales,Sales Executive,1,10266,4,No,3,22,18,13,13,Senior
574,47,2,2,Medical,Female,Divorced,No,1,3,2,Research & Development,Manufacturing Director,4,5070,5,No,3,20,5,0,0,Senior
575,46,2,3,Life Sciences,Male,Married,No,1,3,4,Research & Development,Research Director,3,17861,6,No,3,26,3,2,0,Senior
577,35,22,3,Life Sciences,Male,Single,No,4,1,1,Research & Development,Laboratory Technician,3,4230,0,No,3,6,5,4,4,Entry
578,54,8,4,Life Sciences,Female,Single,No,3,3,2,Research & Development,Laboratory Technician,3,3780,7,No,3,19,1,0,0,Senior
579,34,2,4,Life Sciences,Male,Divorced,No,4,2,1,Research & Development,Research Scientist,3,2768,3,No,3,14,7,3,5,Intermediate
580,46,10,3,Marketing,Female,Married,No,3,2,3,Sales,Sales Executive,4,9071,2,Yes,3,15,3,2,1,Entry
581,31,9,1,Life Sciences,Male,Divorced,No,3,3,3,Research & Development,Manufacturing Director,2,10648,1,No,4,13,13,8,0,Intermediate
582,33,15,1,Medical,Male,Married,Yes,2,3,3,Research & Development,Manager,3,13610,7,Yes,3,15,7,6,7,Entry
584,33,10,1,Medical,Male,Divorced,Yes,1,1,1,Research & Development,Laboratory Technician,4,3408,7,No,3,8,4,3,1,Entry
585,30,7,1,Marketing,Male,Single,No,4,3,1,Sales,Sales Representative,2,2983,0,No,3,4,3,2,1,Entry
586,35,16,3,Life Sciences,Male,Married,No,4,3,3,Research & Development,Healthcare Representative,3,7632,4,Yes,3,10,8,7,0,Intermediate
587,31,20,3,Life Sciences,Male,Married,Yes,1,3,3,Research & Development,Healthcare Representative,3,9824,3,No,3,12,1,0,0,Intermediate
590,34,23,3,Human Resources,Female,Divorced,Yes,2,3,3,Human Resources,Human Resources,1,9950,9,Yes,3,11,3,2,0,Intermediate
591,42,5,2,Other,Male,Married,No,2,3,1,Research & Development,Laboratory Technician,3,2093,4,No,3,8,2,2,2,Entry
592,36,10,4,Medical,Male,Single,No,2,3,3,Sales,Sales Executive,4,9980,1,No,3,10,10,3,9,Intermediate
593,22,4,1,Technical Degree,Male,Single,Yes,3,2,1,Research & Development,Laboratory Technician,3,3894,5,No,3,4,2,2,1,Entry
595,48,2,5,Marketing,Female,Married,No,2,3,2,Sales,Sales Executive,4,4051,2,No,3,14,9,7,6,Intermediate
597,55,18,5,Life Sciences,Female,Single,No,1,3,4,Sales,Manager,2,16835,3,No,4,37,10,9,7,Senior
599,41,10,2,Life Sciences,Male,Single,No,4,3,2,Sales,Sales Executive,4,6230,7,No,3,16,14,3,1,Senior
600,35,1,3,Marketing,Male,Married,No,2,3,2,Sales,Sales Executive,3,4717,9,No,3,15,11,9,6,Entry
601,40,6,3,Life Sciences,Female,Single,No,2,3,4,Research & Development,Manufacturing Director,3,13237,7,No,3,22,20,6,5,Senior
602,39,8,1,Life Sciences,Female,Married,No,3,3,1,Research & Development,Laboratory Technician,3,3755,1,No,3,8,8,3,0,Entry
604,31,2,1,Life Sciences,Male,Single,No,2,3,2,Sales,Sales Executive,4,6582,4,Yes,3,10,6,5,0,Intermediate
605,42,24,3,Medical,Male,Married,No,4,3,3,Research & Development,Manufacturing Director,1,7406,1,Yes,4,10,10,9,5,Intermediate
606,45,2,3,Other,Male,Married,No,4,3,2,Sales,Sales Executive,2,4805,0,No,3,9,8,7,3,Entry
608,26,17,4,Life Sciences,Female,Divorced,Yes,2,3,1,Human Resources,Human Resources,3,2741,0,Yes,3,8,7,7,1,Entry
611,29,19,3,Technical Degree,Male,Divorced,No,4,3,2,Research & Development,Manufacturing Director,4,4262,4,No,3,8,3,2,1,Entry
612,33,1,5,Medical,Female,Divorced,No,1,4,4,Research & Development,Research Director,3,16184,4,No,3,10,6,1,0,Intermediate
613,31,7,3,Life Sciences,Male,Divorced,No,3,2,3,Sales,Manager,4,11557,9,No,4,10,5,4,0,Intermediate
614,18,5,3,Marketing,Male,Single,Yes,2,3,1,Sales,Sales Representative,2,1878,1,Yes,3,0,0,0,0,Entry
615,40,28,3,Other,Male,Divorced,No,3,1,3,Sales,Sales Executive,1,10932,3,No,3,20,1,0,0,Senior
616,41,2,4,Other,Female,Single,No,1,2,2,Research & Development,Healthcare Representative,3,6811,2,Yes,3,10,8,7,0,Intermediate
618,26,29,2,Medical,Male,Divorced,No,1,3,2,Sales,Sales Executive,3,4306,5,No,3,8,0,0,0,Entry
620,35,1,3,Medical,Female,Single,No,1,3,2,Sales,Sales Executive,3,4859,1,No,3,5,5,4,0,Entry
621,34,21,4,Life Sciences,Male,Single,No,4,4,2,Sales,Sales Executive,4,5337,1,No,3,10,10,7,5,Intermediate
622,26,24,3,Technical Degree,Male,Single,Yes,3,1,1,Research & Development,Laboratory Technician,4,2340,1,Yes,3,1,1,0,0,Entry
623,37,1,3,Technical Degree,Female,Single,No,2,3,3,Research & Development,Manufacturing Director,4,7491,4,No,3,12,6,5,1,Intermediate
624,46,18,1,Medical,Female,Married,No,1,3,3,Research & Development,Healthcare Representative,3,10527,5,No,3,28,2,2,1,Senior
625,41,2,5,Life Sciences,Female,Married,No,2,3,4,Sales,Manager,1,16595,7,No,3,22,18,16,11,Senior
626,37,9,4,Medical,Male,Divorced,No,1,3,3,Sales,Sales Executive,2,8834,1,No,3,9,9,5,7,Entry
630,52,6,2,Technical Degree,Male,Divorced,No,4,3,2,Research & Development,Research Scientist,1,5577,3,Yes,3,18,10,9,6,Senior
631,32,11,4,Other,Male,Married,Yes,4,4,2,Sales,Sales Executive,3,4707,8,No,3,6,4,2,1,Entry
632,24,24,3,Medical,Male,Married,No,4,3,1,Sales,Sales Representative,4,2400,0,No,3,3,2,2,2,Entry
634,38,10,3,Medical,Female,Married,No,3,3,2,Research & Development,Healthcare Representative,3,9824,3,No,3,18,1,0,0,Senior
635,37,1,4,Life Sciences,Female,Married,No,2,3,2,Research & Development,Manufacturing Director,2,6447,6,No,3,8,6,5,4,Entry
638,49,18,4,Life Sciences,Male,Divorced,No,4,2,5,Research & Development,Research Director,3,19502,1,Yes,3,31,31,9,0,Senior
639,24,23,3,Medical,Male,Married,No,2,4,1,Research & Development,Research Scientist,4,2725,1,Yes,3,6,6,5,1,Entry
641,26,28,2,Marketing,Male,Married,No,1,3,2,Sales,Sales Executive,2,6272,1,No,4,6,5,3,1,Entry
643,24,17,2,Other,Male,Married,No,4,2,1,Research & Development,Laboratory Technician,2,2127,1,No,4,1,1,0,0,Entry
644,50,3,3,Medical,Male,Married,No,1,3,5,Human Resources,Manager,2,18200,1,No,3,32,32,5,10,Senior
645,25,13,1,Medical,Male,Married,No,2,3,1,Sales,Sales Representative,3,2096,1,No,3,7,7,4,0,Entry
647,24,7,3,Life Sciences,Female,Married,Yes,1,3,1,Research & Development,Laboratory Technician,3,2886,1,Yes,3,6,6,3,1,Entry
648,30,12,4,Life Sciences,Male,Married,Yes,2,2,1,Sales,Sales Representative,1,2033,1,No,3,1,1,0,0,Entry
649,34,1,2,Life Sciences,Male,Married,No,2,2,1,Research & Development,Research Scientist,4,3622,1,Yes,3,6,6,5,1,Entry
650,31,13,4,Medical,Male,Divorced,Yes,2,3,2,Sales,Sales Executive,1,4233,2,No,3,9,3,1,1,Entry
652,35,25,2,Other,Male,Single,No,1,2,2,Research & Development,Laboratory Technician,4,3681,4,No,3,9,3,2,0,Entry
653,31,6,4,Medical,Male,Divorced,No,1,4,2,Sales,Sales Executive,4,5460,4,No,4,13,7,7,5,Intermediate
655,27,6,4,Medical,Female,Divorced,No,1,2,1,Research & Development,Research Scientist,3,2187,0,No,3,6,5,3,0,Entry
656,37,2,3,Marketing,Male,Married,No,4,3,2,Sales,Sales Executive,3,9602,4,Yes,3,17,3,0,1,Senior
657,20,1,3,Life Sciences,Female,Single,No,4,2,1,Research & Development,Research Scientist,2,2836,1,No,3,1,1,0,0,Entry
659,42,2,4,Life Sciences,Female,Married,No,3,3,2,Research & Development,Healthcare Representative,4,4089,1,No,3,10,10,2,2,Intermediate
661,43,6,4,Other,Male,Divorced,No,2,2,4,Research & Development,Research Director,4,16627,4,Yes,3,21,1,0,0,Senior
662,38,1,1,Life Sciences,Female,Single,No,3,3,1,Research & Development,Research Scientist,1,2619,3,No,3,8,0,0,0,Entry
663,43,9,5,Medical,Male,Divorced,No,4,3,2,Research & Development,Laboratory Technician,3,5679,3,Yes,3,10,8,7,4,Intermediate
664,48,1,4,Life Sciences,Female,Married,No,4,2,4,Research & Development,Manager,1,15402,7,No,3,21,3,2,0,Senior
665,44,1,4,Life Sciences,Female,Single,No,1,2,2,Human Resources,Human Resources,3,5985,4,No,3,10,2,2,0,Intermediate
666,34,14,3,Technical Degree,Female,Divorced,No,3,3,1,Sales,Sales Representative,3,2579,1,Yes,3,8,8,2,0,Entry
667,27,2,1,Marketing,Male,Divorced,Yes,3,3,1,Sales,Sales Representative,1,3041,0,No,3,5,4,3,0,Entry
669,21,22,1,Technical Degree,Male,Single,No,3,3,1,Sales,Sales Representative,3,3447,1,No,3,3,3,2,1,Entry
671,44,3,4,Other,Male,Married,No,4,3,5,Research & Development,Manager,4,19513,4,Yes,3,26,2,2,0,Senior
675,22,6,1,Medical,Male,Married,No,1,3,1,Research & Development,Research Scientist,3,2773,0,No,4,3,2,2,2,Entry
677,33,8,4,Marketing,Male,Divorced,No,3,3,2,Sales,Sales Executive,3,7104,0,No,3,6,5,0,1,Entry
679,32,9,4,Life Sciences,Female,Married,No,1,3,2,Research & Development,Research Scientist,4,6322,1,Yes,3,6,6,4,0,Entry
680,30,3,3,Medical,Female,Divorced,No,3,3,1,Research & Development,Research Scientist,3,2083,1,No,4,1,1,0,0,Entry
682,53,1,1,Medical,Female,Single,No,4,3,2,Sales,Sales Executive,1,8381,7,No,4,18,14,7,8,Senior
683,34,1,5,Life Sciences,Male,Married,No,2,3,1,Research & Development,Research Scientist,4,2691,1,No,3,10,10,9,8,Intermediate
684,45,26,4,Life Sciences,Female,Married,Yes,1,3,2,Sales,Sales Executive,1,4286,2,No,3,5,1,1,0,Entry
686,26,6,3,Life Sciences,Female,Married,No,3,3,1,Research & Development,Laboratory Technician,4,2659,1,Yes,3,3,3,2,0,Entry
689,37,3,3,Other,Male,Married,No,3,3,3,Research & Development,Manufacturing Director,3,9434,1,No,3,10,10,7,7,Intermediate
690,29,3,2,Medical,Female,Married,No,2,3,2,Sales,Sales Executive,3,5561,1,No,3,6,6,0,1,Entry
691,35,6,4,Life Sciences,Male,Single,No,2,1,2,Research & Development,Research Scientist,4,6646,1,No,3,17,17,11,11,Senior
692,33,6,3,Life Sciences,Male,Divorced,No,3,3,2,Research & Development,Healthcare Representative,4,7725,3,No,4,15,13,11,4,Entry
698,54,19,4,Medical,Male,Married,No,3,3,3,Human Resources,Human Resources,2,10725,2,No,3,16,9,7,7,Senior
699,36,9,2,Medical,Male,Divorced,No,2,2,2,Research & Development,Manufacturing Director,2,8847,2,Yes,3,13,3,2,0,Intermediate
700,27,3,4,Medical,Male,Single,No,1,2,1,Research & Development,Research Scientist,4,2045,0,No,3,5,4,2,1,Entry
701,20,10,1,Medical,Male,Single,Yes,4,3,1,Research & Development,Research Scientist,3,1009,1,Yes,3,1,1,0,1,Entry
702,33,3,3,Life Sciences,Male,Single,Yes,1,3,1,Research & Development,Research Scientist,1,3348,1,Yes,3,10,10,8,9,Intermediate
704,35,3,3,Life Sciences,Male,Married,No,3,2,1,Research & Development,Laboratory Technician,3,1281,1,No,3,1,1,0,0,Entry
705,23,4,3,Medical,Male,Married,No,1,4,1,Research & Development,Research Scientist,1,2819,2,No,3,5,3,2,0,Entry
707,25,8,3,Life Sciences,Male,Married,No,4,4,2,Sales,Sales Executive,2,4851,0,No,4,4,3,2,1,Entry
709,38,7,4,Marketing,Female,Single,No,4,2,2,Sales,Sales Executive,4,4028,0,No,4,8,7,7,0,Entry
710,29,1,4,Life Sciences,Male,Divorced,No,2,1,1,Research & Development,Research Scientist,4,2720,1,No,3,10,10,7,2,Intermediate
712,48,2,1,Marketing,Male,Married,No,2,4,2,Sales,Sales Executive,2,8120,3,No,3,12,2,2,2,Intermediate
714,27,3,1,Medical,Female,Divorced,No,4,4,2,Sales,Sales Executive,4,4647,1,Yes,4,6,6,5,0,Entry
715,37,10,2,Life Sciences,Male,Single,No,4,4,1,Research & Development,Research Scientist,4,4680,3,No,3,4,1,0,0,Entry
716,50,28,1,Medical,Male,Married,No,4,4,1,Research & Development,Laboratory Technician,3,3221,1,Yes,3,20,20,8,3,Senior
717,34,9,3,Medical,Female,Single,No,4,2,3,Research & Development,Healthcare Representative,2,8621,1,No,3,9,8,7,7,Entry
720,24,3,2,Life Sciences,Female,Single,Yes,1,3,2,Sales,Sales Executive,3,4577,9,No,3,4,2,2,2,Entry
721,39,2,4,Technical Degree,Female,Single,No,4,2,2,Research & Development,Healthcare Representative,3,4553,1,No,3,20,20,7,11,Senior
722,32,10,3,Marketing,Male,Single,No,4,3,2,Sales,Sales Executive,4,5396,1,No,3,10,10,7,0,Intermediate
723,50,8,2,Technical Degree,Male,Married,Yes,2,3,2,Sales,Sales Executive,3,6796,3,Yes,3,18,4,3,1,Senior
724,38,1,4,Life Sciences,Female,Single,No,2,4,2,Research & Development,Healthcare Representative,4,7625,0,No,3,10,9,7,1,Intermediate
725,27,1,2,Life Sciences,Female,Married,No,3,3,3,Research & Development,Manufacturing Director,1,7412,1,No,3,9,9,7,0,Entry
727,32,3,2,Life Sciences,Female,Single,No,3,3,3,Research & Development,Research Director,4,11159,3,No,3,10,7,7,7,Intermediate
728,47,14,4,Marketing,Male,Single,No,4,3,2,Sales,Sales Executive,1,4960,2,No,3,20,7,7,1,Senior
729,40,5,4,Life Sciences,Male,Married,No,4,2,3,Sales,Sales Executive,1,10475,5,Yes,4,20,18,13,1,Senior
730,53,7,3,Life Sciences,Male,Married,No,3,4,4,Research & Development,Research Director,3,14814,3,No,3,32,5,1,1,Senior
731,41,10,4,Human Resources,Male,Divorced,No,2,2,5,Human Resources,Manager,4,19141,3,No,3,23,21,6,12,Senior
732,60,16,4,Marketing,Male,Single,No,1,3,2,Sales,Sales Executive,1,5405,8,No,3,10,2,2,2,Intermediate
733,27,10,2,Life Sciences,Male,Divorced,No,4,3,3,Research & Development,Manufacturing Director,1,8793,1,No,4,9,9,7,1,Entry
734,41,1,3,Human Resources,Male,Married,No,4,2,5,Human Resources,Manager,3,19189,1,No,3,22,22,7,2,Senior
738,50,8,4,Marketing,Male,Married,No,4,3,1,Sales,Sales Representative,2,3875,7,No,3,4,2,2,2,Entry
741,28,1,2,Life Sciences,Female,Single,Yes,1,1,1,Research & Development,Research Scientist,2,2216,7,Yes,3,10,7,7,3,Intermediate
742,36,8,3,Life Sciences,Female,Married,No,1,4,3,Research & Development,Research Director,1,11713,9,No,3,10,8,7,0,Intermediate
743,38,1,3,Life Sciences,Female,Single,No,3,3,3,Research & Development,Manufacturing Director,3,7861,4,Yes,3,10,1,0,0,Intermediate
744,44,24,3,Medical,Male,Single,No,1,1,1,Research & Development,Laboratory Technician,3,3708,2,No,3,9,5,2,1,Entry
746,47,3,3,Medical,Female,Divorced,No,4,3,4,Sales,Sales Executive,3,13770,9,Yes,3,28,22,2,11,Senior
747,30,27,5,Marketing,Male,Divorced,No,3,3,2,Sales,Sales Executive,4,5304,7,No,4,10,8,7,7,Intermediate
749,29,10,3,Life Sciences,Male,Single,No,3,3,1,Sales,Sales Representative,3,2642,1,No,3,1,1,0,0,Entry
752,42,19,3,Medical,Male,Divorced,Yes,3,4,1,Research & Development,Research Scientist,3,2759,6,Yes,3,7,2,2,2,Entry
754,43,15,3,Life Sciences,Male,Married,No,4,2,2,Sales,Sales Executive,4,6804,3,No,3,7,2,2,2,Entry
757,34,8,2,Medical,Female,Single,No,2,3,2,Research & Development,Healthcare Representative,3,6142,3,No,3,10,5,1,4,Intermediate
758,23,9,1,Medical,Male,Married,No,2,3,1,Research & Development,Laboratory Technician,1,2500,1,No,3,5,4,3,0,Entry
760,39,3,3,Human Resources,Female,Married,No,3,4,2,Human Resources,Human Resources,2,6389,9,No,3,12,8,3,3,Intermediate
762,56,9,3,Medical,Male,Married,No,3,3,4,Research & Development,Healthcare Representative,4,11103,7,No,3,30,10,7,1,Senior
763,40,2,1,Medical,Female,Single,No,4,2,1,Research & Development,Research Scientist,4,2342,0,Yes,4,5,4,2,2,Entry
764,27,7,3,Medical,Female,Single,No,4,2,2,Research & Development,Healthcare Representative,1,6811,8,No,3,9,7,6,0,Entry
766,29,10,3,Marketing,Male,Divorced,No,4,3,1,Sales,Sales Representative,2,2297,1,No,3,2,2,2,2,Entry
769,53,6,3,Life Sciences,Male,Single,No,4,3,2,Research & Development,Laboratory Technician,4,2450,2,No,3,19,2,2,2,Senior
771,35,2,4,Life Sciences,Female,Divorced,No,4,3,2,Research & Development,Healthcare Representative,1,5093,2,No,3,16,1,0,0,Senior
772,32,24,4,Life Sciences,Male,Married,No,1,3,2,Research & Development,Laboratory Technician,4,5309,1,No,3,10,10,8,4,Intermediate
773,38,2,5,Medical,Male,Married,No,4,3,1,Research & Development,Research Scientist,3,3057,6,Yes,3,6,1,0,0,Entry
775,34,8,5,Life Sciences,Female,Divorced,No,2,3,2,Research & Development,Manufacturing Director,1,5121,3,No,3,7,0,0,0,Entry
776,52,3,4,Marketing,Male,Married,No,3,2,4,Sales,Manager,1,16856,1,No,3,34,34,6,1,Senior
780,33,1,4,Other,Male,Single,Yes,4,3,1,Research & Development,Research Scientist,4,2686,1,Yes,3,10,10,9,7,Intermediate
781,25,26,1,Medical,Female,Single,No,3,3,2,Sales,Sales Executive,4,6180,1,No,4,6,6,5,1,Entry
783,45,2,2,Technical Degree,Male,Single,No,2,1,2,Sales,Sales Representative,3,6632,0,No,3,9,8,7,3,Entry
784,23,10,1,Medical,Male,Single,No,1,4,1,Research & Development,Research Scientist,3,3505,1,No,3,2,2,2,0,Entry
785,47,27,2,Life Sciences,Female,Single,Yes,2,4,2,Sales,Sales Executive,3,6397,4,Yes,3,8,5,4,1,Entry
786,34,2,3,Other,Male,Single,No,4,3,2,Sales,Sales Executive,4,6274,1,No,4,6,6,5,1,Entry
787,55,2,3,Medical,Male,Married,Yes,4,3,5,Research & Development,Manager,1,19859,5,Yes,3,24,5,2,1,Senior
789,36,8,4,Life Sciences,Male,Single,No,1,2,3,Sales,Sales Executive,1,7587,1,No,3,10,10,7,0,Intermediate
791,52,19,4,Medical,Male,Married,No,4,3,1,Research & Development,Research Scientist,4,4258,0,No,3,5,4,3,1,Entry
792,26,1,2,Life Sciences,Female,Divorced,No,1,1,1,Research & Development,Laboratory Technician,4,4364,3,No,3,5,2,2,2,Entry
793,29,27,3,Medical,Female,Married,No,2,3,2,Research & Development,Healthcare Representative,3,4335,4,No,3,11,8,7,1,Intermediate
796,26,8,3,Technical Degree,Male,Single,Yes,4,2,2,Sales,Sales Executive,1,5326,6,No,3,6,4,3,1,Entry
797,34,1,4,Life Sciences,Female,Single,No,2,4,1,Research & Development,Research Scientist,4,3280,2,No,3,10,4,2,1,Intermediate
799,54,19,4,Medical,Female,Divorced,No,4,3,2,Research & Development,Manufacturing Director,1,5485,9,Yes,3,9,5,3,1,Entry
800,27,8,1,Marketing,Male,Married,No,3,3,2,Sales,Sales Executive,4,4342,0,No,3,5,4,2,1,Entry
802,37,10,1,Life Sciences,Female,Divorced,No,4,3,1,Research & Development,Research Scientist,1,2782,0,Yes,3,6,5,3,4,Entry
803,38,2,4,Life Sciences,Female,Single,No,1,4,2,Research & Development,Manufacturing Director,1,5980,6,Yes,3,17,15,7,4,Senior
804,34,2,4,Medical,Female,Single,No,3,2,1,Research & Development,Research Scientist,1,4381,1,No,3,6,6,5,1,Entry
805,35,8,4,Life Sciences,Female,Married,No,1,3,1,Sales,Sales Representative,4,2572,1,No,3,3,3,2,0,Entry
806,30,1,3,Life Sciences,Male,Married,No,4,1,1,Research & Development,Laboratory Technician,3,3833,3,No,4,7,2,2,0,Entry
807,40,2,2,Medical,Female,Married,No,3,4,2,Research & Development,Healthcare Representative,2,4244,1,No,4,8,8,7,3,Entry
808,34,8,2,Life Sciences,Female,Married,No,3,3,2,Sales,Sales Executive,1,6500,5,No,3,6,3,2,1,Entry
809,42,8,3,Life Sciences,Male,Divorced,No,2,3,5,Research & Development,Manager,4,18430,1,No,3,24,24,7,14,Senior
811,23,6,3,Life Sciences,Male,Married,Yes,3,4,1,Research & Development,Laboratory Technician,1,1601,1,Yes,4,1,0,0,0,Entry
812,24,9,3,Life Sciences,Male,Divorced,No,3,2,1,Research & Development,Laboratory Technician,2,2694,1,No,3,1,1,0,0,Entry
813,52,11,4,Life Sciences,Female,Married,No,4,3,2,Research & Development,Laboratory Technician,3,3149,8,No,4,9,5,2,1,Entry
815,50,2,3,Medical,Male,Married,No,3,3,4,Research & Development,Research Director,3,17639,5,No,3,30,4,3,0,Senior
816,29,1,2,Life Sciences,Female,Married,Yes,2,2,1,Research & Development,Laboratory Technician,1,2319,1,Yes,3,1,1,0,0,Entry
817,33,7,3,Medical,Male,Married,No,3,3,3,Research & Development,Research Director,3,11691,0,No,3,14,13,9,3,Intermediate
819,33,16,3,Marketing,Female,Single,Yes,1,3,2,Sales,Sales Executive,1,5324,5,No,3,6,3,2,0,Entry
820,47,2,2,Other,Female,Married,No,3,3,4,Research & Development,Manager,4,16752,1,Yes,3,26,26,14,3,Senior
823,36,1,3,Other,Female,Married,No,3,3,2,Research & Development,Manufacturing Director,2,5228,0,No,3,10,9,7,0,Intermediate
824,29,23,2,Life Sciences,Male,Married,No,3,4,1,Research & Development,Research Scientist,3,2700,1,No,4,10,10,7,0,Intermediate
825,58,2,4,Life Sciences,Male,Single,Yes,4,3,5,Research & Development,Research Director,2,19246,7,Yes,3,40,31,15,13,Senior
826,35,1,4,Life Sciences,Female,Single,No,4,4,1,Research & Development,Research Scientist,3,2506,3,No,3,7,2,2,2,Entry
827,42,1,2,Life Sciences,Female,Married,No,4,2,2,Research & Development,Manufacturing Director,4,6062,9,Yes,3,8,4,3,0,Entry
828,28,2,4,Medical,Male,Single,Yes,3,3,1,Research & Development,Research Scientist,3,4382,6,No,3,5,2,2,2,Entry
829,36,13,3,Human Resources,Male,Married,No,3,3,1,Human Resources,Human Resources,2,2143,4,No,3,8,5,2,0,Entry
830,32,4,3,Life Sciences,Female,Married,No,3,2,2,Research & Development,Manufacturing Director,3,6162,1,No,3,14,14,13,6,Intermediate
832,40,16,4,Medical,Male,Single,No,1,2,2,Research & Development,Laboratory Technician,3,5094,6,No,3,10,1,0,0,Intermediate
833,30,2,3,Medical,Female,Single,No,3,2,2,Research & Development,Manufacturing Director,4,6877,5,Yes,4,12,0,0,0,Intermediate
834,45,2,3,Life Sciences,Female,Single,No,2,2,1,Research & Development,Research Scientist,3,2274,1,No,3,1,1,0,0,Entry
836,42,29,3,Life Sciences,Male,Married,No,2,3,2,Research & Development,Manufacturing Director,2,4434,1,No,3,10,9,8,7,Intermediate
837,38,12,3,Life Sciences,Male,Divorced,No,1,2,2,Research & Development,Healthcare Representative,1,6288,2,No,3,13,4,3,1,Intermediate
838,34,16,4,Life Sciences,Female,Single,No,3,2,1,Research & Development,Research Scientist,4,2553,1,No,3,6,5,2,1,Entry
840,49,11,3,Marketing,Female,Married,Yes,3,3,3,Sales,Sales Executive,4,7654,1,No,3,9,9,8,7,Entry
842,55,2,1,Medical,Male,Single,Yes,3,3,2,Sales,Sales Executive,4,5160,4,No,3,12,9,7,7,Intermediate
843,43,14,2,Life Sciences,Male,Married,No,2,3,4,Research & Development,Research Director,1,17159,6,No,4,22,4,1,1,Senior
844,27,5,1,Technical Degree,Male,Divorced,No,3,2,3,Research & Development,Research Director,4,12808,1,Yes,3,9,9,8,0,Entry
845,35,7,3,Other,Male,Single,No,3,3,3,Research & Development,Manufacturing Director,3,10221,3,No,4,17,8,5,1,Senior
846,28,2,4,Marketing,Female,Married,No,2,3,2,Sales,Sales Executive,2,4779,1,Yes,4,8,8,7,7,Entry
847,34,3,2,Human Resources,Male,Married,No,3,3,1,Human Resources,Human Resources,4,3737,0,No,3,4,3,2,0,Entry
848,26,5,2,Medical,Female,Married,Yes,3,2,1,Research & Development,Research Scientist,3,2366,1,Yes,3,8,8,7,1,Entry
850,27,3,3,Medical,Male,Married,No,4,3,1,Research & Development,Research Scientist,4,1706,1,No,3,0,0,0,0,Entry
851,51,26,4,Marketing,Female,Married,No,1,3,4,Sales,Manager,3,16307,2,No,3,29,20,6,4,Senior
852,44,4,3,Medical,Male,Single,No,4,3,2,Research & Development,Healthcare Representative,2,5933,9,No,3,10,5,2,2,Intermediate
854,25,2,1,Medical,Male,Single,No,1,4,1,Research & Development,Research Scientist,1,3424,7,No,3,6,4,3,0,Entry
855,33,1,3,Medical,Male,Divorced,No,1,4,2,Sales,Sales Executive,1,4037,1,No,4,9,9,8,0,Entry
856,35,27,1,Medical,Female,Single,No,3,2,1,Research & Development,Research Scientist,1,2559,1,No,3,6,6,5,1,Entry
857,36,1,2,Life Sciences,Male,Married,No,2,3,2,Sales,Sales Executive,4,6201,1,Yes,3,18,18,14,4,Senior
859,32,13,4,Life Sciences,Male,Divorced,No,2,3,2,Sales,Sales Executive,4,4403,2,No,3,8,5,2,0,Entry
861,30,5,4,Life Sciences,Male,Divorced,No,2,2,1,Research & Development,Research Scientist,4,3761,9,No,3,10,5,4,0,Intermediate
862,53,7,2,Marketing,Female,Married,No,1,2,3,Sales,Sales Executive,4,10934,7,Yes,3,35,5,2,0,Senior
864,45,9,3,Marketing,Male,Divorced,No,4,3,3,Sales,Sales Executive,1,10761,4,Yes,3,18,5,4,0,Senior
865,32,8,2,Medical,Female,Married,No,3,4,2,Research & Development,Research Scientist,3,5175,5,No,3,9,5,3,1,Entry
867,52,25,4,Medical,Female,Married,No,3,2,4,Research & Development,Manufacturing Director,4,13826,3,No,4,31,9,8,0,Senior
868,37,16,4,Marketing,Male,Divorced,No,4,2,2,Sales,Sales Executive,3,6334,4,No,3,9,1,0,0,Entry
869,28,8,2,Medical,Male,Divorced,No,2,2,1,Human Resources,Human Resources,4,4936,1,No,3,6,5,1,0,Entry
872,22,1,2,Life Sciences,Male,Married,No,4,2,2,Research & Development,Manufacturing Director,4,4775,6,No,4,4,2,2,2,Entry
874,44,8,4,Life Sciences,Male,Married,No,1,4,1,Research & Development,Laboratory Technician,4,2818,2,Yes,4,10,3,2,0,Intermediate
875,42,2,1,Medical,Male,Single,No,2,3,1,Research & Development,Research Scientist,4,2515,5,Yes,3,8,2,1,2,Entry
878,36,8,3,Life Sciences,Male,Married,No,1,2,1,Human Resources,Human Resources,1,2342,0,No,4,6,5,4,0,Entry
879,25,3,1,Other,Male,Married,No,3,3,2,Sales,Sales Executive,1,4194,1,Yes,3,5,5,3,0,Entry
880,35,9,3,Life Sciences,Female,Married,No,4,2,3,Research & Development,Manufacturing Director,3,10685,1,Yes,4,17,17,14,5,Senior
881,35,25,4,Life Sciences,Female,Divorced,Yes,4,3,1,Research & Development,Research Scientist,2,2022,1,Yes,3,10,10,2,7,Intermediate
882,32,1,3,Life Sciences,Male,Divorced,No,4,3,1,Research & Development,Laboratory Technician,4,2314,0,No,3,4,3,0,0,Entry
885,25,4,1,Marketing,Male,Married,No,3,2,2,Sales,Sales Executive,1,4256,1,No,3,5,5,2,0,Entry
887,49,1,3,Technical Degree,Female,Married,No,3,3,1,Research & Development,Research Scientist,1,3580,2,No,3,7,4,2,0,Entry
888,24,4,1,Life Sciences,Male,Married,No,1,2,1,Research & Development,Laboratory Technician,4,3162,0,No,3,6,5,2,3,Entry
889,32,5,2,Life Sciences,Male,Married,No,2,3,2,Sales,Sales Executive,2,6524,1,No,3,10,10,8,5,Intermediate
893,38,9,3,Marketing,Male,Married,No,2,2,1,Sales,Sales Representative,2,2899,0,No,3,3,2,2,1,Entry
894,42,3,3,Life Sciences,Female,Married,No,3,4,2,Research & Development,Laboratory Technician,4,5231,2,Yes,3,17,5,3,1,Senior
895,31,11,4,Life Sciences,Male,Married,No,4,3,1,Research & Development,Research Scientist,4,2356,3,Yes,3,8,6,4,0,Entry
896,29,1,3,Medical,Female,Divorced,Yes,2,2,1,Sales,Sales Representative,3,2800,6,Yes,3,5,3,2,0,Entry
897,53,8,3,Marketing,Male,Married,No,1,3,4,Sales,Sales Executive,4,11836,5,No,3,28,2,0,2,Senior
899,35,25,3,Technical Degree,Male,Married,No,4,2,3,Research & Development,Manufacturing Director,2,10903,3,No,3,16,13,10,4,Senior
900,37,21,2,Medical,Female,Married,No,3,3,1,Sales,Sales Representative,4,2973,5,No,3,10,5,4,0,Intermediate
901,53,23,4,Life Sciences,Female,Single,No,4,3,4,Research & Development,Research Director,4,14275,6,No,3,33,12,9,3,Senior
902,43,1,3,Life Sciences,Female,Married,No,4,3,2,Research & Development,Healthcare Representative,4,5562,4,No,3,12,5,2,2,Intermediate
903,47,2,2,Marketing,Female,Married,No,3,3,2,Sales,Sales Executive,4,4537,0,Yes,4,8,7,6,7,Entry
904,37,19,2,Medical,Male,Single,No,1,3,3,Sales,Sales Executive,2,7642,1,Yes,3,10,10,0,0,Intermediate
905,50,2,4,Life Sciences,Male,Divorced,No,1,3,4,Research & Development,Manager,1,17924,1,No,3,31,31,6,14,Senior
909,39,2,3,Life Sciences,Female,Married,No,4,2,2,Human Resources,Human Resources,4,5204,8,No,3,13,5,4,0,Intermediate
910,33,3,2,Human Resources,Male,Divorced,No,4,3,1,Human Resources,Human Resources,2,2277,3,Yes,3,7,4,3,0,Entry
911,32,25,4,Life Sciences,Male,Single,Yes,1,3,1,Research & Development,Laboratory Technician,4,2795,1,Yes,4,1,1,0,0,Entry
912,29,7,1,Medical,Female,Divorced,No,1,2,1,Research & Development,Laboratory Technician,4,2532,6,No,3,8,4,3,0,Entry
913,44,9,2,Life Sciences,Male,Married,No,2,3,1,Research & Development,Research Scientist,1,2559,1,Yes,3,8,8,7,7,Entry
916,28,5,4,Medical,Male,Single,No,1,3,2,Sales,Sales Executive,4,4908,1,No,3,4,4,2,0,Entry
918,58,2,1,Life Sciences,Male,Divorced,Yes,4,2,1,Research & Development,Laboratory Technician,4,2380,9,Yes,3,3,1,0,0,Entry
920,43,8,3,Life Sciences,Female,Divorced,No,1,3,2,Research & Development,Manufacturing Director,2,4765,4,No,4,4,1,0,0,Entry
922,20,2,3,Medical,Female,Single,Yes,3,2,1,Sales,Sales Representative,3,2044,1,No,3,2,2,2,0,Entry
923,21,18,1,Other,Female,Single,Yes,4,3,1,Research & Development,Research Scientist,4,2693,1,No,3,1,1,0,0,Entry
924,36,14,1,Life Sciences,Male,Married,No,3,3,2,Research & Development,Healthcare Representative,4,6586,0,Yes,3,17,16,8,4,Senior
925,47,2,4,Life Sciences,Female,Single,No,4,2,1,Sales,Sales Representative,4,3294,1,Yes,3,3,3,2,1,Entry
926,22,3,1,Life Sciences,Female,Married,Yes,2,3,2,Research & Development,Manufacturing Director,3,4171,0,Yes,3,4,3,2,0,Entry
927,41,2,4,Life Sciences,Female,Divorced,Yes,2,1,1,Research & Development,Laboratory Technician,4,2778,4,Yes,3,10,7,7,1,Intermediate
930,28,9,3,Medical,Female,Divorced,No,3,3,1,Research & Development,Research Scientist,3,2377,5,No,3,6,2,2,2,Entry
932,39,6,3,Medical,Male,Married,Yes,4,3,1,Research & Development,Laboratory Technician,1,2404,7,Yes,4,8,2,2,2,Entry
933,27,4,3,Life Sciences,Female,Single,No,2,3,1,Research & Development,Research Scientist,3,2318,1,No,3,1,1,1,0,Entry
934,34,10,3,Life Sciences,Male,Divorced,No,2,3,1,Research & Development,Laboratory Technician,2,2008,1,No,3,1,1,0,1,Entry
936,42,14,2,Medical,Female,Single,No,3,2,2,Sales,Sales Executive,3,6244,7,No,3,10,5,4,0,Intermediate
939,33,1,4,Other,Male,Single,No,3,2,1,Research & Development,Research Scientist,1,2799,3,Yes,3,6,3,2,0,Entry
940,58,5,3,Technical Degree,Female,Divorced,No,3,2,3,Research & Development,Healthcare Representative,2,10552,2,Yes,3,24,6,0,0,Senior
941,31,7,4,Life Sciences,Male,Married,No,2,2,1,Sales,Sales Representative,3,2329,3,No,3,13,7,7,5,Intermediate
942,35,21,1,Life Sciences,Female,Married,No,4,3,2,Research & Development,Healthcare Representative,4,4014,1,Yes,4,10,10,6,0,Intermediate
944,49,8,2,Other,Female,Married,No,1,3,3,Research & Development,Laboratory Technician,2,7403,4,No,3,29,26,9,1,Senior
945,48,20,4,Medical,Male,Married,No,4,3,1,Research & Development,Research Scientist,3,2259,4,No,3,13,0,0,0,Intermediate
947,31,20,2,Marketing,Female,Married,No,4,3,2,Sales,Sales Executive,3,6932,1,No,3,9,9,8,0,Entry
949,36,7,4,Other,Male,Single,No,2,3,1,Research & Development,Research Scientist,4,4678,2,No,3,8,6,2,0,Entry
950,38,1,3,Technical Degree,Female,Married,No,4,3,3,Research & Development,Research Director,1,13582,1,No,3,15,15,12,5,Entry
951,32,1,3,Life Sciences,Female,Married,No,3,2,1,Research & Development,Laboratory Technician,2,2332,6,No,4,5,3,0,0,Entry
952,25,19,2,Marketing,Male,Married,Yes,3,2,1,Sales,Sales Representative,2,2413,1,Yes,3,1,1,0,0,Entry
954,40,10,4,Marketing,Male,Divorced,No,1,2,3,Sales,Sales Executive,2,9705,2,No,3,11,1,0,0,Intermediate
956,26,1,3,Medical,Male,Single,No,3,2,2,Sales,Sales Executive,1,4294,1,No,3,7,7,7,0,Entry
957,41,6,3,Medical,Male,Single,No,4,3,1,Research & Development,Laboratory Technician,1,4721,2,Yes,3,20,18,13,2,Senior
958,36,2,4,Medical,Male,Single,No,3,3,1,Research & Development,Laboratory Technician,3,2519,4,No,4,16,11,8,3,Senior
959,19,21,3,Other,Male,Single,Yes,4,2,1,Sales,Sales Representative,2,2121,1,Yes,3,1,1,0,0,Entry
960,20,4,3,Technical Degree,Male,Single,Yes,1,3,1,Research & Development,Laboratory Technician,1,2973,1,No,3,1,1,0,0,Entry
961,31,12,3,Medical,Female,Married,No,4,3,2,Research & Development,Healthcare Representative,4,5855,0,Yes,3,10,9,7,8,Intermediate
964,40,9,4,Medical,Male,Divorced,No,4,3,1,Research & Development,Research Scientist,2,3617,8,Yes,3,3,1,1,0,Entry
966,32,3,4,Medical,Female,Married,No,3,3,2,Research & Development,Manufacturing Director,1,6725,1,No,3,8,8,7,6,Entry
967,36,3,1,Life Sciences,Male,Married,Yes,3,2,3,Sales,Sales Executive,4,10325,1,Yes,3,16,16,7,3,Senior
969,33,1,3,Life Sciences,Female,Single,No,2,2,2,Research & Development,Healthcare Representative,4,6949,0,No,3,6,5,0,1,Entry
970,37,1,4,Life Sciences,Male,Married,Yes,1,2,3,Sales,Sales Executive,3,10609,5,No,3,17,14,1,11,Senior
972,45,4,2,Life Sciences,Male,Married,No,3,3,2,Research & Development,Laboratory Technician,2,4447,1,No,3,9,9,7,0,Entry
974,29,20,3,Technical Degree,Female,Married,No,3,3,1,Sales,Sales Representative,4,2157,1,No,3,3,3,1,0,Entry
975,35,18,3,Medical,Female,Married,No,3,3,2,Sales,Sales Executive,3,4601,1,No,3,5,5,2,1,Entry
976,52,1,2,Life Sciences,Male,Married,No,4,3,4,Research & Development,Manager,4,17099,2,No,3,26,9,8,7,Senior
977,58,2,3,Technical Degree,Male,Single,Yes,4,3,1,Research & Development,Research Scientist,3,2479,4,No,4,7,1,0,0,Entry
981,53,2,2,Medical,Male,Divorced,No,3,3,4,Sales,Manager,3,14852,6,No,3,22,17,13,15,Senior
982,30,8,2,Other,Male,Divorced,No,3,3,3,Sales,Sales Executive,3,7264,5,No,3,10,8,4,7,Intermediate
983,38,10,3,Technical Degree,Female,Single,No,3,3,2,Sales,Sales Executive,4,5666,1,Yes,3,6,5,3,1,Entry
984,35,3,4,Life Sciences,Male,Divorced,No,4,3,3,Sales,Sales Executive,4,7823,6,No,3,12,10,9,0,Intermediate
985,39,2,5,Life Sciences,Male,Single,No,1,4,3,Sales,Sales Executive,3,7880,0,No,3,9,8,7,0,Entry
986,40,24,3,Life Sciences,Female,Single,Yes,2,4,4,Sales,Sales Executive,2,13194,4,Yes,3,22,1,0,0,Senior
987,47,16,4,Medical,Male,Divorced,No,3,4,2,Research & Development,Manufacturing Director,3,5067,1,Yes,3,20,19,10,2,Senior
990,36,8,4,Technical Degree,Male,Divorced,No,1,3,2,Sales,Sales Executive,4,5079,4,No,3,12,7,7,0,Intermediate
991,31,9,2,Medical,Male,Single,Yes,3,2,1,Research & Development,Research Scientist,1,2321,0,Yes,4,4,3,2,1,Entry
992,33,17,3,Life Sciences,Male,Single,No,4,3,4,Sales,Manager,3,17444,1,No,3,10,10,8,6,Intermediate
994,29,10,3,Life Sciences,Female,Single,Yes,4,2,1,Research & Development,Research Scientist,1,2404,6,Yes,4,3,0,0,0,Entry
995,33,13,1,Life Sciences,Female,Single,No,2,3,1,Research & Development,Research Scientist,4,3452,3,No,3,5,3,2,0,Entry
996,45,1,4,Medical,Female,Divorced,No,4,3,1,Research & Development,Laboratory Technician,4,2270,3,No,3,8,5,3,0,Entry
997,50,1,2,Medical,Male,Divorced,No,4,3,4,Research & Development,Research Director,4,17399,9,No,4,32,5,4,1,Senior
998,33,1,4,Other,Female,Married,No,3,4,2,Research & Development,Healthcare Representative,2,5488,1,Yes,3,6,6,5,1,Entry
999,41,9,3,Medical,Male,Divorced,No,1,3,5,Research & Development,Research Director,3,19419,2,No,3,21,18,16,0,Senior
1001,27,16,4,Technical Degree,Female,Married,No,3,3,1,Research & Development,Laboratory Technician,2,2811,9,No,3,4,2,2,2,Entry
1002,45,23,2,Life Sciences,Male,Married,No,4,3,2,Research & Development,Laboratory Technician,1,3633,1,Yes,3,9,9,8,0,Entry
1003,47,4,2,Life Sciences,Female,Single,No,4,3,2,Sales,Sales Executive,4,4163,1,Yes,3,9,9,0,0,Entry
1004,30,22,3,Life Sciences,Female,Married,Yes,1,3,1,Research & Development,Research Scientist,3,2132,4,Yes,3,7,5,2,0,Entry
1005,50,24,3,Life Sciences,Male,Married,No,4,3,4,Research & Development,Manufacturing Director,3,13973,3,Yes,3,22,12,11,1,Senior
1006,38,10,1,Medical,Male,Married,No,3,3,1,Research & Development,Research Scientist,3,2684,0,No,3,3,2,1,0,Entry
1007,46,7,2,Medical,Male,Divorced,No,4,3,3,Research & Development,Manufacturing Director,3,10845,6,No,3,13,8,7,0,Intermediate
1009,24,17,1,Medical,Female,Divorced,No,4,2,2,Research & Development,Manufacturing Director,3,4377,1,No,3,5,4,2,3,Entry
1010,35,14,4,Other,Male,Divorced,Yes,3,2,1,Research & Development,Laboratory Technician,2,3743,1,Yes,4,5,4,2,0,Entry
1011,31,1,1,Life Sciences,Female,Married,No,3,3,2,Research & Development,Manufacturing Director,1,4148,1,No,3,4,4,3,0,Entry
1012,18,5,2,Life Sciences,Male,Single,No,2,3,1,Research & Development,Research Scientist,4,1051,1,No,3,0,0,0,0,Entry
1013,54,17,3,Technical Degree,Female,Married,No,3,3,3,Research & Development,Manufacturing Director,3,10739,8,No,3,22,10,7,0,Senior
1014,35,25,4,Medical,Female,Divorced,No,3,3,3,Research & Development,Healthcare Representative,3,10388,1,Yes,3,16,16,10,10,Senior
1015,30,8,2,Life Sciences,Female,Married,No,2,4,3,Research & Development,Research Director,1,11416,0,Yes,3,9,8,7,1,Entry
1016,20,11,3,Medical,Female,Single,Yes,4,2,1,Research & Development,Research Scientist,1,2600,1,Yes,3,1,1,0,0,Entry
1017,30,5,3,Medical,Female,Single,Yes,2,3,1,Research & Development,Laboratory Technician,2,2422,0,No,3,4,3,2,1,Entry
1018,26,2,2,Medical,Male,Married,No,4,4,2,Research & Development,Manufacturing Director,4,5472,1,No,3,8,8,7,1,Entry
1019,22,8,1,Life Sciences,Male,Married,No,2,1,1,Research & Development,Laboratory Technician,1,2451,1,No,3,4,4,3,1,Entry
1022,48,6,3,Life Sciences,Male,Single,No,1,2,2,Research & Development,Healthcare Representative,3,4240,2,No,3,19,2,2,2,Senior
1024,48,4,4,Life Sciences,Male,Single,No,3,2,3,Research & Development,Healthcare Representative,3,10999,7,No,3,27,15,11,4,Senior
1025,41,7,2,Medical,Female,Single,No,4,3,2,Research & Development,Manufacturing Director,3,5003,6,No,3,8,2,2,2,Entry
1026,39,1,1,Life Sciences,Female,Married,No,4,2,4,Research & Development,Manufacturing Director,4,12742,1,No,3,21,21,6,11,Senior
1027,27,2,4,Life Sciences,Female,Married,No,1,3,2,Research & Development,Manufacturing Director,4,4227,0,No,3,4,3,2,2,Entry
1028,35,10,3,Other,Male,Divorced,No,2,3,1,Research & Development,Laboratory Technician,4,3917,1,No,4,3,3,2,1,Entry
1029,42,5,2,Marketing,Male,Married,No,4,3,5,Sales,Manager,3,18303,6,No,3,21,1,0,0,Senior
1030,50,9,3,Life Sciences,Male,Married,No,1,3,1,Research & Development,Laboratory Technician,4,2380,4,No,3,8,1,0,0,Entry
1032,59,2,3,Life Sciences,Female,Single,No,3,2,4,Research & Development,Manufacturing Director,4,13726,3,Yes,3,30,5,3,4,Senior
1033,37,11,2,Medical,Female,Married,Yes,1,1,2,Research & Development,Healthcare Representative,2,4777,5,No,3,15,1,0,0,Entry
1034,55,18,4,Medical,Male,Married,No,3,3,2,Research & Development,Healthcare Representative,2,6385,3,Yes,3,17,8,7,6,Senior
1035,41,7,1,Life Sciences,Female,Divorced,No,2,1,5,Research & Development,Research Director,3,19973,1,No,4,21,21,16,5,Senior
1036,38,3,4,Life Sciences,Male,Single,No,2,3,2,Sales,Sales Executive,4,6861,8,Yes,3,19,1,0,0,Senior
1037,26,29,2,Medical,Male,Single,Yes,2,1,2,Sales,Sales Executive,1,4969,8,No,3,7,2,2,2,Entry
1038,52,2,1,Marketing,Female,Married,Yes,1,1,5,Sales,Manager,4,19845,1,No,3,33,32,14,6,Senior
1039,44,28,3,Medical,Female,Married,No,4,4,4,Sales,Sales Executive,4,13320,3,Yes,3,23,12,11,11,Senior
1040,50,1,3,Life Sciences,Female,Married,No,4,3,2,Sales,Sales Executive,3,6347,0,No,3,19,18,7,0,Senior
1042,36,16,4,Life Sciences,Female,Single,Yes,3,4,1,Research & Development,Laboratory Technician,1,2743,1,No,3,18,17,13,15,Senior
1043,39,22,3,Medical,Female,Single,No,4,3,3,Research & Development,Manufacturing Director,1,10880,1,Yes,3,21,21,6,2,Senior
1044,33,8,1,Life Sciences,Female,Single,No,2,2,1,Sales,Sales Representative,4,2342,0,No,3,3,2,2,2,Entry
1045,45,11,2,Life Sciences,Female,Married,No,4,3,4,Sales,Manager,4,17650,3,No,3,26,9,3,1,Senior
1046,32,29,4,Medical,Female,Single,No,4,3,1,Research & Development,Laboratory Technician,3,4025,9,No,3,10,8,7,7,Intermediate
1047,34,1,4,Marketing,Male,Divorced,No,2,4,2,Sales,Sales Executive,4,9725,0,No,3,16,15,1,0,Senior
1048,59,1,2,Technical Degree,Male,Married,No,2,3,3,Sales,Manager,4,11904,3,Yes,3,14,6,4,0,Intermediate
1049,45,24,4,Medical,Male,Single,No,2,3,1,Human Resources,Human Resources,2,2177,1,No,3,6,6,3,0,Entry
1050,53,2,3,Marketing,Female,Married,No,3,2,3,Sales,Sales Executive,2,7525,2,No,3,30,15,7,6,Senior
1052,36,15,3,Other,Male,Divorced,Yes,1,3,2,Research & Development,Laboratory Technician,3,4834,7,No,3,9,1,0,0,Entry
1053,26,2,3,Life Sciences,Male,Married,Yes,1,3,1,Research & Development,Research Scientist,1,2042,6,Yes,3,6,3,2,1,Entry
1055,34,10,4,Life Sciences,Female,Married,No,3,3,1,Sales,Sales Representative,3,2220,1,Yes,3,1,1,1,0,Entry
1056,28,10,1,Medical,Male,Married,No,4,3,1,Sales,Sales Representative,2,1052,1,No,4,1,1,0,0,Entry
1060,38,3,4,Other,Male,Married,No,3,3,1,Research & Development,Research Scientist,3,2821,3,No,3,8,2,2,2,Entry
1061,50,2,4,Medical,Male,Married,No,2,3,5,Research & Development,Research Director,3,19237,2,Yes,3,29,8,1,7,Senior
1062,37,3,3,Other,Female,Single,No,4,3,2,Research & Development,Healthcare Representative,2,4107,3,No,3,8,4,3,0,Entry
1066,40,26,3,Marketing,Male,Married,No,3,3,2,Sales,Sales Executive,1,8396,1,No,3,8,7,7,7,Entry
1068,26,1,1,Medical,Female,Divorced,No,1,2,1,Research & Development,Research Scientist,3,2007,1,No,3,5,5,3,1,Entry
1069,46,1,4,Medical,Male,Divorced,No,4,3,5,Research & Development,Research Director,4,19627,9,No,3,23,2,2,2,Senior
1070,54,2,4,Life Sciences,Female,Married,No,3,2,3,Sales,Sales Executive,3,10686,6,No,3,13,9,4,7,Intermediate
1071,56,9,3,Medical,Female,Married,No,1,3,1,Research & Development,Research Scientist,3,2942,2,No,3,18,5,4,0,Senior
1073,36,12,5,Medical,Female,Single,No,4,2,3,Research & Development,Manufacturing Director,4,8858,0,No,3,15,14,8,7,Entry
1074,55,2,1,Medical,Male,Single,No,3,2,4,Research & Development,Manager,1,16756,7,No,3,31,9,7,6,Senior
1076,43,25,3,Medical,Male,Divorced,No,3,2,3,Sales,Sales Executive,4,10798,5,No,3,18,1,0,0,Senior
1077,20,9,3,Marketing,Female,Single,Yes,4,3,1,Sales,Sales Representative,4,2323,1,Yes,3,2,2,2,0,Entry
1079,21,10,3,Life Sciences,Female,Single,Yes,3,2,1,Research & Development,Laboratory Technician,1,1416,1,No,3,1,1,0,1,Entry
1080,46,8,4,Life Sciences,Female,Divorced,No,4,2,2,Research & Development,Research Scientist,1,4615,8,Yes,4,19,16,13,1,Senior
1081,51,4,4,Life Sciences,Male,Married,Yes,1,3,1,Research & Development,Research Scientist,3,2461,9,Yes,3,18,10,0,2,Senior
1082,28,24,2,Technical Degree,Male,Single,Yes,2,2,3,Research & Development,Healthcare Representative,1,8722,1,No,3,10,10,7,1,Intermediate
1083,26,1,2,Medical,Male,Married,No,1,2,1,Research & Development,Laboratory Technician,1,3955,1,No,3,6,5,3,1,Entry
1084,30,20,3,Other,Male,Married,No,3,3,2,Research & Development,Manufacturing Director,1,9957,0,No,3,7,6,2,0,Entry
1085,41,7,2,Technical Degree,Female,Married,No,2,4,1,Research & Development,Research Scientist,3,3376,1,No,3,10,10,6,0,Intermediate
1088,38,17,1,Life Sciences,Female,Married,No,3,2,3,Research & Development,Healthcare Representative,3,8823,0,No,3,20,19,9,1,Senior
1092,40,20,4,Technical Degree,Male,Married,No,1,3,3,Research & Development,Healthcare Representative,4,10322,4,No,4,14,11,10,11,Intermediate
1094,27,8,5,Life Sciences,Male,Married,No,1,1,1,Research & Development,Laboratory Technician,3,4621,1,No,3,3,3,2,1,Entry
1096,55,2,1,Life Sciences,Male,Married,No,4,3,3,Research & Development,Manufacturing Director,2,10976,3,No,3,23,3,2,1,Senior
1097,28,10,3,Other,Female,Single,No,3,3,2,Research & Development,Research Scientist,3,3660,3,No,3,10,8,7,1,Intermediate
1098,44,1,2,Medical,Male,Married,Yes,2,2,3,Human Resources,Human Resources,1,10482,9,No,3,24,20,6,3,Senior
1099,33,5,3,Life Sciences,Male,Divorced,No,4,2,3,Research & Development,Healthcare Representative,4,7119,4,No,3,9,3,2,1,Entry
1100,35,4,3,Technical Degree,Male,Single,Yes,4,3,3,Sales,Sales Executive,1,9582,0,Yes,4,9,8,7,4,Entry
1101,33,29,4,Medical,Female,Single,Yes,1,2,2,Research & Development,Research Scientist,3,4508,1,No,4,14,13,7,3,Intermediate
1102,28,15,2,Life Sciences,Male,Divorced,No,1,3,1,Research & Development,Laboratory Technician,3,2207,1,No,3,4,4,2,2,Entry
1103,34,3,1,Life Sciences,Male,Single,No,1,3,2,Research & Development,Healthcare Representative,4,7756,0,No,3,7,6,2,0,Entry
1105,37,10,4,Life Sciences,Female,Divorced,No,4,2,2,Sales,Sales Executive,4,6694,2,Yes,3,8,1,0,0,Entry
1106,25,4,1,Technical Degree,Male,Married,Yes,4,3,1,Research & Development,Laboratory Technician,4,3691,1,Yes,3,7,7,7,5,Entry
1107,26,21,3,Medical,Male,Divorced,Yes,1,3,1,Research & Development,Laboratory Technician,3,2377,1,No,4,1,1,1,0,Entry
1108,33,25,3,Medical,Male,Single,Yes,1,2,1,Research & Development,Research Scientist,2,2313,4,Yes,4,5,2,2,2,Entry
1109,42,2,2,Medical,Male,Married,No,4,3,4,Research & Development,Manager,1,17665,0,No,3,23,22,6,13,Senior
1111,28,1,3,Medical,Male,Divorced,Yes,1,2,1,Research & Development,Laboratory Technician,2,2596,1,No,3,1,1,0,0,Entry
1113,50,1,4,Other,Male,Single,Yes,4,3,2,Sales,Sales Executive,3,4728,3,Yes,3,5,0,0,0,Entry
1114,33,7,3,Life Sciences,Female,Married,No,4,3,2,Sales,Sales Executive,2,4302,0,No,3,4,3,2,0,Entry
1115,34,3,4,Life Sciences,Male,Married,No,3,2,1,Research & Development,Research Scientist,4,2979,3,No,3,6,0,0,0,Entry
1116,48,1,4,Medical,Male,Single,No,1,4,4,Research & Development,Manager,4,16885,2,No,4,27,5,4,2,Senior
1117,45,9,4,Life Sciences,Female,Married,No,2,2,2,Sales,Sales Executive,3,5593,1,No,3,15,15,10,4,Entry
1118,52,7,4,Life Sciences,Male,Single,No,2,3,3,Research & Development,Healthcare Representative,2,10445,7,No,3,18,8,6,4,Senior
1119,38,10,4,Marketing,Male,Divorced,No,3,2,3,Sales,Sales Executive,3,8740,0,Yes,3,9,8,7,2,Entry
1120,29,28,4,Life Sciences,Female,Divorced,No,3,3,1,Research & Development,Research Scientist,4,2514,4,No,4,11,7,5,1,Intermediate
1121,28,3,3,Medical,Female,Divorced,No,4,3,3,Research & Development,Manufacturing Director,2,7655,0,No,3,10,9,7,1,Intermediate
1124,46,3,1,Marketing,Male,Married,No,1,3,4,Sales,Manager,3,17465,3,No,3,23,12,9,4,Senior
1125,38,2,2,Marketing,Male,Single,No,4,3,3,Sales,Sales Executive,2,7351,7,No,3,10,1,0,0,Intermediate
1126,43,27,3,Life Sciences,Female,Married,No,3,3,3,Research & Development,Manufacturing Director,1,10820,8,No,3,18,8,7,0,Senior
1127,39,2,3,Life Sciences,Male,Divorced,Yes,1,3,4,Research & Development,Healthcare Representative,4,12169,7,No,3,21,18,7,11,Senior
1128,40,14,3,Medical,Male,Single,No,3,2,5,Research & Development,Research Director,3,19626,1,No,3,21,20,7,4,Senior
1131,21,1,1,Technical Degree,Female,Single,No,4,2,1,Research & Development,Research Scientist,2,2070,1,Yes,3,2,2,2,2,Entry
1132,39,9,3,Life Sciences,Male,Single,No,3,3,2,Research & Development,Laboratory Technician,2,6782,9,No,3,9,5,4,0,Entry
1133,36,18,4,Life Sciences,Male,Single,No,1,3,2,Research & Development,Manufacturing Director,4,7779,2,No,4,18,11,9,0,Senior
1135,31,20,3,Life Sciences,Male,Married,No,3,4,1,Sales,Sales Representative,4,2791,0,No,3,3,2,2,2,Entry
1136,28,2,1,Life Sciences,Male,Married,No,1,2,1,Research & Development,Research Scientist,2,3201,0,No,3,6,5,3,0,Entry
1137,35,11,2,Marketing,Male,Divorced,No,4,3,2,Sales,Sales Executive,4,4968,1,No,3,5,5,2,0,Entry
1138,49,8,4,Technical Degree,Male,Married,No,4,2,4,Sales,Sales Executive,2,13120,6,No,3,22,9,8,2,Senior
1140,34,2,2,Life Sciences,Male,Single,No,4,3,2,Research & Development,Manufacturing Director,3,4033,2,No,3,5,3,2,0,Entry
1143,29,10,3,Life Sciences,Female,Divorced,No,4,3,1,Research & Development,Research Scientist,2,3291,0,No,3,8,7,5,1,Entry
1148,42,29,3,Medical,Male,Single,No,2,1,2,Research & Development,Laboratory Technician,4,4272,4,No,3,16,1,0,0,Senior
1150,29,8,1,Medical,Male,Married,No,2,2,2,Research & Development,Manufacturing Director,4,5056,1,Yes,3,10,10,7,1,Intermediate
1152,38,1,3,Human Resources,Male,Married,No,3,4,1,Human Resources,Human Resources,3,2844,1,No,3,7,7,6,5,Entry
1154,28,6,3,Life Sciences,Male,Divorced,No,3,2,1,Research & Development,Research Scientist,3,2703,1,Yes,3,3,3,1,0,Entry
1156,18,8,1,Medical,Male,Single,Yes,3,3,1,Research & Development,Laboratory Technician,3,1904,1,No,3,0,0,0,0,Entry
1157,33,9,4,Marketing,Female,Single,Yes,1,3,2,Sales,Sales Executive,1,8224,0,Yes,3,6,5,2,0,Entry
1158,41,12,4,Life Sciences,Male,Married,No,2,3,1,Research & Development,Laboratory Technician,4,4766,3,Yes,3,6,1,0,0,Entry
1160,31,15,3,Medical,Male,Married,Yes,3,3,1,Research & Development,Laboratory Technician,3,2610,1,No,3,2,2,2,2,Entry
1161,37,25,2,Medical,Female,Divorced,No,3,2,2,Research & Development,Healthcare Representative,4,5731,7,No,3,9,6,2,1,Entry
1162,27,6,3,Life Sciences,Male,Married,No,4,2,1,Research & Development,Research Scientist,3,2539,1,No,3,4,4,2,2,Entry
1163,34,9,1,Life Sciences,Female,Married,No,2,3,2,Sales,Sales Executive,3,5714,1,No,4,6,6,5,1,Entry
1164,35,8,4,Technical Degree,Male,Single,No,3,3,1,Human Resources,Human Resources,3,4323,1,No,3,6,5,4,1,Entry
1165,29,23,1,Life Sciences,Female,Married,Yes,4,2,3,Sales,Sales Executive,1,7336,1,No,3,11,11,8,3,Intermediate
1166,40,9,4,Medical,Female,Single,No,2,3,3,Research & Development,Research Director,3,13499,9,No,3,20,18,7,2,Senior
1167,42,12,3,Life Sciences,Male,Single,Yes,3,3,4,Sales,Sales Executive,1,13758,0,Yes,3,22,21,9,13,Senior
1171,42,4,4,Marketing,Male,Single,No,2,3,2,Sales,Sales Executive,1,5155,7,No,3,9,6,4,1,Entry
1172,35,1,4,Medical,Male,Married,No,4,2,1,Research & Development,Laboratory Technician,3,2258,6,No,3,10,8,0,1,Intermediate
1173,24,24,3,Medical,Male,Single,No,4,3,1,Research & Development,Laboratory Technician,2,3597,8,No,4,6,4,3,1,Entry
1175,28,12,1,Life Sciences,Female,Married,Yes,3,3,1,Research & Development,Laboratory Technician,4,2515,1,Yes,3,1,1,1,0,Entry
1177,26,3,4,Medical,Male,Married,No,1,4,1,Research & Development,Laboratory Technician,4,4420,1,No,4,8,8,7,0,Entry
1179,30,10,3,Marketing,Male,Married,No,3,2,2,Sales,Sales Executive,3,6578,1,No,3,10,10,3,1,Intermediate
1180,40,26,2,Medical,Female,Married,No,3,2,2,Research & Development,Research Scientist,4,4422,3,Yes,3,16,1,1,0,Senior
1182,35,2,3,Life Sciences,Male,Divorced,No,3,2,3,Research & Development,Manufacturing Director,2,10274,2,No,3,15,7,7,6,Entry
1184,34,1,3,Medical,Male,Single,No,4,2,2,Research & Development,Healthcare Representative,1,5343,0,No,4,14,13,9,4,Intermediate
1185,35,4,4,Other,Male,Married,No,4,2,1,Research & Development,Laboratory Technician,4,2376,1,No,3,2,2,2,2,Entry
1188,43,9,3,Marketing,Female,Single,Yes,1,1,2,Sales,Sales Executive,3,5346,8,No,3,7,4,3,1,Entry
1190,32,2,1,Life Sciences,Female,Divorced,No,3,3,1,Sales,Sales Representative,1,2827,1,No,3,1,1,0,0,Entry
1191,56,4,4,Technical Degree,Female,Divorced,No,4,3,5,Research & Development,Manager,1,19943,4,No,3,28,5,2,4,Senior
1192,29,6,1,Medical,Female,Married,No,2,3,1,Research & Development,Laboratory Technician,4,3131,1,No,3,10,10,8,0,Intermediate
1193,19,9,2,Life Sciences,Male,Single,No,3,3,1,Research & Development,Research Scientist,1,2552,1,No,4,1,1,1,0,Entry
1195,45,7,3,Medical,Female,Married,No,1,3,1,Research & Development,Research Scientist,3,4477,4,Yes,3,7,3,2,0,Entry
1196,37,1,3,Life Sciences,Female,Married,No,4,2,2,Research & Development,Manufacturing Director,4,6474,1,No,3,14,14,8,3,Intermediate
1198,20,3,3,Life Sciences,Male,Single,No,1,2,1,Research & Development,Laboratory Technician,3,3033,1,No,3,2,2,2,1,Entry
1200,44,10,4,Life Sciences,Male,Single,Yes,3,3,1,Research & Development,Research Scientist,3,2936,1,Yes,3,6,6,4,0,Entry
1201,53,7,2,Medical,Female,Divorced,No,4,3,5,Research & Development,Manager,3,18606,3,No,3,26,7,7,4,Senior
1202,29,15,1,Life Sciences,Female,Married,No,2,1,1,Research & Development,Research Scientist,4,2168,0,Yes,3,6,5,4,1,Entry
1203,22,3,4,Life Sciences,Male,Married,Yes,3,2,1,Research & Development,Research Scientist,4,2853,0,Yes,3,1,0,0,0,Entry
1204,46,2,3,Marketing,Female,Married,No,3,3,4,Sales,Manager,1,17048,8,No,4,28,26,15,15,Senior
1206,44,17,3,Life Sciences,Male,Single,No,4,1,1,Research & Development,Research Scientist,3,2290,2,No,3,6,0,0,0,Entry
1207,33,2,3,Human Resources,Male,Married,No,2,3,1,Human Resources,Human Resources,3,3600,1,No,3,5,5,4,1,Entry
1210,41,5,2,Life Sciences,Male,Divorced,Yes,1,2,1,Research & Development,Research Scientist,1,2107,6,No,3,5,1,0,0,Entry
1211,30,29,4,Life Sciences,Male,Divorced,No,3,3,2,Sales,Sales Executive,1,4115,8,No,3,8,4,3,0,Entry
1212,40,2,4,Medical,Male,Married,No,2,3,2,Sales,Sales Executive,2,4327,5,No,3,5,0,0,0,Entry
1215,50,2,3,Medical,Female,Married,No,4,3,4,Research & Development,Manager,1,17856,2,No,4,32,2,2,2,Senior
1216,28,19,4,Medical,Male,Married,No,4,2,1,Research & Development,Laboratory Technician,1,3196,1,No,3,6,6,5,3,Entry
1217,46,15,2,Life Sciences,Male,Married,No,4,3,5,Research & Development,Research Director,2,19081,5,No,3,25,4,2,0,Senior
1218,35,17,4,Life Sciences,Male,Married,No,3,3,2,Sales,Sales Executive,1,8966,3,Yes,3,15,7,7,1,Entry
1219,24,17,2,Life Sciences,Female,Married,Yes,4,3,1,Research & Development,Laboratory Technician,2,2210,1,No,3,1,1,0,0,Entry
1220,33,25,3,Medical,Female,Married,No,2,3,2,Sales,Sales Executive,3,4539,1,No,3,10,10,7,0,Intermediate
1221,36,6,4,Life Sciences,Male,Divorced,No,3,1,1,Research & Development,Laboratory Technician,3,2741,1,No,3,7,7,7,1,Entry
1224,30,7,4,Life Sciences,Male,Divorced,No,3,3,2,Research & Development,Laboratory Technician,3,3491,1,No,3,10,10,7,8,Intermediate
1225,44,29,4,Other,Male,Single,No,4,3,2,Research & Development,Research Scientist,4,4541,1,No,4,20,20,11,13,Senior
1226,20,21,3,Marketing,Male,Single,No,3,4,1,Sales,Sales Representative,4,2678,1,No,3,2,2,1,2,Entry
1228,46,2,4,Technical Degree,Male,Divorced,No,4,3,2,Research & Development,Manufacturing Director,4,7379,2,No,3,12,6,3,1,Intermediate
1231,42,2,5,Medical,Male,Married,No,4,4,2,Human Resources,Human Resources,1,6272,7,No,3,10,4,3,0,Intermediate
1233,60,7,4,Marketing,Male,Divorced,No,2,4,2,Sales,Sales Executive,4,5220,0,Yes,3,12,11,7,1,Intermediate
1234,32,13,3,Other,Female,Married,No,3,2,1,Research & Development,Laboratory Technician,2,2743,1,No,4,2,2,2,2,Entry
1235,32,2,2,Life Sciences,Female,Single,No,4,3,2,Research & Development,Research Scientist,3,4998,4,Yes,3,10,8,7,0,Intermediate
1237,36,1,3,Technical Degree,Female,Divorced,No,3,1,3,Research & Development,Manufacturing Director,1,10252,2,Yes,4,17,7,7,7,Senior
1238,33,9,3,Medical,Male,Married,No,1,3,1,Research & Development,Research Scientist,4,2781,0,No,3,15,14,10,4,Entry
1239,40,10,3,Technical Degree,Female,Divorced,No,2,2,2,Sales,Sales Executive,2,6852,7,No,3,7,5,1,1,Entry
1240,25,10,4,Life Sciences,Male,Single,No,3,3,2,Sales,Sales Executive,4,4950,0,No,3,5,4,3,1,Entry
1241,30,1,3,Medical,Male,Married,No,4,3,1,Research & Development,Research Scientist,2,3579,0,Yes,4,12,11,9,5,Intermediate
1242,42,26,5,Medical,Female,Married,No,1,3,3,Research & Development,Research Director,1,13191,3,Yes,3,20,1,0,0,Senior
1243,35,8,2,Marketing,Female,Married,No,3,2,3,Sales,Sales Executive,4,10377,4,Yes,3,16,13,2,4,Senior
1244,27,14,3,Life Sciences,Male,Married,No,1,3,1,Research & Development,Research Scientist,1,2235,1,Yes,3,9,9,7,6,Entry
1245,54,1,4,Life Sciences,Female,Divorced,No,4,3,3,Research & Development,Manufacturing Director,3,10502,7,No,3,33,5,4,1,Senior
1246,44,2,1,Life Sciences,Female,Married,No,1,4,1,Research & Development,Research Scientist,4,2011,1,No,3,10,10,5,7,Intermediate
1248,19,10,3,Medical,Female,Single,Yes,1,2,1,Research & Development,Research Scientist,2,1859,1,Yes,4,1,1,1,0,Entry
1249,29,1,3,Life Sciences,Female,Divorced,No,1,3,1,Research & Development,Research Scientist,4,3760,1,No,3,3,3,2,1,Entry
1250,54,3,3,Life Sciences,Male,Married,No,4,3,4,Research & Development,Research Director,4,17779,3,No,3,36,10,9,0,Senior
1251,31,11,2,Medical,Male,Married,No,3,3,2,Research & Development,Healthcare Representative,1,6833,1,Yes,3,6,6,5,0,Entry
1252,31,24,3,Medical,Female,Single,No,3,2,2,Research & Development,Healthcare Representative,1,6812,1,No,3,10,10,9,1,Intermediate
1254,59,3,3,Life Sciences,Female,Single,No,3,2,2,Sales,Sales Executive,4,5171,5,No,3,13,6,1,0,Intermediate
1255,43,3,3,Life Sciences,Male,Married,No,3,1,5,Research & Development,Research Director,4,19740,3,No,3,25,8,7,0,Senior
1256,49,4,2,Medical,Male,Married,No,1,2,5,Research & Development,Manager,3,18711,2,No,3,23,1,0,0,Senior
1257,36,3,3,Technical Degree,Male,Married,No,3,3,1,Research & Development,Research Scientist,2,3692,1,No,3,12,11,10,0,Intermediate
1258,48,2,2,Technical Degree,Male,Single,No,4,4,1,Research & Development,Laboratory Technician,2,2559,5,No,3,7,1,0,0,Entry
1259,27,4,2,Life Sciences,Male,Divorced,No,1,3,1,Research & Development,Research Scientist,3,2517,1,No,3,5,5,3,0,Entry
1260,29,7,3,Life Sciences,Male,Divorced,No,3,3,2,Research & Development,Healthcare Representative,4,6623,1,Yes,3,6,6,0,1,Entry
1263,48,1,3,Life Sciences,Male,Single,No,4,2,5,Research & Development,Research Director,4,18265,6,No,3,25,1,0,0,Senior
1264,29,1,3,Life Sciences,Female,Divorced,No,4,2,4,Research & Development,Research Director,4,16124,3,No,3,9,7,7,1,Entry
1265,34,20,3,Technical Degree,Female,Married,No,3,4,1,Research & Development,Research Scientist,3,2585,0,No,3,2,1,0,0,Entry
1267,44,5,3,Marketing,Male,Married,No,2,3,5,Sales,Manager,2,18213,7,No,3,26,22,9,3,Senior
1268,33,10,5,Marketing,Male,Divorced,No,4,4,3,Sales,Sales Executive,3,8380,0,Yes,3,10,9,8,0,Intermediate
1269,19,25,3,Life Sciences,Female,Single,No,2,4,1,Research & Development,Research Scientist,4,2994,1,Yes,3,1,1,0,0,Entry
1270,23,1,2,Life Sciences,Male,Married,No,4,3,1,Research & Development,Research Scientist,3,1223,1,No,4,1,1,0,0,Entry
1273,25,24,1,Life Sciences,Male,Single,Yes,3,1,1,Sales,Sales Representative,4,1118,1,Yes,3,1,1,0,1,Entry
1275,26,4,2,Life Sciences,Male,Single,No,3,3,1,Research & Development,Research Scientist,4,2875,1,Yes,4,8,8,5,2,Entry
1277,45,2,3,Marketing,Female,Single,Yes,1,1,5,Sales,Manager,2,18824,2,Yes,3,26,24,10,1,Senior
1278,55,8,1,Medical,Male,Divorced,No,4,2,4,Research & Development,Healthcare Representative,2,13577,1,Yes,3,34,33,9,15,Senior
1279,21,10,2,Life Sciences,Female,Single,Yes,1,2,1,Research & Development,Laboratory Technician,3,2625,1,No,4,2,2,2,2,Entry
1280,46,4,2,Marketing,Female,Married,No,4,2,5,Sales,Manager,2,18789,2,No,3,26,11,4,0,Senior
1281,34,2,3,Marketing,Female,Single,No,3,3,2,Sales,Sales Executive,1,4538,0,Yes,3,4,3,2,0,Entry
1282,51,9,3,Life Sciences,Male,Divorced,No,4,3,5,Sales,Manager,2,19847,4,Yes,4,31,29,10,11,Senior
1283,59,18,4,Medical,Male,Single,No,4,3,3,Research & Development,Manufacturing Director,4,10512,6,No,3,25,9,7,5,Senior
1285,34,19,3,Medical,Female,Divorced,No,3,3,2,Research & Development,Laboratory Technician,2,4444,4,No,3,15,11,8,5,Entry
1286,28,1,4,Medical,Male,Single,No,4,3,1,Research & Development,Laboratory Technician,3,2154,0,Yes,3,5,4,2,0,Entry
1288,44,4,2,Life Sciences,Male,Divorced,No,3,4,5,Research & Development,Manager,1,19190,1,No,3,26,25,9,14,Senior
1289,34,11,3,Life Sciences,Male,Married,No,3,2,2,Human Resources,Human Resources,2,4490,4,No,3,14,10,9,1,Intermediate
1291,35,6,1,Life Sciences,Male,Married,No,3,3,1,Research & Development,Research Scientist,3,3506,0,Yes,3,4,3,2,2,Entry
1292,42,7,4,Medical,Female,Married,No,2,4,2,Research & Development,Research Scientist,2,2372,6,Yes,3,18,1,0,0,Senior
1293,43,4,4,Marketing,Female,Single,No,4,2,3,Sales,Sales Executive,4,10231,3,No,3,23,21,7,15,Senior
1294,36,2,4,Life Sciences,Female,Single,No,3,3,2,Research & Development,Manufacturing Director,2,5410,9,Yes,3,18,16,14,5,Senior
1295,44,15,3,Medical,Female,Married,Yes,1,3,3,Research & Development,Healthcare Representative,4,7978,1,No,3,10,10,7,0,Intermediate
1296,28,2,3,Life Sciences,Male,Married,No,4,2,1,Research & Development,Laboratory Technician,4,3867,1,Yes,3,2,2,2,2,Entry
1297,51,6,2,Medical,Female,Single,No,2,2,1,Research & Development,Laboratory Technician,3,2838,0,No,3,8,7,0,7,Entry
1298,30,9,2,Medical,Female,Single,No,3,3,2,Research & Development,Manufacturing Director,3,4695,7,Yes,3,10,8,4,1,Intermediate
1299,29,7,3,Technical Degree,Female,Divorced,Yes,2,3,1,Research & Development,Laboratory Technician,3,3339,3,Yes,3,10,7,7,7,Intermediate
1301,28,1,3,Technical Degree,Male,Single,No,4,3,1,Research & Development,Research Scientist,1,2080,2,No,3,5,3,2,1,Entry
1303,25,1,3,Medical,Female,Single,No,4,3,1,Research & Development,Research Scientist,2,2096,1,No,3,2,2,2,2,Entry
1304,32,8,3,Medical,Male,Married,No,3,4,2,Sales,Sales Executive,4,6209,1,No,3,10,10,7,0,Intermediate
1306,45,25,3,Medical,Female,Single,No,2,3,5,Research & Development,Manager,2,18061,3,No,4,22,0,0,0,Senior
1307,39,13,4,Medical,Female,Divorced,No,3,2,4,Research & Development,Manager,2,17123,6,Yes,3,21,19,9,15,Senior
1308,58,23,4,Life Sciences,Male,Divorced,No,1,3,1,Research & Development,Research Scientist,3,2372,1,No,3,2,2,2,2,Entry
1309,32,7,2,Life Sciences,Male,Married,Yes,4,3,2,Research & Development,Laboratory Technician,3,4883,1,No,3,10,10,4,1,Intermediate
1310,39,23,3,Medical,Male,Single,Yes,3,3,1,Research & Development,Research Scientist,1,3904,0,No,3,6,5,2,0,Entry
1311,30,6,3,Technical Degree,Female,Married,No,1,2,2,Research & Development,Laboratory Technician,4,4627,0,No,3,10,9,2,6,Intermediate
1312,36,10,4,Technical Degree,Female,Married,No,4,3,3,Research & Development,Healthcare Representative,3,7094,3,No,3,10,7,7,1,Intermediate
1314,46,1,2,Life Sciences,Female,Single,No,4,3,1,Human Resources,Human Resources,1,3423,6,No,3,10,7,6,5,Intermediate
1315,28,1,3,Life Sciences,Female,Married,No,3,1,2,Research & Development,Laboratory Technician,4,6674,0,No,3,10,9,8,7,Intermediate
1317,50,28,3,Life Sciences,Female,Married,No,4,3,4,Research & Development,Research Director,1,16880,4,Yes,3,25,3,2,1,Senior
1318,40,25,4,Marketing,Male,Single,Yes,4,2,3,Sales,Sales Executive,2,9094,2,Yes,3,9,5,4,1,Entry
1319,52,5,3,Life Sciences,Male,Single,Yes,2,3,3,Sales,Sales Executive,2,8446,9,Yes,3,10,8,7,7,Intermediate
1321,30,17,4,Medical,Female,Married,No,2,3,3,Research & Development,Manager,1,11916,1,Yes,4,9,9,1,0,Entry
1322,39,18,2,Life Sciences,Male,Single,No,1,3,2,Research & Development,Manufacturing Director,3,4534,0,No,3,9,8,7,1,Entry
1324,31,2,4,Life Sciences,Female,Divorced,No,4,3,3,Sales,Sales Executive,3,9852,1,Yes,3,10,10,8,9,Intermediate
1329,41,10,2,Medical,Male,Single,No,3,1,2,Sales,Sales Executive,2,6151,1,No,3,19,19,2,11,Senior
1331,31,1,3,Life Sciences,Female,Single,Yes,4,3,1,Sales,Sales Representative,2,2302,1,Yes,3,3,3,2,2,Entry
1333,44,3,3,Life Sciences,Male,Married,Yes,1,3,1,Research & Development,Laboratory Technician,1,2362,4,No,3,10,3,2,1,Intermediate
1334,42,2,1,Life Sciences,Male,Married,No,3,3,4,Research & Development,Manager,3,17861,0,Yes,3,21,20,8,2,Senior
1336,55,2,2,Medical,Female,Married,No,4,1,5,Research & Development,Manager,3,19187,4,No,3,23,19,9,9,Senior
1338,56,8,4,Life Sciences,Male,Single,No,4,3,5,Human Resources,Manager,2,19717,6,No,3,36,7,3,7,Senior
1340,40,16,2,Life Sciences,Male,Divorced,No,3,3,1,Research & Development,Research Scientist,3,3544,9,No,3,6,4,2,0,Entry
1344,34,9,3,Life Sciences,Male,Divorced,No,4,3,3,Research & Development,Healthcare Representative,4,8500,0,No,3,10,9,7,1,Intermediate
1346,40,2,3,Life Sciences,Male,Single,No,3,3,2,Research & Development,Research Scientist,4,4661,1,No,3,9,9,8,8,Entry
1349,41,1,3,Marketing,Female,Divorced,No,3,3,2,Sales,Sales Executive,1,4103,0,No,3,10,9,3,1,Intermediate
1350,35,4,4,Life Sciences,Male,Single,No,3,3,2,Research & Development,Research Scientist,3,4249,1,Yes,3,9,9,6,1,Entry
1352,51,5,3,Life Sciences,Male,Divorced,No,3,3,4,Human Resources,Manager,2,14026,1,Yes,3,33,33,9,0,Senior
1355,38,2,2,Life Sciences,Female,Divorced,No,2,3,2,Sales,Sales Executive,1,6893,3,No,3,11,7,7,1,Intermediate
1356,34,15,2,Medical,Female,Single,No,3,3,2,Sales,Sales Executive,1,6125,1,No,3,10,10,8,9,Intermediate
1358,25,19,1,Medical,Male,Married,No,4,3,1,Research & Development,Laboratory Technician,4,3669,3,No,3,7,3,2,1,Entry
1360,58,7,4,Medical,Female,Married,Yes,3,2,3,Research & Development,Manufacturing Director,1,10008,7,Yes,3,31,10,9,5,Senior
1361,40,1,4,Life Sciences,Male,Married,No,2,3,1,Research & Development,Laboratory Technician,2,2387,3,No,4,7,4,2,0,Entry
1362,36,7,3,Marketing,Female,Married,No,1,4,2,Sales,Sales Executive,1,4639,2,No,3,17,15,7,6,Senior
1363,48,4,3,Life Sciences,Male,Single,No,4,3,3,Research & Development,Manufacturing Director,4,7898,1,No,3,11,10,9,0,Intermediate
1364,27,11,3,Medical,Female,Married,No,3,4,1,Sales,Sales Representative,4,2534,8,No,3,5,1,0,0,Entry
1367,51,11,2,Technical Degree,Female,Single,No,4,2,4,Research & Development,Manufacturing Director,2,13142,3,No,3,29,5,2,0,Senior
1368,18,1,3,Life Sciences,Female,Single,No,4,3,1,Research & Development,Laboratory Technician,4,1611,1,No,3,0,0,0,0,Entry
1369,35,1,3,Medical,Female,Married,No,4,2,2,Research & Development,Laboratory Technician,4,5363,0,No,3,10,9,7,0,Intermediate
1371,27,2,1,Life Sciences,Male,Single,No,4,1,2,Sales,Sales Executive,4,5071,3,No,4,8,6,2,0,Entry
1372,55,13,4,Marketing,Male,Single,Yes,1,4,4,Sales,Sales Executive,3,13695,6,Yes,3,24,19,7,3,Senior
1373,56,23,3,Life Sciences,Male,Married,No,4,3,4,Research & Development,Manufacturing Director,2,13402,4,Yes,3,33,19,16,15,Senior
1374,34,26,1,Technical Degree,Female,Divorced,No,1,2,1,Research & Development,Research Scientist,3,2029,1,No,4,5,5,4,0,Entry
1375,40,2,1,Medical,Female,Divorced,No,2,4,2,Research & Development,Healthcare Representative,3,6377,5,No,4,15,12,11,11,Entry
1377,34,29,3,Medical,Male,Married,No,2,3,2,Research & Development,Laboratory Technician,3,5429,4,No,3,10,8,7,7,Intermediate
1379,31,2,3,Life Sciences,Female,Single,Yes,3,2,1,Sales,Sales Representative,4,2785,7,No,3,3,1,0,0,Entry
1380,35,18,4,Marketing,Female,Married,Yes,4,3,2,Sales,Sales Executive,3,4614,0,Yes,3,5,4,2,3,Entry
1382,38,7,3,Life Sciences,Male,Divorced,No,4,4,1,Research & Development,Research Scientist,3,2610,1,No,3,4,4,2,0,Entry
1383,34,2,4,Technical Degree,Female,Single,No,3,3,2,Research & Development,Healthcare Representative,4,6687,1,No,3,14,14,11,4,Intermediate
1387,28,26,3,Life Sciences,Male,Married,No,3,2,2,Sales,Sales Executive,1,4724,1,No,3,5,5,3,0,Entry
1389,31,22,4,Medical,Male,Married,Yes,4,3,2,Research & Development,Manufacturing Director,3,6179,1,Yes,3,10,10,2,6,Intermediate
1390,39,21,4,Life Sciences,Male,Married,No,1,2,2,Sales,Sales Executive,4,6120,3,Yes,3,8,5,4,1,Entry
1391,51,2,3,Marketing,Male,Married,No,2,3,3,Sales,Sales Executive,2,10596,2,No,3,14,4,2,3,Intermediate
1392,41,22,3,Life Sciences,Female,Divorced,No,4,3,2,Research & Development,Research Scientist,4,5467,3,Yes,3,12,6,2,3,Intermediate
1394,37,4,1,Life Sciences,Male,Married,No,3,3,1,Research & Development,Research Scientist,3,2996,7,Yes,3,8,6,4,1,Entry
1395,33,5,1,Life Sciences,Male,Married,No,2,3,2,Sales,Sales Executive,4,9998,6,No,3,8,5,4,1,Entry
1396,32,2,1,Marketing,Male,Married,No,3,3,2,Sales,Sales Executive,2,4078,0,Yes,3,4,3,2,1,Entry
1397,39,25,2,Life Sciences,Male,Married,No,3,3,3,Research & Development,Healthcare Representative,3,10920,3,No,4,13,6,4,0,Intermediate
1399,25,18,1,Life Sciences,Male,Married,No,1,4,2,Sales,Sales Executive,3,6232,2,No,3,6,3,2,1,Entry
1401,52,28,2,Medical,Female,Married,No,4,4,4,Research & Development,Manufacturing Director,3,13247,2,Yes,3,24,5,3,0,Senior
1402,43,6,3,Medical,Female,Single,No,1,2,2,Research & Development,Research Scientist,3,4081,1,Yes,3,20,20,7,1,Senior
1403,27,10,3,Marketing,Female,Married,No,4,2,2,Sales,Sales Executive,4,5769,1,Yes,3,6,6,2,4,Entry
1405,27,17,4,Life Sciences,Female,Single,Yes,4,3,1,Research & Development,Research Scientist,3,2394,1,Yes,3,8,8,2,7,Entry
1407,26,2,1,Medical,Male,Single,No,1,2,1,Research & Development,Research Scientist,4,3904,0,No,3,5,4,3,1,Entry
1408,42,10,3,Human Resources,Female,Married,No,3,3,4,Human Resources,Manager,1,16799,0,No,3,21,20,7,0,Senior
1409,52,8,4,Other,Female,Married,No,3,3,1,Research & Development,Laboratory Technician,1,2950,9,No,3,12,5,4,0,Intermediate
1411,37,11,3,Medical,Female,Single,No,1,3,1,Research & Development,Laboratory Technician,3,3629,4,No,3,8,3,2,0,Entry
1412,35,18,2,Life Sciences,Male,Single,No,3,3,3,Research & Development,Manufacturing Director,4,9362,2,No,3,10,2,2,2,Intermediate
1415,25,1,3,Technical Degree,Male,Married,No,1,3,1,Research & Development,Laboratory Technician,4,3229,4,No,3,7,3,2,0,Entry
1417,26,7,3,Other,Male,Single,No,3,4,1,Research & Development,Laboratory Technician,1,3578,0,No,3,8,7,7,0,Entry
1419,29,17,3,Other,Male,Single,No,2,2,3,Human Resources,Human Resources,1,7988,1,No,3,10,10,9,0,Intermediate
1420,49,28,2,Life Sciences,Male,Single,Yes,1,2,2,Research & Development,Laboratory Technician,1,4284,3,No,4,20,4,3,1,Senior
1421,29,14,1,Other,Female,Single,Yes,3,3,3,Research & Development,Healthcare Representative,4,7553,0,Yes,3,9,8,7,7,Entry
1422,54,1,3,Medical,Female,Single,No,4,3,4,Research & Development,Research Director,4,17328,6,No,3,29,20,7,12,Senior
1423,58,1,3,Medical,Female,Married,No,4,3,5,Research & Development,Research Director,1,19701,3,Yes,4,32,9,8,1,Senior
1424,55,1,4,Medical,Male,Divorced,No,2,4,4,Research & Development,Research Director,4,14732,2,No,3,31,7,7,0,Senior
1425,36,3,4,Marketing,Female,Single,No,1,3,2,Sales,Sales Executive,2,9278,3,Yes,3,15,5,4,0,Entry
1427,31,1,4,Life Sciences,Female,Single,Yes,2,1,1,Sales,Sales Representative,3,1359,1,No,3,1,1,0,0,Entry
1428,30,7,4,Marketing,Female,Divorced,No,4,3,2,Sales,Sales Executive,1,4779,7,No,3,8,3,2,0,Entry
1430,31,8,5,Life Sciences,Female,Single,No,1,3,4,Research & Development,Research Director,2,16422,3,No,3,9,3,2,1,Entry
1431,34,1,4,Other,Male,Divorced,No,4,3,1,Research & Development,Research Scientist,1,2996,5,No,3,10,4,3,1,Intermediate
1433,31,8,3,Life Sciences,Female,Single,Yes,1,2,1,Research & Development,Research Scientist,2,1261,1,No,3,1,1,0,0,Entry
1434,27,11,1,Life Sciences,Male,Married,No,2,3,1,Research & Development,Laboratory Technician,1,2099,0,No,3,6,5,0,1,Entry
1435,36,4,4,Life Sciences,Male,Single,No,1,2,2,Research & Development,Laboratory Technician,4,5810,1,No,3,10,10,4,1,Intermediate
1436,36,16,4,Marketing,Female,Married,No,3,2,2,Sales,Sales Executive,1,5647,4,No,3,11,3,2,0,Intermediate
1438,47,1,3,Technical Degree,Male,Married,No,1,3,1,Research & Development,Research Scientist,4,3420,7,No,3,17,6,5,1,Senior
1439,25,9,2,Life Sciences,Male,Married,Yes,1,2,1,Sales,Sales Representative,1,4400,3,No,3,6,3,2,2,Entry
1440,37,5,2,Technical Degree,Male,Single,No,3,4,1,Research & Development,Laboratory Technician,3,3500,0,No,3,7,6,5,1,Entry
1441,56,1,2,Life Sciences,Female,Married,No,1,3,1,Research & Development,Research Scientist,1,2066,2,No,4,5,3,2,1,Entry
1443,47,2,4,Medical,Female,Married,No,1,3,4,Research & Development,Research Director,3,17169,3,No,3,26,20,17,5,Senior
1445,24,4,1,Medical,Female,Married,No,4,3,2,Sales,Sales Executive,3,4162,1,Yes,3,5,5,4,0,Entry
1446,32,7,5,Marketing,Male,Married,No,4,3,2,Sales,Sales Executive,4,9204,4,No,3,7,4,3,0,Entry
1447,34,1,3,Life Sciences,Female,Married,No,4,2,1,Research & Development,Laboratory Technician,2,3294,5,No,3,7,5,4,0,Entry
1448,41,5,5,Medical,Male,Married,No,2,4,1,Research & Development,Research Scientist,3,2127,2,Yes,3,7,4,2,0,Entry
1449,40,9,4,Other,Male,Divorced,No,3,3,2,Research & Development,Laboratory Technician,3,3975,3,No,3,11,8,7,0,Intermediate
1453,31,8,2,Life Sciences,Male,Divorced,No,1,3,3,Sales,Sales Executive,4,10793,1,No,3,13,13,7,9,Intermediate
1457,46,9,3,Marketing,Male,Divorced,Yes,1,3,3,Sales,Sales Executive,4,10096,4,No,3,28,7,7,4,Senior
1458,39,2,3,Life Sciences,Female,Single,Yes,1,2,1,Research & Development,Laboratory Technician,1,3646,2,Yes,4,11,1,0,0,Intermediate
1459,31,1,5,Life Sciences,Female,Single,Yes,3,4,3,Research & Development,Manufacturing Director,2,7446,1,No,3,10,10,8,4,Intermediate
1460,45,20,3,Medical,Male,Divorced,No,2,1,3,Research & Development,Healthcare Representative,1,10851,2,Yes,3,24,7,7,0,Senior
1461,31,8,2,Medical,Female,Single,No,4,4,1,Human Resources,Human Resources,2,2109,9,No,3,8,3,2,0,Entry
1464,31,2,3,Life Sciences,Male,Married,Yes,2,3,1,Research & Development,Laboratory Technician,4,3722,6,Yes,3,7,2,2,2,Entry
1465,45,29,3,Technical Degree,Male,Married,No,2,3,3,Research & Development,Manufacturing Director,4,9380,4,Yes,3,10,3,1,1,Intermediate
1466,48,7,3,Marketing,Male,Divorced,No,3,3,2,Sales,Sales Executive,1,5486,4,No,3,15,2,2,2,Entry
1467,34,9,4,Technical Degree,Female,Married,Yes,1,3,1,Human Resources,Human Resources,3,2742,1,No,3,2,2,2,2,Entry
1468,40,8,1,Medical,Male,Divorced,No,4,2,3,Research & Development,Research Director,2,13757,2,No,3,16,9,8,4,Senior
1469,28,5,3,Medical,Male,Single,No,4,3,2,Sales,Sales Executive,1,8463,0,No,3,6,5,4,1,Entry
1471,44,5,3,Life Sciences,Male,Single,No,3,2,1,Research & Development,Laboratory Technician,3,3162,3,No,3,7,5,2,0,Entry
1472,53,2,3,Medical,Male,Single,No,4,4,4,Research & Development,Research Director,2,16598,4,No,3,35,9,8,8,Senior
1473,49,5,4,Technical Degree,Male,Married,No,1,3,2,Research & Development,Healthcare Representative,3,6651,2,No,3,20,3,2,1,Senior
1474,40,2,3,Medical,Male,Divorced,No,3,3,1,Research & Development,Research Scientist,3,2345,2,No,3,8,3,1,1,Entry
1475,44,20,3,Life Sciences,Male,Single,No,4,3,1,Research & Development,Research Scientist,2,3420,1,No,3,6,5,2,1,Entry
1477,33,7,3,Medical,Male,Married,No,4,3,2,Sales,Sales Executive,1,4373,0,No,3,5,4,3,0,Entry
1478,34,3,3,Other,Male,Single,No,4,1,2,Sales,Sales Executive,1,4759,3,No,3,15,13,9,3,Entry
1479,30,16,1,Life Sciences,Male,Married,No,4,3,2,Sales,Sales Executive,3,5301,8,No,3,4,2,1,2,Entry
1480,42,9,2,Medical,Female,Single,No,1,3,1,Research & Development,Laboratory Technician,4,3673,1,No,3,12,12,9,5,Intermediate
1481,44,1,5,Marketing,Female,Married,No,1,3,2,Sales,Sales Executive,3,4768,7,No,3,11,1,0,0,Intermediate
1482,30,7,3,Technical Degree,Male,Divorced,No,3,3,1,Research & Development,Research Scientist,3,1274,1,No,3,1,1,0,0,Entry
1483,57,1,2,Life Sciences,Male,Married,No,2,4,2,Research & Development,Research Scientist,3,4900,0,No,4,13,12,9,2,Intermediate
1484,49,7,4,Life Sciences,Male,Divorced,No,3,3,3,Research & Development,Healthcare Representative,2,10466,3,No,3,29,8,7,0,Senior
1485,34,15,3,Medical,Male,Divorced,No,2,3,4,Research & Development,Research Director,1,17007,7,No,3,16,14,8,6,Senior
1486,28,1,3,Technical Degree,Male,Married,Yes,1,3,1,Sales,Sales Representative,3,2909,3,No,3,5,3,2,1,Entry
1487,29,13,3,Technical Degree,Female,Single,Yes,1,3,2,Sales,Sales Executive,2,5765,5,No,3,7,5,3,0,Entry
1489,34,24,4,Medical,Female,Single,Yes,1,2,2,Sales,Sales Executive,2,4599,0,Yes,4,16,15,9,10,Senior
1492,35,7,1,Life Sciences,Male,Married,No,4,3,1,Sales,Sales Representative,3,2404,1,No,3,1,1,0,0,Entry
1494,24,9,3,Medical,Male,Single,Yes,2,3,1,Research & Development,Laboratory Technician,1,3172,2,Yes,3,4,0,0,0,Entry
1495,24,13,2,Life Sciences,Female,Married,No,4,3,1,Sales,Sales Representative,2,2033,1,No,3,1,1,0,0,Entry
1496,44,2,1,Medical,Male,Single,No,2,3,3,Research & Development,Manufacturing Director,3,10209,5,Yes,3,16,2,2,2,Senior
1497,29,19,3,Life Sciences,Male,Divorced,No,3,2,2,Sales,Sales Executive,3,8620,1,No,3,10,10,7,0,Intermediate
1499,30,1,3,Life Sciences,Male,Divorced,No,3,3,1,Human Resources,Human Resources,3,2064,0,No,4,6,5,3,1,Entry
1501,55,4,4,Life Sciences,Male,Married,No,4,3,2,Research & Development,Healthcare Representative,3,4035,0,Yes,3,4,3,2,1,Entry
1502,33,4,4,Medical,Female,Married,No,1,2,1,Research & Development,Laboratory Technician,2,3838,8,No,3,8,5,4,0,Entry
1503,47,14,3,Medical,Female,Married,No,3,3,2,Sales,Sales Executive,3,4591,3,Yes,3,11,5,4,1,Intermediate
1504,28,2,2,Medical,Male,Single,Yes,3,2,1,Research & Development,Laboratory Technician,1,2561,7,No,3,8,0,0,0,Entry
1506,28,1,3,Life Sciences,Male,Divorced,No,1,2,1,Research & Development,Research Scientist,3,1563,1,No,3,1,1,0,0,Entry
1507,28,7,3,Life Sciences,Male,Single,No,3,3,2,Sales,Sales Executive,1,4898,0,No,3,5,4,2,1,Entry
1509,49,3,2,Medical,Female,Married,No,3,2,2,Research & Development,Laboratory Technician,1,4789,4,No,4,10,3,2,1,Intermediate
1513,29,2,1,Life Sciences,Female,Married,No,4,3,1,Research & Development,Laboratory Technician,2,3180,0,No,3,4,3,2,0,Entry
1514,28,29,1,Life Sciences,Male,Married,No,3,1,2,Research & Development,Manufacturing Director,2,6549,1,No,3,8,8,6,1,Entry
1515,33,8,5,Life Sciences,Male,Single,No,4,3,2,Research & Development,Healthcare Representative,3,6388,2,Yes,3,14,0,0,0,Intermediate
1516,32,10,3,Medical,Male,Single,No,3,3,3,Research & Development,Manager,4,11244,2,No,4,10,5,2,0,Intermediate
1520,54,11,4,Medical,Female,Divorced,No,2,3,4,Research & Development,Manager,4,16032,3,No,4,26,14,9,1,Senior
1522,29,1,4,Technical Degree,Male,Single,Yes,1,2,1,Research & Development,Research Scientist,1,2362,6,No,3,11,9,7,0,Intermediate
1523,44,28,3,Life Sciences,Male,Married,No,4,3,4,Research & Development,Research Director,1,16328,3,No,3,24,20,6,14,Senior
1525,39,6,3,Life Sciences,Female,Single,No,2,3,3,Research & Development,Manufacturing Director,2,8376,4,No,3,9,2,0,2,Entry
1527,46,3,3,Life Sciences,Female,Married,No,3,3,4,Sales,Manager,2,16606,8,No,3,23,13,12,5,Senior
1529,35,16,3,Life Sciences,Female,Single,No,4,2,3,Research & Development,Healthcare Representative,2,8606,1,No,3,11,11,8,3,Intermediate
1533,23,20,1,Life Sciences,Male,Single,No,1,3,2,Research & Development,Laboratory Technician,3,2272,0,No,3,5,4,3,1,Entry
1534,40,9,4,Life Sciences,Male,Single,Yes,4,3,1,Research & Development,Laboratory Technician,1,2018,3,No,3,15,5,4,1,Entry
1535,34,1,3,Technical Degree,Male,Married,No,4,2,3,Sales,Sales Executive,3,7083,1,Yes,3,10,10,9,8,Intermediate
1537,31,3,3,Life Sciences,Female,Single,Yes,4,3,1,Research & Development,Research Scientist,3,4084,1,No,3,7,7,2,7,Entry
1539,50,22,5,Medical,Male,Single,No,3,1,4,Research & Development,Research Director,4,14411,1,Yes,3,32,32,6,13,Senior
1541,34,7,2,Technical Degree,Male,Married,No,2,3,1,Sales,Sales Representative,3,2308,0,Yes,4,12,11,10,5,Intermediate
1542,42,2,3,Medical,Male,Married,No,3,2,1,Research & Development,Laboratory Technician,2,4841,4,No,3,4,1,0,0,Entry
1543,37,13,3,Medical,Male,Married,No,1,3,2,Research & Development,Research Scientist,4,4285,1,No,3,10,10,8,3,Intermediate
1544,29,8,1,Other,Female,Married,No,3,1,2,Research & Development,Healthcare Representative,1,9715,3,No,3,9,7,7,0,Entry
1545,33,25,3,Life Sciences,Male,Single,No,4,2,2,Research & Development,Manufacturing Director,2,4320,1,No,3,5,5,3,0,Entry
1546,45,28,3,Technical Degree,Male,Married,No,4,3,1,Research & Development,Research Scientist,4,2132,4,No,4,8,5,4,0,Entry
1547,42,2,3,Life Sciences,Male,Married,No,4,3,3,Research & Development,Healthcare Representative,4,10124,2,Yes,3,24,20,8,13,Senior
1548,40,9,2,Medical,Male,Married,No,1,3,2,Sales,Sales Executive,1,5473,0,No,3,9,8,4,7,Entry
1549,33,28,4,Life Sciences,Male,Married,No,2,3,2,Research & Development,Laboratory Technician,3,5207,1,Yes,3,15,15,14,5,Entry
1550,40,6,2,Medical,Male,Single,No,3,3,4,Human Resources,Manager,4,16437,1,Yes,4,21,21,7,7,Senior
1551,24,21,2,Technical Degree,Male,Divorced,No,3,2,1,Research & Development,Laboratory Technician,1,2296,0,No,3,2,1,1,0,Entry
1552,40,8,2,Life Sciences,Male,Divorced,No,4,3,2,Research & Development,Healthcare Representative,4,4069,3,Yes,3,8,2,2,2,Entry
1553,45,1,4,Technical Degree,Male,Divorced,No,1,3,3,Research & Development,Healthcare Representative,2,7441,1,No,3,10,10,8,7,Intermediate
1554,35,28,4,Life Sciences,Female,Married,No,2,2,1,Sales,Sales Representative,3,2430,0,No,4,6,5,3,4,Entry
1555,32,5,2,Life Sciences,Female,Married,No,4,2,2,Research & Development,Research Scientist,2,5878,3,No,3,12,7,1,2,Intermediate
1556,36,2,4,Life Sciences,Male,Single,No,3,3,1,Sales,Sales Representative,4,2644,3,Yes,4,7,3,2,1,Entry
1557,48,16,4,Life Sciences,Female,Divorced,No,3,3,2,Sales,Sales Executive,3,6439,8,No,3,18,8,7,7,Senior
1558,29,9,3,Life Sciences,Male,Married,No,3,4,1,Research & Development,Research Scientist,3,2451,6,No,3,5,1,0,0,Entry
1560,33,8,4,Life Sciences,Male,Married,No,1,3,2,Sales,Sales Executive,1,6392,2,No,3,8,2,2,2,Entry
1562,30,1,3,Life Sciences,Male,Married,Yes,2,2,2,Sales,Sales Executive,1,9714,1,No,3,10,10,8,6,Intermediate
1563,38,10,4,Human Resources,Male,Married,No,3,3,2,Human Resources,Human Resources,3,6077,3,No,3,10,6,3,1,Intermediate
1564,35,1,3,Medical,Male,Single,No,4,2,1,Research & Development,Laboratory Technician,1,2450,1,No,3,3,3,0,1,Entry
1568,30,29,4,Technical Degree,Male,Married,No,3,3,3,Sales,Sales Executive,2,9250,3,No,3,9,4,2,1,Entry
1569,35,2,3,Life Sciences,Female,Divorced,Yes,1,3,1,Research & Development,Laboratory Technician,1,2074,1,Yes,3,1,1,0,0,Entry
1572,53,2,5,Technical Degree,Female,Married,Yes,3,2,3,Research & Development,Manufacturing Director,4,10169,0,No,3,34,33,7,1,Senior
1573,38,2,3,Medical,Male,Married,Yes,3,3,2,Research & Development,Manufacturing Director,2,4855,4,No,3,7,5,2,1,Entry
1574,32,1,4,Technical Degree,Male,Married,No,4,3,2,Research & Development,Research Scientist,1,4087,4,No,3,9,6,5,1,Entry
1576,48,15,4,Other,Female,Married,No,3,3,1,Research & Development,Research Scientist,1,2367,8,No,3,10,8,2,7,Intermediate
1577,34,7,4,Medical,Male,Single,No,1,3,1,Research & Development,Research Scientist,4,2972,1,No,3,1,1,0,0,Entry
1578,55,26,5,Marketing,Male,Married,No,3,2,5,Sales,Manager,4,19586,1,No,4,36,36,6,2,Senior
1580,34,1,4,Life Sciences,Male,Married,No,2,3,2,Research & Development,Research Scientist,4,5484,9,No,3,9,2,2,2,Entry
1581,26,3,3,Life Sciences,Female,Married,No,1,3,1,Research & Development,Research Scientist,4,2061,1,No,4,1,1,0,0,Entry
1582,38,14,3,Life Sciences,Male,Married,No,3,3,2,Sales,Sales Executive,2,9924,0,No,3,10,9,8,7,Intermediate
1583,38,16,3,Life Sciences,Female,Single,No,2,3,2,Sales,Sales Executive,2,4198,2,No,3,8,3,2,1,Entry
1585,36,1,4,Life Sciences,Female,Single,No,2,3,2,Sales,Sales Executive,3,6815,6,No,3,15,1,0,0,Entry
1586,29,3,1,Medical,Male,Single,No,2,3,1,Research & Development,Laboratory Technician,1,4723,1,Yes,3,10,10,9,1,Intermediate
1587,35,10,4,Medical,Female,Single,No,1,3,2,Research & Development,Healthcare Representative,3,6142,3,Yes,3,10,5,2,0,Intermediate
1588,39,6,3,Medical,Male,Married,No,4,4,3,Sales,Sales Executive,3,8237,2,No,3,11,7,6,7,Intermediate
1590,29,2,1,Life Sciences,Male,Divorced,No,1,3,2,Research & Development,Healthcare Representative,4,8853,1,No,3,6,6,4,1,Entry
1591,50,9,3,Marketing,Male,Married,No,3,3,5,Sales,Manager,3,19331,4,Yes,3,27,1,0,0,Senior
1592,23,10,3,Technical Degree,Male,Married,No,4,4,1,Research & Development,Research Scientist,3,2073,2,No,3,4,2,2,2,Entry
1594,36,6,4,Life Sciences,Male,Married,No,1,4,2,Research & Development,Laboratory Technician,1,5562,3,Yes,3,9,3,2,0,Entry
1595,42,9,2,Other,Male,Single,No,4,2,5,Research & Development,Manager,4,19613,8,No,4,24,1,0,0,Senior
1596,35,28,3,Life Sciences,Male,Married,No,2,4,2,Research & Development,Laboratory Technician,3,3407,1,No,3,10,10,9,6,Intermediate
1597,34,10,4,Technical Degree,Male,Married,No,4,2,2,Research & Development,Healthcare Representative,3,5063,1,No,3,8,8,2,7,Entry
1598,40,14,2,Life Sciences,Female,Married,No,4,3,2,Sales,Sales Executive,1,4639,1,No,3,5,5,4,1,Entry
1599,43,27,3,Technical Degree,Male,Divorced,No,4,4,1,Research & Development,Laboratory Technician,2,4876,5,No,3,8,6,4,0,Entry
1601,35,7,2,Life Sciences,Male,Married,No,3,2,1,Research & Development,Laboratory Technician,4,2690,1,No,3,1,1,0,0,Entry
1602,46,1,4,Life Sciences,Male,Single,No,4,4,4,Sales,Manager,1,17567,1,No,3,27,26,0,0,Senior
1604,28,24,3,Medical,Male,Married,Yes,3,3,1,Research & Development,Laboratory Technician,2,2408,1,Yes,3,1,1,1,0,Entry
1605,22,26,2,Other,Female,Married,No,2,2,1,Research & Development,Research Scientist,3,2814,1,Yes,3,4,4,2,1,Entry
1606,50,20,5,Medical,Male,Married,No,2,3,4,Research & Development,Healthcare Representative,3,11245,2,Yes,3,32,30,8,12,Senior
1607,32,5,4,Other,Female,Married,No,2,4,1,Research & Development,Research Scientist,4,3312,3,No,3,6,3,2,0,Entry
1608,44,7,3,Medical,Female,Divorced,No,2,3,5,Research & Development,Research Director,4,19049,0,Yes,3,23,22,7,1,Senior
1609,30,7,3,Medical,Male,Married,No,2,2,1,Research & Development,Research Scientist,2,2141,1,No,3,6,6,4,1,Entry
1611,45,5,5,Medical,Female,Single,No,3,1,2,Research & Development,Laboratory Technician,1,5769,1,Yes,3,10,10,7,1,Intermediate
1612,45,26,3,Marketing,Male,Married,No,1,2,2,Sales,Sales Executive,1,4385,1,No,3,10,10,7,4,Intermediate
1613,31,2,4,Other,Male,Single,No,4,3,2,Sales,Sales Executive,1,5332,7,No,3,10,5,2,0,Intermediate
1614,36,12,4,Life Sciences,Female,Married,No,3,3,2,Research & Development,Manufacturing Director,3,4663,9,Yes,3,7,3,2,1,Entry
1615,34,10,4,Life Sciences,Male,Divorced,No,3,4,2,Research & Development,Manufacturing Director,4,4724,1,No,3,9,9,7,7,Entry
1617,49,25,4,Life Sciences,Female,Married,No,3,3,1,Research & Development,Laboratory Technician,1,3211,1,No,3,10,9,6,1,Intermediate
1618,39,10,5,Medical,Male,Married,No,2,3,2,Research & Development,Manufacturing Director,1,5377,2,No,3,10,7,7,7,Intermediate
1619,27,19,3,Other,Male,Divorced,No,4,2,1,Research & Development,Laboratory Technician,1,4066,1,No,3,7,7,7,0,Entry
1621,35,18,5,Life Sciences,Male,Married,No,2,4,2,Research & Development,Research Scientist,1,5208,1,No,3,16,16,15,1,Senior
1622,28,27,3,Medical,Female,Divorced,No,2,1,2,Research & Development,Manufacturing Director,1,4877,0,No,4,6,5,3,0,Entry
1623,21,5,1,Medical,Male,Single,No,3,3,1,Research & Development,Research Scientist,4,3117,1,No,3,3,2,2,2,Entry
1624,18,3,2,Medical,Female,Single,Yes,2,3,1,Sales,Sales Representative,4,1569,1,Yes,3,0,0,0,0,Entry
1625,47,26,4,Life Sciences,Female,Married,No,4,3,5,Human Resources,Manager,3,19658,3,No,3,27,5,2,1,Senior
1627,39,3,2,Medical,Male,Divorced,No,3,2,2,Research & Development,Laboratory Technician,3,3069,0,No,3,11,10,8,0,Intermediate
1628,40,15,3,Life Sciences,Female,Married,No,1,2,3,Research & Development,Manufacturing Director,3,10435,1,No,3,18,18,15,14,Senior
1630,35,8,4,Life Sciences,Female,Married,No,3,3,2,Research & Development,Healthcare Representative,3,4148,1,No,3,15,14,11,2,Entry
1631,37,19,3,Life Sciences,Male,Married,No,3,3,2,Research & Development,Manufacturing Director,3,5768,3,No,3,9,4,3,0,Entry
1633,39,4,3,Medical,Female,Single,No,1,3,2,Research & Development,Manufacturing Director,3,5042,0,No,3,10,9,2,3,Intermediate
1635,45,2,2,Other,Female,Divorced,No,4,2,2,Research & Development,Manufacturing Director,4,5770,1,No,3,10,10,7,3,Intermediate
1638,38,2,2,Medical,Female,Married,No,4,2,3,Research & Development,Manufacturing Director,3,7756,3,Yes,3,10,5,4,0,Intermediate
1639,35,10,3,Medical,Male,Married,Yes,4,2,3,Sales,Sales Executive,1,10306,9,No,3,15,13,12,6,Entry
1640,37,10,3,Medical,Female,Married,No,2,3,1,Research & Development,Research Scientist,2,3936,1,No,3,8,8,4,7,Entry
1641,40,16,3,Life Sciences,Female,Single,No,3,3,3,Research & Development,Manufacturing Director,4,7945,6,Yes,3,18,4,2,3,Senior
1642,44,1,5,Human Resources,Male,Married,No,1,3,2,Human Resources,Human Resources,4,5743,4,Yes,3,14,10,7,0,Intermediate
1644,48,4,5,Medical,Male,Married,No,3,2,4,Research & Development,Manager,4,15202,2,No,4,23,2,2,2,Senior
1645,35,15,2,Medical,Male,Divorced,Yes,1,1,2,Sales,Sales Executive,4,5440,6,Yes,3,7,2,2,2,Entry
1646,24,2,1,Technical Degree,Female,Single,No,1,3,1,Research & Development,Research Scientist,4,3760,1,Yes,3,6,6,3,1,Entry
1647,27,8,3,Medical,Female,Married,No,2,4,1,Research & Development,Research Scientist,3,3517,7,No,3,5,3,2,0,Entry
1648,27,2,3,Medical,Male,Single,No,4,3,1,Research & Development,Research Scientist,4,2580,2,No,3,6,4,2,1,Entry
1649,40,7,3,Life Sciences,Male,Single,Yes,1,3,1,Research & Development,Laboratory Technician,1,2166,3,Yes,3,10,4,2,0,Intermediate
1650,29,10,3,Medical,Male,Single,No,3,2,2,Sales,Sales Executive,3,5869,9,No,3,8,5,2,1,Entry
1651,36,5,4,Life Sciences,Female,Married,No,2,3,3,Research & Development,Healthcare Representative,1,8008,4,No,3,9,3,2,0,Entry
1653,25,2,1,Life Sciences,Male,Divorced,No,4,4,2,Research & Development,Manufacturing Director,3,5206,1,No,3,7,7,7,0,Entry
1654,39,12,3,Medical,Male,Married,No,4,3,2,Research & Development,Manufacturing Director,2,5295,4,No,4,7,5,4,1,Entry
1655,49,22,4,Other,Female,Married,No,1,3,4,Research & Development,Research Director,2,16413,3,No,3,27,4,2,1,Senior
1656,50,17,5,Life Sciences,Female,Divorced,No,4,2,3,Research & Development,Research Director,1,13269,5,No,3,19,14,11,1,Senior
1657,20,2,3,Medical,Female,Single,No,3,3,1,Sales,Sales Representative,3,2783,1,No,3,2,2,2,2,Entry
1658,34,3,3,Life Sciences,Female,Divorced,No,4,3,2,Research & Development,Research Scientist,2,5433,1,No,3,11,11,8,7,Intermediate
1659,36,7,3,Life Sciences,Male,Single,No,1,3,1,Research & Development,Laboratory Technician,2,2013,2,No,3,15,4,3,1,Entry
1661,49,6,1,Life Sciences,Female,Married,No,3,2,4,Research & Development,Healthcare Representative,3,13966,2,Yes,3,30,15,11,2,Senior
1662,36,1,4,Medical,Female,Married,No,4,2,2,Research & Development,Manufacturing Director,3,4374,0,No,3,4,3,2,1,Entry
1664,36,3,2,Life Sciences,Male,Divorced,No,4,4,2,Research & Development,Healthcare Representative,1,6842,6,No,4,13,5,4,0,Intermediate
1665,54,22,5,Medical,Female,Married,No,2,3,4,Research & Development,Manager,3,17426,3,No,4,36,10,8,4,Senior
1666,43,15,2,Life Sciences,Male,Married,No,3,2,4,Research & Development,Research Director,3,17603,1,No,4,14,14,10,6,Intermediate
1667,35,12,4,Other,Male,Single,Yes,4,3,2,Sales,Sales Executive,4,4581,3,Yes,4,13,11,9,6,Intermediate
1668,38,1,3,Life Sciences,Male,Married,No,4,3,2,Research & Development,Research Scientist,4,4735,7,No,3,19,13,11,2,Senior
1669,29,5,3,Medical,Male,Divorced,No,1,2,2,Sales,Sales Executive,2,4187,1,Yes,3,10,10,0,0,Intermediate
1670,33,2,4,Medical,Male,Divorced,No,4,3,2,Sales,Sales Executive,4,5505,1,No,3,6,6,2,0,Entry
1671,32,2,3,Medical,Male,Divorced,No,4,3,2,Research & Development,Research Scientist,2,5470,0,No,3,10,9,5,1,Intermediate
1673,31,5,4,Life Sciences,Female,Married,No,1,3,2,Sales,Sales Executive,4,5476,1,No,3,10,10,0,0,Intermediate
1674,49,16,3,Medical,Female,Divorced,No,4,3,1,Research & Development,Laboratory Technician,1,2587,4,Yes,3,17,2,2,2,Senior
1675,38,2,3,Medical,Female,Single,No,4,2,1,Research & Development,Laboratory Technician,2,2440,1,No,4,4,4,3,3,Entry
1676,47,2,4,Life Sciences,Female,Divorced,No,2,4,4,Sales,Manager,2,15972,6,No,3,29,3,2,1,Senior
1677,49,1,3,Life Sciences,Male,Single,No,3,3,4,Research & Development,Manager,3,15379,4,No,3,23,8,7,0,Senior
1678,41,23,2,Life Sciences,Male,Single,No,4,3,3,Sales,Sales Executive,3,7082,3,Yes,3,21,2,0,0,Senior
1680,20,9,1,Life Sciences,Male,Single,No,4,3,1,Sales,Sales Representative,1,2728,1,No,3,2,2,2,0,Entry
1681,33,16,3,Life Sciences,Female,Divorced,No,3,3,2,Sales,Sales Executive,4,5368,1,Yes,4,7,6,5,1,Entry
1682,36,26,4,Life Sciences,Male,Married,No,1,3,2,Research & Development,Healthcare Representative,3,5347,6,No,3,10,3,2,0,Intermediate
1683,44,1,3,Life Sciences,Female,Divorced,No,3,3,1,Human Resources,Human Resources,4,3195,4,Yes,3,8,2,2,2,Entry
1684,23,8,1,Medical,Male,Single,Yes,4,2,1,Research & Development,Laboratory Technician,3,3989,1,Yes,3,5,5,4,1,Entry
1687,38,4,2,Medical,Female,Married,No,4,3,1,Research & Development,Laboratory Technician,3,3306,7,No,3,7,0,0,0,Entry
1689,53,24,4,Medical,Male,Married,No,2,4,3,Research & Development,Healthcare Representative,4,7005,3,No,3,11,4,3,1,Intermediate
1691,48,7,2,Medical,Female,Married,Yes,4,3,1,Sales,Sales Representative,3,2655,2,Yes,3,19,9,7,7,Senior
1692,32,2,4,Life Sciences,Male,Single,Yes,4,3,1,Research & Development,Laboratory Technician,2,1393,1,No,3,1,1,0,0,Entry
1693,26,7,3,Medical,Male,Single,No,4,3,1,Research & Development,Laboratory Technician,4,2570,1,No,4,7,7,7,5,Entry
1694,55,22,3,Technical Degree,Male,Divorced,No,1,2,1,Research & Development,Research Scientist,2,3537,5,No,3,8,4,2,1,Entry
1696,34,5,2,Medical,Male,Married,No,2,2,2,Research & Development,Laboratory Technician,4,3986,1,No,3,15,15,10,4,Entry
1697,60,1,4,Medical,Male,Divorced,No,3,1,3,Research & Development,Healthcare Representative,4,10883,3,No,4,19,1,0,0,Senior
1698,33,21,3,Medical,Male,Married,No,2,4,1,Research & Development,Laboratory Technician,2,2028,1,No,3,14,14,11,2,Intermediate
1700,37,1,4,Medical,Male,Divorced,No,3,1,2,Sales,Sales Executive,4,9525,1,No,3,6,6,3,1,Entry
1701,34,19,3,Life Sciences,Female,Married,No,2,2,1,Research & Development,Research Scientist,4,2929,1,No,3,10,10,9,8,Intermediate
1702,23,7,3,Life Sciences,Male,Divorced,Yes,3,3,1,Sales,Sales Representative,4,2275,1,Yes,4,3,3,2,0,Entry
1703,44,2,3,Life Sciences,Female,Married,No,3,4,3,Research & Development,Healthcare Representative,4,7879,1,Yes,3,9,8,7,6,Entry
1704,35,2,4,Medical,Male,Single,No,1,2,1,Research & Development,Research Scientist,4,4930,0,Yes,3,6,5,4,1,Entry
1706,43,2,3,Medical,Male,Married,No,4,3,2,Sales,Sales Executive,4,7847,1,Yes,3,10,10,9,8,Intermediate
1707,24,9,3,Medical,Male,Married,No,3,4,1,Research & Development,Research Scientist,3,4401,1,No,3,5,5,3,0,Entry
1708,41,6,3,Marketing,Male,Single,No,4,3,3,Sales,Sales Executive,3,9241,1,No,3,10,10,8,8,Intermediate
1709,29,9,4,Medical,Female,Married,No,4,3,1,Research & Development,Laboratory Technician,3,2974,9,No,3,9,5,3,1,Entry
1710,36,2,4,Life Sciences,Female,Single,No,3,3,2,Sales,Sales Representative,4,4502,3,No,3,17,13,7,6,Senior
1712,45,1,1,Life Sciences,Male,Married,No,3,2,3,Research & Development,Healthcare Representative,3,10748,3,No,4,25,23,15,14,Senior
1714,24,22,1,Human Resources,Male,Married,Yes,4,1,1,Human Resources,Human Resources,3,1555,1,No,3,1,1,0,0,Entry
1716,47,9,3,Life Sciences,Male,Married,Yes,3,1,4,Sales,Sales Executive,3,12936,7,No,3,25,23,5,14,Senior
1718,26,17,4,Medical,Male,Married,No,4,1,1,Research & Development,Laboratory Technician,3,2305,1,No,3,3,3,2,0,Entry
1719,45,28,2,Technical Degree,Female,Single,No,4,2,4,Research & Development,Research Director,2,16704,1,No,3,21,21,6,8,Senior
1720,32,10,3,Life Sciences,Male,Married,No,1,3,1,Research & Development,Research Scientist,3,3433,6,No,3,10,5,2,1,Intermediate
1721,31,2,4,Life Sciences,Male,Married,No,2,3,1,Research & Development,Laboratory Technician,3,3477,1,No,3,6,5,2,0,Entry
1722,41,4,3,Human Resources,Male,Married,No,3,1,2,Human Resources,Human Resources,2,6430,6,No,3,10,3,2,1,Intermediate
1724,40,8,2,Life Sciences,Female,Married,No,2,3,2,Research & Development,Manufacturing Director,1,6516,2,Yes,3,18,1,0,0,Senior
1725,24,29,1,Medical,Male,Divorced,No,2,3,1,Research & Development,Laboratory Technician,1,3907,1,No,3,6,6,2,1,Entry
1727,46,13,4,Life Sciences,Male,Single,No,3,3,2,Research & Development,Healthcare Representative,2,5562,6,No,3,19,10,7,0,Senior
1728,35,27,4,Life Sciences,Male,Married,No,4,3,2,Research & Development,Manufacturing Director,3,6883,2,No,3,17,7,7,0,Senior
1729,30,16,1,Life Sciences,Male,Married,No,2,3,1,Research & Development,Research Scientist,4,2862,1,No,3,10,10,0,0,Intermediate
1731,47,2,4,Marketing,Male,Married,No,3,3,2,Sales,Sales Executive,2,4978,7,No,3,4,1,0,0,Entry
1732,46,2,3,Life Sciences,Male,Divorced,No,3,3,3,Sales,Sales Executive,4,10368,4,Yes,3,13,10,6,0,Intermediate
1733,36,13,5,Marketing,Male,Divorced,Yes,2,2,2,Sales,Sales Executive,1,6134,5,Yes,3,16,2,2,2,Senior
1734,32,1,2,Life Sciences,Male,Single,Yes,1,1,2,Sales,Sales Executive,2,6735,6,No,3,10,0,0,0,Intermediate
1735,23,4,1,Medical,Female,Single,No,3,3,1,Research & Development,Laboratory Technician,2,3295,1,No,3,3,3,2,1,Entry
1736,31,24,1,Technical Degree,Female,Single,No,4,3,2,Research & Development,Manufacturing Director,4,5238,2,No,4,9,5,4,1,Entry
1737,39,1,3,Life Sciences,Male,Married,No,4,3,2,Research & Development,Laboratory Technician,4,6472,1,Yes,3,9,9,8,5,Entry
1739,32,19,3,Life Sciences,Male,Married,No,4,1,3,Sales,Sales Executive,3,9610,3,No,3,10,4,3,0,Intermediate
1740,40,7,4,Medical,Male,Single,No,2,3,5,Sales,Manager,2,19833,1,No,3,21,21,8,12,Senior
1744,45,4,3,Life Sciences,Female,Married,No,3,1,3,Human Resources,Human Resources,3,9756,4,No,4,9,5,0,0,Entry
1745,30,2,4,Technical Degree,Female,Single,No,4,2,1,Research & Development,Research Scientist,1,4968,0,No,3,10,9,7,0,Intermediate
1746,24,10,3,Medical,Male,Married,No,1,3,1,Human Resources,Human Resources,4,2145,0,No,3,3,2,2,2,Entry
1747,30,8,3,Human Resources,Female,Divorced,Yes,3,2,1,Human Resources,Human Resources,4,2180,6,No,3,6,4,2,1,Entry
1749,31,5,3,Technical Degree,Male,Married,No,1,3,2,Sales,Sales Executive,3,8346,1,No,3,6,5,2,0,Entry
1751,27,8,3,Medical,Female,Single,No,3,3,1,Research & Development,Research Scientist,4,3445,1,No,3,6,6,2,1,Entry
1752,29,9,3,Marketing,Female,Single,Yes,2,1,1,Sales,Sales Representative,2,2760,1,No,3,2,2,2,2,Entry
1753,29,1,3,Life Sciences,Male,Single,No,4,4,2,Research & Development,Healthcare Representative,3,6294,8,Yes,3,10,3,2,0,Intermediate
1754,30,15,2,Marketing,Male,Divorced,No,3,2,3,Sales,Sales Executive,1,7140,2,No,3,12,7,7,1,Intermediate
1755,34,2,4,Medical,Male,Married,No,4,4,1,Research & Development,Research Scientist,4,2932,0,Yes,3,6,5,0,1,Entry
1756,33,2,3,Marketing,Female,Single,No,4,3,2,Sales,Sales Executive,2,5147,8,No,3,13,11,7,1,Intermediate
1757,49,11,4,Marketing,Female,Single,No,4,3,2,Sales,Sales Executive,4,4507,3,No,3,8,5,1,0,Entry
1758,33,16,3,Life Sciences,Female,Single,Yes,1,3,3,Sales,Sales Executive,1,8564,2,Yes,4,11,0,0,0,Intermediate
1760,38,2,2,Medical,Female,Married,No,3,2,1,Research & Development,Laboratory Technician,2,2468,4,No,3,9,6,1,0,Entry
1761,31,16,4,Marketing,Male,Married,Yes,1,3,3,Sales,Sales Executive,3,8161,2,No,3,10,1,0,0,Intermediate
1762,29,4,3,Technical Degree,Female,Divorced,No,4,2,1,Research & Development,Research Scientist,1,2109,1,No,3,1,1,0,0,Entry
1763,30,16,3,Life Sciences,Male,Married,No,3,4,2,Research & Development,Healthcare Representative,3,5294,3,No,3,10,7,0,1,Intermediate
1764,32,5,4,Technical Degree,Male,Single,No,2,3,1,Research & Development,Research Scientist,2,2718,2,No,3,12,7,7,0,Intermediate
1766,38,18,3,Medical,Male,Married,No,2,1,2,Research & Development,Healthcare Representative,4,5811,3,Yes,3,15,1,0,1,Entry
1767,43,17,3,Technical Degree,Male,Married,Yes,3,2,1,Research & Development,Research Scientist,3,2437,9,Yes,3,6,1,0,0,Entry
1768,42,12,3,Medical,Male,Divorced,No,2,3,1,Research & Development,Laboratory Technician,2,2766,8,No,4,7,5,3,0,Entry
1770,55,2,3,Medical,Male,Married,No,3,2,5,Research & Development,Research Director,1,19038,8,No,3,34,1,0,0,Senior
1771,33,4,3,Technical Degree,Male,Divorced,No,4,3,2,Research & Development,Research Scientist,2,3055,5,No,3,11,9,8,1,Intermediate
1772,41,9,4,Life Sciences,Male,Divorced,No,3,3,1,Research & Development,Laboratory Technician,1,2289,1,No,4,5,5,3,0,Entry
1774,34,10,3,Life Sciences,Male,Divorced,No,4,3,2,Sales,Sales Executive,3,4001,1,Yes,3,15,15,14,0,Entry
1775,53,1,4,Medical,Female,Married,No,1,2,4,Research & Development,Manufacturing Director,3,12965,4,Yes,4,27,3,2,0,Senior
1778,43,2,3,Life Sciences,Male,Single,No,2,3,1,Human Resources,Human Resources,4,3539,0,No,3,10,9,7,1,Intermediate
1779,34,3,2,Life Sciences,Female,Single,No,4,1,2,Sales,Sales Executive,4,6029,5,No,3,6,2,2,2,Entry
1780,21,7,1,Marketing,Male,Single,Yes,2,3,1,Sales,Sales Representative,2,2679,1,No,3,1,1,0,1,Entry
1782,38,6,2,Other,Female,Married,No,4,2,1,Research & Development,Laboratory Technician,3,3702,1,No,3,5,5,4,0,Entry
1783,22,8,1,Medical,Female,Married,Yes,3,3,1,Research & Development,Laboratory Technician,1,2398,1,Yes,3,1,1,0,0,Entry
1784,31,29,4,Marketing,Female,Married,No,1,2,2,Sales,Sales Executive,4,5468,1,No,3,13,12,7,5,Intermediate
1786,51,3,3,Technical Degree,Female,Married,No,1,3,3,Research & Development,Manager,3,13116,2,No,3,15,2,2,2,Entry
1787,37,9,2,Marketing,Male,Married,No,2,2,2,Sales,Sales Executive,2,4189,1,No,3,5,5,2,0,Entry
1789,46,2,4,Medical,Male,Divorced,No,3,3,5,Research & Development,Research Director,4,19328,7,Yes,3,24,2,1,2,Senior
1790,36,10,3,Life Sciences,Male,Married,No,4,3,3,Research & Development,Healthcare Representative,1,8321,7,Yes,3,15,12,8,5,Entry
1792,44,1,2,Medical,Male,Divorced,Yes,3,3,1,Research & Development,Research Scientist,2,2342,1,Yes,3,6,5,3,2,Entry
1794,37,8,2,Other,Male,Divorced,No,3,3,2,Human Resources,Human Resources,2,4071,2,No,3,19,10,0,4,Senior
1797,35,27,3,Life Sciences,Male,Single,Yes,3,3,2,Sales,Sales Executive,4,5813,1,Yes,3,10,10,7,7,Intermediate
1798,33,8,4,Life Sciences,Male,Married,No,4,4,1,Research & Development,Research Scientist,1,3143,6,No,3,14,10,8,7,Intermediate
1799,28,1,3,Life Sciences,Male,Married,No,3,3,1,Research & Development,Research Scientist,4,2044,1,No,3,5,5,3,0,Entry
1800,39,10,1,Medical,Male,Single,No,3,3,3,Research & Development,Research Director,3,13464,7,No,4,9,4,3,2,Entry
1801,46,26,2,Life Sciences,Male,Single,No,2,2,2,Sales,Sales Executive,2,7991,8,No,3,6,2,2,2,Entry
1802,40,2,2,Life Sciences,Female,Married,No,3,3,1,Research & Development,Laboratory Technician,1,3377,4,No,3,7,4,3,0,Entry
1803,42,13,3,Medical,Male,Married,No,2,4,2,Research & Development,Healthcare Representative,1,5538,5,No,3,10,0,0,0,Intermediate
1804,35,2,2,Medical,Male,Divorced,No,2,3,2,Research & Development,Manufacturing Director,4,5762,2,No,3,15,7,7,1,Entry
1805,38,2,3,Human Resources,Male,Divorced,No,1,3,1,Human Resources,Human Resources,2,2592,5,No,3,13,11,10,3,Intermediate
1807,34,9,4,Life Sciences,Male,Married,Yes,4,3,2,Research & Development,Laboratory Technician,1,5346,4,No,3,11,7,1,0,Intermediate
1809,37,10,4,Medical,Male,Single,Yes,4,3,2,Research & Development,Manufacturing Director,1,4213,1,No,3,10,10,3,0,Intermediate
1812,39,20,3,Life Sciences,Male,Divorced,No,3,3,2,Sales,Sales Executive,4,4127,2,No,3,7,2,1,2,Entry
1813,43,9,3,Life Sciences,Male,Single,No,1,3,1,Research & Development,Research Scientist,3,2438,4,No,3,7,3,2,1,Entry
1814,41,5,3,Life Sciences,Male,Single,No,2,4,2,Research & Development,Healthcare Representative,2,6870,3,No,3,11,3,2,1,Intermediate
1815,41,4,1,Marketing,Female,Divorced,No,3,3,3,Sales,Sales Executive,3,10447,0,Yes,3,23,22,14,13,Senior
1816,30,10,3,Medical,Female,Single,No,1,3,3,Research & Development,Manufacturing Director,3,9667,9,No,3,9,7,7,0,Entry
1818,26,20,2,Medical,Female,Married,Yes,4,3,1,Human Resources,Human Resources,2,2148,0,Yes,3,6,5,1,1,Entry
1821,46,21,2,Medical,Female,Married,Yes,4,3,2,Research & Development,Healthcare Representative,2,8926,4,No,4,13,9,7,3,Intermediate
1822,40,1,3,Life Sciences,Female,Divorced,No,3,3,2,Research & Development,Healthcare Representative,4,6513,4,No,3,12,5,3,0,Intermediate
1823,34,8,2,Technical Degree,Male,Married,No,2,4,2,Sales,Sales Executive,3,6799,1,No,4,10,10,8,4,Intermediate
1824,58,2,3,Medical,Male,Divorced,No,2,3,4,Sales,Manager,2,16291,4,No,4,37,16,9,14,Senior
1826,35,23,4,Medical,Male,Married,No,2,1,1,Research & Development,Laboratory Technician,3,2705,0,No,3,6,5,4,0,Entry
1827,47,4,3,Life Sciences,Female,Divorced,No,3,2,3,Research & Development,Manufacturing Director,2,10333,8,Yes,3,28,22,11,14,Senior
1829,40,12,3,Life Sciences,Female,Divorced,No,2,3,2,Research & Development,Healthcare Representative,1,4448,2,No,3,15,7,4,7,Entry
1830,54,7,4,Medical,Female,Married,No,4,3,2,Research & Development,Research Scientist,4,6854,4,No,3,14,7,1,1,Intermediate
1833,31,7,4,Marketing,Female,Married,No,1,3,3,Sales,Sales Executive,1,9637,2,No,3,9,3,2,2,Entry
1834,28,1,3,Medical,Female,Married,No,3,3,1,Research & Development,Research Scientist,1,3591,1,No,4,3,3,2,1,Entry
1835,38,2,4,Marketing,Female,Married,No,2,1,2,Sales,Sales Representative,4,5405,2,Yes,4,20,4,2,0,Senior
1836,26,10,3,Medical,Male,Single,No,3,3,2,Sales,Sales Executive,4,4684,1,No,3,5,5,3,1,Entry
1837,58,15,4,Life Sciences,Male,Married,No,1,3,4,Research & Development,Research Director,3,15787,2,Yes,3,23,2,2,2,Senior
1839,18,14,3,Medical,Female,Single,No,2,3,1,Research & Development,Research Scientist,3,1514,1,No,3,0,0,0,0,Entry
1842,31,18,5,Human Resources,Male,Married,Yes,4,4,1,Human Resources,Human Resources,1,2956,0,No,3,2,1,0,0,Entry
1844,29,13,3,Human Resources,Male,Divorced,Yes,1,2,1,Human Resources,Human Resources,1,2335,4,Yes,3,4,2,2,2,Entry
1845,45,2,4,Life Sciences,Female,Married,No,3,3,2,Sales,Sales Executive,3,5154,4,No,4,10,8,7,5,Intermediate
1847,36,2,4,Other,Female,Married,No,4,3,2,Research & Development,Research Scientist,2,6962,4,Yes,4,15,1,0,0,Entry
1849,43,2,4,Life Sciences,Male,Married,No,1,3,2,Sales,Sales Executive,4,5675,1,No,4,7,7,7,7,Entry
1850,27,5,2,Life Sciences,Female,Single,No,4,3,1,Research & Development,Laboratory Technician,4,2379,0,Yes,3,6,5,4,0,Entry
1852,29,20,1,Medical,Male,Married,No,4,3,1,Research & Development,Laboratory Technician,4,3812,1,No,3,11,11,8,3,Intermediate
1853,32,10,4,Marketing,Male,Single,No,4,3,2,Sales,Sales Executive,4,4648,8,No,3,4,0,0,0,Entry
1854,42,10,4,Technical Degree,Male,Married,No,3,3,1,Research & Development,Research Scientist,3,2936,3,No,4,10,6,3,3,Intermediate
1856,47,9,4,Life Sciences,Female,Single,No,2,3,1,Research & Development,Laboratory Technician,3,2105,4,No,3,7,2,2,2,Entry
1857,46,2,2,Life Sciences,Male,Divorced,No,4,3,3,Research & Development,Manufacturing Director,4,8578,3,No,3,12,9,8,4,Intermediate
1858,28,1,2,Life Sciences,Male,Divorced,No,3,3,1,Human Resources,Human Resources,4,2706,1,No,3,3,3,2,2,Entry
1859,29,29,1,Life Sciences,Male,Divorced,No,4,1,2,Research & Development,Healthcare Representative,3,6384,8,No,3,11,7,0,1,Intermediate
1860,42,8,3,Life Sciences,Male,Single,No,4,3,1,Research & Development,Laboratory Technician,3,3968,4,No,3,8,0,0,0,Entry
1862,32,2,4,Marketing,Male,Single,Yes,3,2,2,Sales,Sales Executive,2,9907,7,Yes,3,7,2,2,2,Entry
1863,46,3,3,Technical Degree,Female,Divorced,No,1,4,4,Sales,Sales Executive,1,13225,2,No,3,25,19,17,2,Senior
1864,27,23,1,Medical,Female,Married,No,2,2,2,Sales,Sales Representative,3,3540,1,No,4,9,9,8,5,Entry
1865,29,6,1,Medical,Male,Married,No,4,2,1,Human Resources,Human Resources,2,2804,1,No,3,1,1,0,0,Entry
1866,43,6,3,Medical,Female,Married,No,1,2,5,Research & Development,Manager,3,19392,7,No,3,21,16,12,6,Senior
1867,48,10,3,Life Sciences,Male,Married,No,4,2,5,Research & Development,Research Director,2,19665,4,No,3,29,22,10,12,Senior
1868,29,24,2,Life Sciences,Male,Single,Yes,4,2,1,Research & Development,Research Scientist,4,2439,1,Yes,4,1,1,0,1,Entry
1869,46,10,3,Life Sciences,Female,Married,Yes,3,3,3,Sales,Sales Executive,2,7314,5,No,4,14,8,7,0,Intermediate
1870,27,15,3,Life Sciences,Female,Married,No,4,2,1,Research & Development,Research Scientist,1,4774,0,No,3,8,7,6,7,Entry
1871,39,19,4,Other,Male,Divorced,No,4,3,2,Research & Development,Research Scientist,4,3902,8,No,3,7,2,2,2,Entry
1873,55,2,4,Technical Degree,Male,Married,No,2,2,1,Research & Development,Research Scientist,4,2662,8,No,4,19,5,2,0,Senior
1875,28,3,3,Medical,Female,Married,No,2,3,1,Sales,Sales Representative,2,2856,1,No,3,1,1,0,0,Entry
1876,30,9,3,Medical,Male,Single,Yes,2,3,1,Sales,Sales Representative,4,1081,1,No,3,1,1,0,0,Entry
1878,22,7,1,Life Sciences,Male,Single,Yes,4,3,1,Research & Development,Research Scientist,2,2472,1,Yes,4,1,1,0,0,Entry
1880,36,10,4,Technical Degree,Female,Married,No,2,2,2,Sales,Sales Executive,3,5673,1,Yes,3,10,10,9,1,Intermediate
1881,31,20,3,Life Sciences,Male,Divorced,No,2,3,2,Research & Development,Laboratory Technician,3,4197,1,No,3,10,10,8,0,Intermediate
1882,34,4,3,Life Sciences,Male,Married,No,3,3,3,Sales,Sales Executive,4,9713,2,Yes,3,9,5,3,1,Entry
1883,29,7,3,Life Sciences,Male,Single,No,4,3,1,Research & Development,Laboratory Technician,1,2062,3,No,3,11,3,2,1,Intermediate
1885,37,7,4,Medical,Male,Married,No,4,3,2,Research & Development,Research Scientist,1,4284,5,Yes,4,16,5,3,0,Senior
1886,35,16,2,Other,Female,Married,No,4,2,2,Research & Development,Manufacturing Director,2,4788,0,Yes,3,4,3,2,0,Entry
1888,45,25,2,Life Sciences,Female,Married,No,2,2,2,Research & Development,Manufacturing Director,4,5906,0,No,3,10,9,8,3,Intermediate
1890,36,2,1,Human Resources,Male,Single,No,2,2,2,Human Resources,Human Resources,4,3886,1,No,4,10,10,1,0,Intermediate
1892,40,1,4,Life Sciences,Male,Divorced,No,1,3,4,Research & Development,Manager,1,16823,2,No,3,22,19,7,11,Senior
1893,26,1,2,Life Sciences,Female,Married,No,2,2,1,Research & Development,Research Scientist,3,2933,1,Yes,3,1,1,0,1,Entry
1898,27,2,2,Medical,Female,Single,No,1,4,2,Sales,Sales Executive,3,6500,0,No,3,9,8,7,0,Entry
1900,48,22,3,Medical,Female,Divorced,No,4,3,4,Research & Development,Manager,4,17174,3,No,3,24,22,17,4,Senior
1903,44,1,4,Life Sciences,Male,Married,No,2,4,2,Research & Development,Healthcare Representative,1,5033,2,No,3,10,2,0,2,Intermediate
1905,34,16,4,Technical Degree,Male,Married,Yes,4,1,1,Research & Development,Research Scientist,1,2307,1,Yes,4,5,5,2,3,Entry
1907,56,24,2,Life Sciences,Male,Single,Yes,1,3,1,Research & Development,Laboratory Technician,4,2587,1,No,3,5,4,2,1,Entry
1908,36,17,2,Marketing,Male,Married,No,3,2,2,Sales,Sales Executive,2,5507,2,No,3,12,4,2,1,Intermediate
1909,41,8,3,Marketing,Female,Married,No,3,3,2,Sales,Sales Executive,2,4393,5,No,4,14,5,4,1,Intermediate
1911,42,6,3,Medical,Male,Married,No,3,3,3,Research & Development,Research Director,1,13348,9,No,3,18,13,7,5,Senior
1912,31,10,2,Medical,Female,Divorced,No,3,3,2,Sales,Sales Executive,4,6583,2,Yes,3,8,5,2,1,Entry
1915,34,3,1,Medical,Female,Married,No,4,2,2,Sales,Sales Executive,4,8103,3,Yes,3,9,4,2,0,Entry
1916,31,4,3,Medical,Female,Divorced,No,1,4,1,Research & Development,Laboratory Technician,3,3978,8,No,3,4,2,2,2,Entry
1918,26,6,3,Other,Male,Married,No,3,4,1,Research & Development,Laboratory Technician,4,2544,0,No,3,8,7,7,7,Entry
1922,45,1,4,Medical,Male,Single,No,2,3,2,Research & Development,Healthcare Representative,3,5399,4,No,3,12,4,2,0,Intermediate
1924,33,10,4,Marketing,Male,Single,No,2,3,2,Sales,Sales Executive,3,5487,1,No,3,10,10,4,0,Intermediate
1927,28,1,2,Life Sciences,Male,Married,No,3,2,2,Sales,Sales Executive,4,6834,1,Yes,3,7,7,7,0,Entry
1928,29,24,3,Technical Degree,Male,Single,Yes,3,4,1,Sales,Sales Representative,1,1091,1,No,3,1,1,0,0,Entry
1929,39,21,4,Life Sciences,Female,Married,No,1,1,2,Sales,Sales Executive,3,5736,6,No,3,10,3,2,1,Intermediate
1931,27,2,4,Technical Degree,Male,Married,No,2,3,1,Research & Development,Research Scientist,2,2226,1,No,3,6,5,3,1,Entry
1932,34,22,4,Other,Male,Married,No,3,2,2,Research & Development,Research Scientist,4,5747,1,Yes,3,16,15,10,6,Senior
1933,28,13,2,Marketing,Female,Single,Yes,4,3,2,Sales,Sales Executive,3,9854,3,Yes,3,6,2,0,2,Entry
1934,47,14,4,Technical Degree,Male,Married,No,3,3,2,Research & Development,Research Scientist,2,5467,8,No,3,16,8,7,1,Senior
1935,56,11,5,Marketing,Female,Married,No,4,2,2,Sales,Sales Executive,1,5380,4,No,3,6,0,0,0,Entry
1936,39,9,2,Medical,Male,Married,No,1,3,2,Research & Development,Manufacturing Director,1,5151,1,No,4,10,10,0,7,Intermediate
1937,38,8,3,Medical,Female,Divorced,No,4,2,2,Research & Development,Research Scientist,2,2133,1,Yes,3,20,20,11,0,Senior
1938,58,21,3,Life Sciences,Female,Married,No,4,3,4,Sales,Manager,4,17875,4,Yes,3,29,1,0,0,Senior
1939,32,5,2,Life Sciences,Female,Single,Yes,1,4,1,Research & Development,Research Scientist,3,2432,3,Yes,3,8,4,1,0,Entry
1940,38,9,2,Life Sciences,Male,Divorced,No,2,3,1,Research & Development,Research Scientist,4,4771,2,No,3,10,5,2,0,Intermediate
1941,49,2,1,Life Sciences,Male,Married,No,2,3,5,Research & Development,Research Director,4,19161,3,No,3,28,5,4,4,Senior
1943,42,12,4,Marketing,Male,Divorced,No,2,3,2,Sales,Sales Executive,4,5087,3,Yes,3,14,0,0,0,Intermediate
1944,27,22,3,Human Resources,Female,Married,Yes,1,2,1,Human Resources,Human Resources,2,2863,1,No,3,1,1,0,0,Entry
1945,35,18,4,Medical,Male,Married,No,2,3,2,Sales,Sales Executive,1,5561,0,No,3,6,5,3,0,Entry
1947,28,16,3,Medical,Male,Single,No,3,3,1,Research & Development,Research Scientist,3,2144,1,No,3,5,5,3,1,Entry
1948,31,3,2,Medical,Male,Divorced,No,3,3,1,Research & Development,Research Scientist,1,3065,1,Yes,3,4,4,2,2,Entry
1949,36,9,4,Life Sciences,Male,Married,No,1,4,1,Research & Development,Laboratory Technician,2,2810,1,No,4,5,5,4,0,Entry
1950,34,1,3,Marketing,Male,Single,No,1,3,3,Sales,Sales Executive,4,9888,1,No,4,14,14,8,2,Intermediate
1951,34,13,4,Medical,Male,Divorced,No,4,3,3,Sales,Sales Executive,3,8628,1,No,3,9,8,7,1,Entry
1952,26,1,3,Medical,Male,Single,No,3,3,1,Research & Development,Laboratory Technician,1,2867,0,No,3,8,7,7,7,Entry
1954,29,1,3,Life Sciences,Male,Married,No,1,3,2,Research & Development,Healthcare Representative,1,5373,0,No,3,6,5,3,0,Entry
1955,32,15,4,Medical,Female,Divorced,No,3,3,2,Research & Development,Healthcare Representative,4,6667,5,No,3,9,5,1,1,Entry
1956,31,1,3,Life Sciences,Male,Married,No,4,1,2,Research & Development,Research Scientist,1,5003,1,No,4,10,10,8,8,Intermediate
1960,28,17,3,Technical Degree,Male,Divorced,Yes,3,2,1,Research & Development,Laboratory Technician,4,2367,5,No,3,6,4,1,0,Entry
1961,38,1,3,Life Sciences,Male,Single,No,1,2,1,Sales,Sales Representative,1,2858,4,No,3,20,1,0,0,Senior
1962,35,7,4,Life Sciences,Female,Married,No,3,3,2,Sales,Sales Executive,4,5204,1,Yes,3,10,10,8,0,Intermediate
1965,27,9,3,Marketing,Male,Single,No,4,3,2,Sales,Sales Executive,4,4105,1,No,3,7,7,7,0,Entry
1966,32,5,4,Life Sciences,Male,Single,No,4,2,2,Research & Development,Manufacturing Director,4,9679,8,No,4,8,1,0,0,Entry
1967,31,26,4,Marketing,Male,Married,Yes,1,3,2,Sales,Sales Executive,4,5617,1,Yes,3,10,10,7,0,Intermediate
1968,53,24,4,Life Sciences,Male,Single,Yes,1,3,3,Sales,Sales Executive,1,10448,6,Yes,3,15,2,2,2,Entry
1969,54,9,2,Life Sciences,Female,Married,No,1,3,2,Research & Development,Research Scientist,3,2897,3,No,3,9,4,3,2,Entry
1970,33,7,2,Life Sciences,Male,Divorced,No,4,3,2,Research & Development,Healthcare Representative,3,5968,1,No,4,9,9,7,2,Entry
1971,43,11,3,Life Sciences,Male,Married,No,1,3,3,Research & Development,Healthcare Representative,3,7510,1,No,3,10,10,9,0,Intermediate
1972,38,1,4,Other,Male,Married,No,4,3,1,Human Resources,Human Resources,2,2991,0,Yes,3,7,6,2,1,Entry
1973,55,26,4,Human Resources,Male,Married,No,3,4,5,Human Resources,Manager,2,19636,4,Yes,3,35,10,9,1,Senior
1974,31,2,1,Medical,Female,Divorced,No,4,1,1,Research & Development,Laboratory Technician,4,1129,1,Yes,3,1,1,0,0,Entry
1975,39,15,4,Marketing,Male,Single,No,2,3,4,Sales,Sales Executive,1,13341,0,No,3,21,20,8,11,Senior
1976,42,23,2,Life Sciences,Male,Single,No,4,2,2,Research & Development,Research Scientist,3,4332,1,No,3,20,20,9,3,Senior
1979,31,10,3,Medical,Female,Married,No,3,3,3,Research & Development,Research Director,3,11031,4,No,4,13,11,7,4,Intermediate
1980,54,10,3,Medical,Female,Single,No,3,3,2,Research & Development,Manufacturing Director,1,4440,6,Yes,3,9,5,2,1,Entry
1981,24,1,2,Life Sciences,Male,Single,No,2,2,2,Research & Development,Healthcare Representative,3,4617,1,No,3,4,4,3,1,Entry
1982,23,12,2,Other,Male,Single,No,4,3,1,Research & Development,Laboratory Technician,4,2647,1,No,3,5,5,2,1,Entry
1985,40,11,3,Technical Degree,Female,Married,No,4,3,2,Research & Development,Laboratory Technician,3,6323,1,No,3,10,10,9,9,Intermediate
1986,40,2,2,Marketing,Female,Married,No,2,3,2,Sales,Sales Executive,2,5677,3,No,3,15,11,8,5,Entry
1987,25,2,3,Human Resources,Female,Married,No,3,3,1,Human Resources,Human Resources,2,2187,4,No,3,6,2,0,1,Entry
1989,30,1,2,Medical,Male,Married,No,4,3,1,Research & Development,Laboratory Technician,2,3748,1,No,3,12,12,8,1,Intermediate
1992,25,2,1,Other,Male,Divorced,No,4,3,1,Research & Development,Laboratory Technician,3,3977,6,Yes,3,7,2,2,0,Entry
1993,47,25,3,Medical,Male,Single,No,1,3,3,Research & Development,Healthcare Representative,3,8633,2,No,4,25,17,14,12,Senior
1994,33,1,2,Medical,Male,Divorced,No,2,2,1,Research & Development,Laboratory Technician,3,2008,1,No,3,1,1,1,0,Entry
1995,38,1,4,Life Sciences,Male,Married,No,4,3,2,Sales,Sales Executive,2,4440,0,No,3,16,15,13,5,Senior
1996,31,2,2,Life Sciences,Male,Married,No,1,3,1,Sales,Sales Representative,3,3067,0,No,3,3,2,2,1,Entry
1997,38,6,4,Life Sciences,Male,Married,No,1,2,2,Research & Development,Manufacturing Director,3,5321,2,No,3,10,8,3,7,Intermediate
1998,42,18,4,Life Sciences,Male,Divorced,No,4,3,2,Research & Development,Research Scientist,1,5410,6,Yes,3,9,4,3,1,Entry
1999,41,1,3,Life Sciences,Male,Married,No,4,3,1,Research & Development,Research Scientist,4,2782,3,No,4,12,5,3,1,Intermediate
2000,47,1,1,Medical,Female,Married,No,3,3,3,Research & Development,Research Director,2,11957,0,No,3,14,13,8,5,Intermediate
2003,35,11,4,Medical,Male,Married,No,4,3,1,Research & Development,Laboratory Technician,3,2660,7,Yes,3,5,2,2,2,Entry
2007,22,1,2,Life Sciences,Male,Single,No,4,3,1,Research & Development,Research Scientist,3,3375,0,No,3,4,3,2,1,Entry
2008,35,9,4,Medical,Male,Single,No,2,3,2,Research & Development,Research Scientist,3,5098,1,No,3,10,10,7,0,Intermediate
2009,33,15,2,Medical,Female,Married,No,2,3,2,Research & Development,Healthcare Representative,4,4878,0,Yes,3,10,9,7,8,Intermediate
2010,32,29,4,Life Sciences,Female,Single,No,3,2,1,Research & Development,Laboratory Technician,2,2837,1,No,3,6,6,2,4,Entry
2012,40,1,4,Life Sciences,Male,Married,No,1,3,1,Research & Development,Laboratory Technician,4,2406,8,No,3,8,1,0,0,Entry
2013,32,1,4,Medical,Male,Married,No,2,2,1,Sales,Sales Representative,2,2269,0,No,3,3,2,2,2,Entry
2014,39,24,1,Life Sciences,Male,Single,No,1,3,2,Research & Development,Research Scientist,4,4108,7,No,3,18,7,7,1,Senior
2015,38,10,3,Medical,Female,Married,No,2,1,3,Research & Development,Research Director,3,13206,3,No,3,20,18,16,1,Senior
2016,32,1,4,Marketing,Female,Married,No,3,3,3,Sales,Sales Executive,4,10422,1,No,3,14,14,10,5,Intermediate
2017,37,10,3,Life Sciences,Female,Married,No,3,4,3,Research & Development,Research Director,4,13744,1,Yes,4,16,16,11,6,Senior
2018,25,8,2,Other,Female,Divorced,No,1,3,2,Sales,Sales Executive,3,4907,0,Yes,4,6,5,3,0,Entry
2019,52,29,4,Life Sciences,Male,Divorced,No,1,3,1,Sales,Sales Representative,4,3482,2,No,3,16,9,8,0,Senior
2020,44,1,3,Medical,Male,Single,No,2,3,1,Research & Development,Research Scientist,4,2436,6,Yes,3,6,4,3,1,Entry
2021,21,5,1,Medical,Male,Single,No,3,3,1,Sales,Sales Representative,1,2380,1,Yes,3,2,2,2,1,Entry
2022,39,9,3,Life Sciences,Male,Single,No,4,3,5,Research & Development,Manager,4,19431,2,No,3,21,6,0,1,Senior
2023,23,9,3,Marketing,Male,Married,Yes,4,3,1,Sales,Sales Representative,1,1790,1,No,3,1,1,0,1,Entry
2024,36,3,3,Medical,Female,Married,No,1,2,3,Sales,Sales Executive,4,7644,0,No,3,10,9,7,3,Intermediate
2025,36,4,2,Life Sciences,Female,Divorced,No,4,3,2,Research & Development,Manufacturing Director,2,5131,7,No,3,18,4,2,0,Senior
2026,56,1,4,Life Sciences,Male,Divorced,No,3,3,2,Research & Development,Healthcare Representative,3,6306,1,No,4,13,13,12,1,Intermediate
2027,29,1,4,Medical,Male,Married,Yes,1,3,1,Research & Development,Research Scientist,4,4787,9,Yes,3,4,2,2,2,Entry
2031,42,2,3,Life Sciences,Male,Married,No,1,3,5,Research & Development,Manager,3,18880,5,No,3,24,22,6,4,Senior
2032,56,7,2,Technical Degree,Male,Married,Yes,4,3,1,Research & Development,Laboratory Technician,3,2339,8,No,3,14,10,9,9,Intermediate
2034,41,28,4,Life Sciences,Female,Married,No,1,2,4,Research & Development,Manufacturing Director,2,13570,0,No,4,21,20,7,0,Senior
2035,34,28,3,Marketing,Female,Married,No,4,2,2,Sales,Sales Executive,3,6712,1,No,4,8,8,7,1,Entry
2036,36,15,4,Marketing,Male,Divorced,No,4,1,2,Sales,Sales Executive,4,5406,1,No,4,15,15,12,11,Entry
2037,41,3,3,Life Sciences,Male,Divorced,No,3,2,2,Sales,Sales Executive,2,8938,2,No,3,14,5,4,0,Intermediate
2038,32,2,3,Technical Degree,Male,Single,No,4,3,1,Research & Development,Research Scientist,1,2439,1,No,3,4,4,2,1,Entry
2040,35,26,4,Life Sciences,Female,Single,No,3,3,3,Human Resources,Human Resources,4,8837,1,Yes,3,9,9,0,1,Entry
2041,38,10,2,Life Sciences,Female,Married,No,1,3,2,Sales,Sales Executive,4,5343,1,No,3,10,10,7,1,Intermediate
2044,50,1,4,Life Sciences,Male,Divorced,Yes,2,3,2,Sales,Sales Executive,3,6728,7,No,3,12,6,3,0,Intermediate
2045,36,11,4,Marketing,Female,Married,No,2,2,2,Sales,Sales Executive,4,6652,4,No,3,8,6,3,0,Entry
2046,45,20,3,Life Sciences,Female,Single,No,4,3,2,Sales,Sales Executive,3,4850,8,No,3,8,5,3,0,Entry
2048,40,2,4,Life Sciences,Male,Single,No,3,2,1,Research & Development,Research Scientist,3,2809,2,No,3,8,2,2,2,Entry
2049,35,18,4,Life Sciences,Male,Married,No,3,3,2,Research & Development,Healthcare Representative,3,5689,1,Yes,3,10,10,2,0,Intermediate
2051,40,2,4,Medical,Female,Married,No,3,3,1,Research & Development,Research Scientist,3,2001,2,No,3,20,5,3,0,Senior
2052,35,1,4,Life Sciences,Female,Married,No,3,1,1,Research & Development,Research Scientist,4,2977,1,No,3,4,4,3,1,Entry
2053,29,13,2,Other,Male,Married,No,4,2,2,Research & Development,Laboratory Technician,2,4025,4,Yes,3,10,4,3,0,Intermediate
2054,29,28,4,Medical,Female,Single,No,4,2,1,Research & Development,Research Scientist,1,3785,1,No,3,5,5,4,0,Entry
2055,50,28,3,Marketing,Male,Divorced,Yes,4,2,3,Sales,Sales Executive,1,10854,4,Yes,3,20,3,2,2,Senior
2056,39,24,1,Marketing,Female,Married,No,2,2,4,Sales,Sales Executive,4,12031,0,No,3,21,20,9,9,Senior
2057,31,5,3,Medical,Male,Single,No,2,3,2,Research & Development,Manufacturing Director,1,9936,0,No,3,10,9,4,1,Intermediate
2060,26,5,3,Other,Female,Single,No,4,2,1,Sales,Sales Representative,3,2966,0,No,3,5,4,2,0,Entry
2061,36,23,2,Medical,Male,Married,No,3,4,2,Research & Development,Laboratory Technician,4,2571,4,No,3,17,5,2,0,Senior
2062,39,6,1,Medical,Male,Married,No,4,2,3,Research & Development,Healthcare Representative,1,9991,4,No,3,9,7,7,1,Entry
2064,27,4,3,Life Sciences,Male,Married,No,2,4,2,Research & Development,Manufacturing Director,2,6142,1,Yes,4,6,6,2,0,Entry
2065,49,2,3,Medical,Male,Married,No,4,2,2,Sales,Sales Executive,2,5390,2,No,3,17,9,6,0,Senior
2068,34,8,3,Medical,Male,Married,No,2,4,2,Research & Development,Laboratory Technician,3,4404,2,No,3,6,4,3,1,Entry
