EmployeeNumber,EnvironmentSatisfaction,JobInvolvement,JobLevel,Department,JobRole,JobSatisfaction,MonthlyIncome,NumCompaniesWorked,OverTime,PerformanceRating,TotalWorkingYears,YearsAtCompany,YearsInCurrentRole,YearsSinceLastPromotion,ExperienceLevel
1,2,3,2,Sales,Sales Executive,4,5993,8,Yes,3,8,6,4,0,Entry
2,3,2,2,Research & Development,Research Scientist,2,5130,1,No,4,10,10,7,1,Intermediate
4,4,2,1,Research & Development,Laboratory Technician,3,2090,6,Yes,3,7,0,0,0,Entry
5,4,3,1,Research & Development,Research Scientist,3,2909,1,Yes,3,8,8,7,3,Entry
7,1,3,1,Research & Development,Laboratory Technician,2,3468,9,No,3,6,2,2,2,Entry
8,4,3,1,Research & Development,Laboratory Technician,4,3068,0,No,3,8,7,7,3,Entry
10,3,4,1,Research & Development,Laboratory Technician,1,2670,4,Yes,4,12,1,0,0,Intermediate
11,4,3,1,Research & Development,Laboratory Technician,3,2693,1,No,4,1,1,0,0,Entry
12,4,2,3,Research & Development,Manufacturing Director,3,9526,0,No,4,10,9,7,1,Intermediate
13,3,3,2,Research & Development,Healthcare Representative,3,5237,6,No,3,17,7,7,7,Senior
14,1,4,1,Research & Development,Laboratory Technician,2,2426,0,No,3,6,5,4,0,Entry
15,4,2,2,Research & Development,Laboratory Technician,3,4193,0,Yes,3,10,9,5,0,Intermediate
16,1,3,1,Research & Development,Research Scientist,3,2911,1,No,3,5,5,2,4,Entry
18,2,3,1,Research & Development,Laboratory Technician,4,2661,0,No,3,3,2,2,1,Entry
19,3,2,1,Research & Development,Laboratory Technician,3,2028,5,Yes,3,6,4,2,0,Entry
20,2,4,3,Research & Development,Manufacturing Director,1,9980,1,No,3,10,10,9,8,Intermediate
21,1,4,1,Research & Development,Research Scientist,2,3298,0,Yes,3,7,6,2,0,Entry
22,4,4,1,Research & Development,Laboratory Technician,4,2935,1,Yes,3,1,1,0,0,Entry
23,1,2,4,Sales,Manager,4,15427,2,No,3,31,25,8,3,Senior
24,4,3,1,Research & Development,Research Scientist,4,3944,5,Yes,3,6,3,2,1,Entry
26,1,4,2,Research & Development,Manufacturing Director,3,4011,0,No,3,5,4,2,1,Entry
27,3,2,1,Sales,Sales Representative,1,3407,7,No,4,10,5,3,0,Intermediate
28,1,3,3,Research & Development,Research Director,2,11994,0,No,3,13,12,6,2,Intermediate
30,3,3,1,Research & Development,Research Scientist,4,1232,1,No,3,0,0,0,0,Entry
31,2,3,1,Research & Development,Research Scientist,1,2960,2,No,3,8,4,2,1,Entry
32,3,3,5,Research & Development,Manager,3,19094,4,No,3,26,14,13,4,Senior
33,2,1,1,Research & Development,Research Scientist,1,3919,1,Yes,4,10,10,2,6,Intermediate
35,3,3,2,Sales,Sales Executive,2,6825,0,No,3,10,9,7,4,Intermediate
36,1,2,3,Research & Development,Healthcare Representative,4,10248,3,No,3,24,22,6,5,Senior
38,2,3,5,Sales,Manager,1,18947,3,No,3,22,2,2,2,Senior
39,3,3,1,Research & Development,Laboratory Technician,4,2496,4,No,3,7,1,1,0,Entry
40,4,3,2,Research & Development,Healthcare Representative,4,6465,2,Yes,3,9,4,2,1,Entry
41,4,2,1,Research & Development,Laboratory Technician,3,2206,1,No,3,10,10,0,1,Intermediate
42,4,3,2,Sales,Sales Representative,4,2086,3,No,3,19,1,0,0,Senior
45,2,3,1,Research & Development,Research Scientist,4,2293,2,Yes,3,6,2,0,2,Entry
46,4,4,1,Research & Development,Research Scientist,3,2645,1,No,3,6,5,3,1,Entry
47,1,2,1,Sales,Sales Representative,3,2683,1,Yes,3,3,3,2,0,Entry
49,4,3,1,Sales,Sales Representative,4,2014,1,No,3,2,2,2,2,Entry
51,2,2,1,Research & Development,Research Scientist,1,3419,9,Yes,3,6,1,1,0,Entry
52,3,4,2,Sales,Sales Executive,1,5376,2,No,3,10,5,3,1,Intermediate
53,3,3,1,Research & Development,Laboratory Technician,4,1951,1,No,3,1,1,0,0,Entry
54,4,3,1,Research & Development,Laboratory Technician,1,2341,1,No,3,1,1,0,0,Entry
55,1,1,1,Research & Development,Laboratory Technician,3,2293,1,No,3,1,1,0,0,Entry
56,4,3,3,Sales,Sales Executive,3,8726,1,No,3,9,9,8,1,Entry
57,3,3,2,Research & Development,Laboratory Technician,4,4011,1,No,4,12,12,8,3,Intermediate
58,2,3,5,Research & Development,Research Director,3,19545,1,No,3,23,22,15,15,Senior
60,2,3,2,Sales,Sales Executive,3,4568,0,No,4,10,9,5,8,Intermediate
61,2,3,1,Research & Development,Research Scientist,2,3022,4,No,4,8,1,0,0,Entry
62,1,3,2,Sales,Sales Executive,4,5772,4,Yes,4,14,9,6,0,Intermediate
63,4,4,1,Research & Development,Laboratory Technician,4,2269,1,No,3,1,1,0,0,Entry
64,1,2,3,Research & Development,Laboratory Technician,3,5381,9,Yes,3,23,1,0,0,Senior
65,3,3,1,Research & Development,Laboratory Technician,3,3441,1,Yes,3,2,2,2,2,Entry
68,2,3,2,Sales,Sales Executive,1,5454,5,Yes,4,9,4,3,1,Entry
70,3,2,3,Research & Development,Healthcare Representative,1,9884,2,Yes,3,10,4,0,2,Intermediate
72,3,2,2,Sales,Sales Executive,4,4157,7,Yes,3,5,2,2,0,Entry
73,1,3,3,Research & Development,Research Director,4,13458,1,Yes,3,15,15,14,8,Entry
74,2,3,3,Sales,Sales Executive,1,9069,1,No,4,9,9,8,1,Entry
75,3,3,1,Research & Development,Laboratory Technician,1,4014,3,Yes,3,4,2,2,2,Entry
76,4,3,2,Research & Development,Laboratory Technician,4,5915,3,No,4,10,7,7,1,Intermediate
77,1,2,2,Research & Development,Manufacturing Director,3,5993,1,No,3,7,7,5,0,Entry
78,1,3,2,Research & Development,Manufacturing Director,4,6162,1,Yes,4,9,9,8,7,Entry
79,4,3,2,Research & Development,Laboratory Technician,4,2406,1,No,3,10,10,3,9,Intermediate
80,2,2,5,Research & Development,Research Director,3,18740,5,Yes,3,29,27,3,13,Senior
81,1,3,3,Sales,Sales Executive,1,7637,7,No,3,28,21,16,7,Senior
83,3,3,3,Research & Development,Healthcare Representative,3,10096,1,No,3,17,17,14,12,Senior
84,4,3,4,Research & Development,Manager,3,14756,2,Yes,3,21,5,0,0,Senior
85,2,2,2,Research & Development,Manufacturing Director,2,6499,1,No,3,6,6,5,0,Entry
86,2,3,3,Research & Development,Research Scientist,1,9724,2,No,3,25,1,0,0,Senior
88,2,3,1,Research & Development,Research Scientist,1,2194,4,No,3,5,3,2,1,Entry
90,4,2,1,Research & Development,Research Scientist,3,3388,0,Yes,3,2,1,0,0,Entry
91,1,2,2,Sales,Sales Executive,3,5473,7,No,3,20,4,3,1,Senior
94,3,3,1,Research & Development,Research Scientist,2,2703,0,No,4,6,5,4,0,Entry
95,3,3,1,Research & Development,Research Scientist,2,2501,1,No,3,1,1,1,1,Entry
96,2,3,2,Research & Development,Research Scientist,2,6220,1,No,3,10,10,4,0,Intermediate
97,2,4,1,Research & Development,Laboratory Technician,4,3038,3,No,3,5,1,0,0,Entry
98,3,3,2,Research & Development,Manufacturing Director,4,4424,1,No,4,11,11,7,1,Intermediate
100,3,2,2,Sales,Sales Executive,1,4312,0,No,3,16,15,13,2,Senior
101,4,3,3,Research & Development,Research Director,1,13245,4,Yes,3,17,0,0,0,Senior
102,1,3,3,Research & Development,Research Director,3,13664,4,No,3,16,5,2,0,Senior
103,2,3,2,Human Resources,Human Resources,2,5021,8,Yes,4,16,4,2,0,Senior
104,4,2,2,Research & Development,Laboratory Technician,4,5126,1,Yes,3,10,10,8,3,Intermediate
105,2,2,1,Research & Development,Research Scientist,3,2859,1,No,3,6,6,4,0,Entry
106,1,3,3,Sales,Sales Executive,4,10239,3,No,3,24,1,0,1,Senior
107,2,1,2,Research & Development,Research Scientist,4,5329,7,Yes,3,17,13,11,1,Senior
110,1,3,2,Research & Development,Manufacturing Director,2,4325,1,No,3,5,5,2,1,Entry
112,4,1,3,Research & Development,Manufacturing Director,4,7260,4,No,3,37,6,4,0,Senior
113,3,3,1,Sales,Sales Representative,1,2322,3,No,3,3,0,0,0,Entry
116,4,3,1,Research & Development,Laboratory Technician,4,2075,3,No,4,10,4,2,0,Intermediate
117,3,2,2,Research & Development,Healthcare Representative,4,4152,1,No,3,11,11,10,10,Intermediate
118,3,2,3,Sales,Sales Executive,4,9619,1,No,3,9,9,8,4,Entry
119,3,2,4,Research & Development,Healthcare Representative,2,13503,1,No,4,22,22,3,11,Senior
120,3,3,2,Sales,Sales Executive,4,5441,0,Yes,4,11,10,7,1,Intermediate
121,3,2,2,Sales,Sales Executive,2,5209,1,Yes,3,11,11,8,2,Intermediate
124,3,2,3,Research & Development,Healthcare Representative,1,10673,2,Yes,3,21,10,9,9,Senior
125,2,3,2,Sales,Sales Executive,3,5010,1,No,3,12,11,8,5,Intermediate
126,1,3,3,Research & Development,Research Director,3,13549,9,No,3,16,4,3,0,Senior
128,1,3,2,Sales,Sales Executive,3,4999,0,No,4,4,3,2,0,Entry
129,2,3,2,Sales,Sales Executive,3,4221,1,No,3,5,5,4,0,Entry
131,4,3,4,Sales,Sales Executive,3,13872,0,No,3,38,37,10,1,Senior
132,2,3,2,Research & Development,Laboratory Technician,2,2042,4,No,3,17,3,2,1,Senior
133,3,3,1,Human Resources,Human Resources,1,2073,4,Yes,4,7,3,2,0,Entry
134,4,3,1,Research & Development,Research Scientist,1,2956,1,No,3,1,1,0,0,Entry
137,4,2,1,Research & Development,Laboratory Technician,4,2926,1,Yes,3,1,1,0,1,Entry
138,1,3,2,Research & Development,Research Scientist,3,4809,1,No,3,16,16,13,2,Senior
139,3,2,2,Research & Development,Healthcare Representative,4,5163,5,No,3,17,1,0,0,Senior
140,3,2,5,Human Resources,Manager,4,18844,9,No,4,30,3,2,2,Senior
141,1,3,5,Research & Development,Research Director,2,18172,3,Yes,3,28,8,3,0,Senior
142,3,2,2,Sales,Sales Executive,3,5744,1,Yes,3,6,6,4,0,Entry
143,4,2,1,Research & Development,Research Scientist,4,2889,1,No,3,2,2,2,2,Entry
144,2,3,1,Research & Development,Laboratory Technician,4,2871,1,No,3,1,0,0,0,Entry
145,1,2,3,Research & Development,Healthcare Representative,1,7484,3,No,4,23,13,12,12,Senior
147,1,1,2,Research & Development,Laboratory Technician,3,6074,1,Yes,4,9,9,7,0,Entry
148,4,4,4,Human Resources,Manager,4,17328,2,Yes,3,23,5,3,4,Senior
150,2,3,1,Research & Development,Laboratory Technician,3,2774,0,No,3,6,5,3,1,Entry
151,3,2,2,Research & Development,Research Scientist,2,4505,6,No,3,12,1,0,0,Intermediate
152,3,3,3,Sales,Sales Executive,4,7428,2,No,3,12,5,3,1,Intermediate
153,3,2,3,Research & Development,Manager,1,11631,2,No,3,14,11,10,5,Intermediate
154,2,3,3,Sales,Sales Executive,4,9738,0,No,3,10,9,7,2,Intermediate
155,1,3,1,Research & Development,Laboratory Technician,4,2835,5,No,4,7,1,0,0,Entry
158,3,3,4,Sales,Manager,4,16959,1,Yes,3,25,25,12,4,Senior
159,1,1,1,Research & Development,Research Scientist,3,2613,1,No,4,10,10,7,0,Intermediate
160,3,3,2,Sales,Sales Executive,2,6146,0,No,3,8,7,7,0,Entry
161,2,3,1,Research & Development,Research Scientist,2,4963,9,Yes,3,7,5,4,4,Entry
162,1,3,5,Research & Development,Research Director,3,19537,7,No,3,23,20,18,15,Senior
163,2,1,2,Sales,Sales Executive,3,6172,4,Yes,3,12,7,7,7,Intermediate
164,3,2,1,Research & Development,Research Scientist,2,2368,1,No,3,5,5,4,4,Entry
165,4,3,3,Research & Development,Healthcare Representative,4,10312,1,No,3,40,40,10,15,Senior
167,4,3,1,Sales,Sales Representative,3,1675,1,Yes,3,0,0,0,0,Entry
169,3,3,1,Research & Development,Laboratory Technician,4,2523,0,No,3,3,2,1,2,Entry
170,3,3,2,Research & Development,Manufacturing Director,1,6567,1,No,3,16,15,11,5,Senior
171,2,4,1,Research & Development,Research Scientist,3,4739,4,No,3,18,3,2,1,Senior
174,3,3,3,Sales,Sales Executive,4,9208,4,No,3,16,2,2,2,Senior
175,2,1,2,Sales,Sales Executive,3,4559,3,Yes,3,4,2,2,2,Entry
176,3,3,3,Sales,Sales Executive,3,8189,3,Yes,3,12,9,7,0,Intermediate
177,3,3,1,Human Resources,Human Resources,3,2942,1,No,4,8,8,7,5,Entry
178,2,3,2,Research & Development,Manufacturing Director,2,4941,6,No,4,7,3,2,0,Entry
179,1,1,3,Research & Development,Manufacturing Director,4,10650,2,No,3,18,4,2,0,Senior
182,4,2,2,Sales,Sales Executive,3,5902,4,No,3,17,15,11,5,Senior
183,1,2,2,Sales,Sales Executive,3,8639,2,No,3,6,2,2,2,Entry
184,3,3,2,Human Resources,Human Resources,4,6347,0,Yes,3,12,11,9,4,Intermediate
190,1,3,1,Research & Development,Laboratory Technician,1,4200,7,No,4,10,5,4,0,Intermediate
192,3,3,1,Research & Development,Research Scientist,4,3452,5,No,3,9,6,5,0,Entry
193,4,3,2,Research & Development,Research Scientist,3,4317,3,Yes,4,19,3,2,2,Senior
194,1,3,1,Research & Development,Research Scientist,3,2632,1,No,3,5,5,4,0,Entry
195,4,1,2,Sales,Sales Executive,4,4668,0,No,3,9,8,7,0,Entry
197,4,3,1,Research & Development,Research Scientist,1,3204,5,No,3,8,3,2,2,Entry
198,2,2,1,Research & Development,Laboratory Technician,4,2720,0,No,3,6,5,3,1,Entry
199,4,2,4,Research & Development,Manager,1,17181,4,No,3,21,7,6,7,Senior
200,3,3,1,Research & Development,Laboratory Technician,1,2238,2,No,4,7,5,0,1,Entry
201,2,3,1,Research & Development,Laboratory Technician,2,1483,1,No,3,1,1,0,0,Entry
202,2,3,2,Research & Development,Research Scientist,2,5605,1,No,3,20,20,7,2,Senior
204,3,3,3,Sales,Sales Executive,2,7295,1,No,3,10,10,8,0,Intermediate
205,2,3,2,Sales,Sales Representative,3,2306,2,Yes,4,13,7,7,4,Intermediate
206,2,3,2,Research & Development,Laboratory Technician,2,2348,8,No,3,20,17,9,0,Senior
207,2,3,3,Sales,Sales Executive,4,8998,1,No,3,9,9,8,3,Entry
208,4,3,2,Research & Development,Manufacturing Director,3,4319,1,No,3,10,10,7,0,Intermediate
211,2,2,2,Research & Development,Manufacturing Director,3,6132,2,No,3,10,1,0,0,Intermediate
214,2,2,1,Research & Development,Research Scientist,2,3346,4,Yes,4,9,1,0,0,Entry
215,3,2,3,Sales,Sales Executive,4,10855,7,No,3,15,12,11,2,Entry
216,3,3,1,Sales,Sales Representative,3,2231,6,No,3,6,4,3,1,Entry
217,3,3,1,Research & Development,Research Scientist,4,2323,1,No,4,2,2,2,2,Entry
218,4,3,1,Research & Development,Research Scientist,2,2024,6,No,3,6,2,2,2,Entry
221,3,3,1,Research & Development,Research Scientist,4,2713,1,No,3,5,5,2,0,Entry
223,3,4,3,Research & Development,Healthcare Representative,4,9439,3,Yes,3,12,5,3,1,Intermediate
224,3,2,1,Research & Development,Research Scientist,3,2566,1,Yes,3,1,1,1,0,Entry
226,3,3,5,Research & Development,Manager,2,19926,3,No,3,21,5,4,4,Senior
227,1,3,1,Research & Development,Research Scientist,3,2451,4,No,3,13,9,8,1,Intermediate
228,2,3,3,Sales,Sales Executive,4,9419,2,No,3,12,10,9,7,Intermediate
230,1,2,2,Sales,Sales Executive,4,8686,4,No,4,12,8,3,0,Intermediate
231,3,3,1,Research & Development,Research Scientist,3,3038,3,No,4,8,5,4,1,Entry
233,3,3,1,Research & Development,Research Scientist,2,3058,0,Yes,3,6,5,2,1,Entry
235,3,1,1,Sales,Sales Representative,1,2325,0,No,4,1,0,0,0,Entry
238,4,3,1,Research & Development,Laboratory Technician,2,2088,4,No,3,13,8,7,7,Intermediate
239,3,3,2,Research & Development,Laboratory Technician,1,3072,1,No,3,12,12,9,6,Intermediate
240,3,3,2,Sales,Sales Executive,1,5006,4,Yes,3,9,5,4,0,Entry
241,3,3,1,Research & Development,Research Scientist,1,4257,4,Yes,3,19,2,2,2,Senior
242,3,3,1,Research & Development,Research Scientist,4,2500,0,No,3,4,3,1,0,Entry
243,2,2,1,Research & Development,Laboratory Technician,4,1102,1,No,4,1,1,0,1,Entry
244,2,3,3,Sales,Sales Executive,1,10453,1,No,4,24,24,13,15,Senior
245,3,3,1,Research & Development,Laboratory Technician,4,2288,1,No,3,2,2,2,2,Entry
246,3,3,1,Research & Development,Research Scientist,4,3929,8,Yes,4,7,4,2,0,Entry
247,4,3,1,Research & Development,Research Scientist,2,2311,2,No,3,9,3,2,1,Entry
248,2,3,1,Sales,Sales Representative,2,3140,1,Yes,4,4,4,3,0,Entry
249,3,2,1,Research & Development,Laboratory Technician,3,3690,2,No,3,5,3,2,0,Entry
250,4,4,2,Research & Development,Manufacturing Director,1,4450,1,No,3,5,4,2,1,Entry
252,4,3,1,Research & Development,Research Scientist,2,2756,1,No,3,8,8,7,1,Entry
253,4,3,5,Research & Development,Manager,3,19033,1,No,3,21,20,8,9,Senior
254,3,4,5,Research & Development,Research Director,2,18722,8,No,3,36,24,15,2,Senior
256,4,2,2,Research & Development,Manufacturing Director,3,9547,1,No,3,10,10,9,1,Intermediate
258,4,3,4,Research & Development,Healthcare Representative,2,13734,3,No,3,21,7,7,1,Senior
259,3,2,5,Research & Development,Manager,3,19999,0,No,3,34,33,18,11,Senior
260,4,3,1,Research & Development,Research Scientist,2,2279,1,No,3,7,7,7,0,Entry
261,2,2,2,Research & Development,Manufacturing Director,3,5916,3,Yes,3,8,1,0,0,Entry
262,4,4,1,Research & Development,Research Scientist,4,2089,4,No,3,7,5,4,2,Entry
264,1,2,4,Research & Development,Manager,4,16792,9,No,4,22,20,8,11,Senior
267,2,4,1,Research & Development,Research Scientist,1,3564,1,Yes,3,8,8,7,1,Entry
269,2,3,2,Research & Development,Laboratory Technician,2,4425,5,No,3,10,6,2,1,Intermediate
270,3,3,2,Research & Development,Manufacturing Director,3,5265,2,No,3,11,5,3,0,Intermediate
271,4,3,2,Research & Development,Manufacturing Director,3,6553,9,No,3,14,1,0,0,Intermediate
273,4,3,2,Research & Development,Manufacturing Director,4,6261,3,No,3,9,7,7,1,Entry
274,3,2,2,Research & Development,Manufacturing Director,1,4298,5,No,3,6,2,2,2,Entry
275,4,3,2,Research & Development,Manufacturing Director,4,6804,1,Yes,3,7,7,7,1,Entry
277,4,3,1,Research & Development,Research Scientist,3,3815,1,Yes,3,5,5,3,2,Entry
281,3,3,2,Research & Development,Laboratory Technician,4,2741,8,Yes,3,15,7,2,3,Entry
282,2,3,2,Research & Development,Healthcare Representative,1,6673,7,Yes,3,17,1,0,0,Senior
283,2,3,3,Sales,Sales Executive,4,7639,1,No,4,10,10,4,1,Intermediate
284,4,4,1,Research & Development,Research Scientist,2,2328,1,Yes,3,4,4,2,2,Entry
286,2,3,1,Research & Development,Laboratory Technician,4,2153,1,No,3,8,8,1,1,Entry
287,4,2,2,Research & Development,Healthcare Representative,4,4876,9,No,3,5,3,2,0,Entry
288,4,3,3,Research & Development,Healthcare Representative,1,9396,7,No,3,17,4,2,0,Senior
291,4,1,3,Sales,Sales Executive,4,10400,1,No,3,14,14,8,9,Intermediate
292,3,2,3,Research & Development,Manufacturing Director,3,8474,1,No,4,12,11,8,5,Intermediate
293,4,3,2,Sales,Sales Executive,3,9981,1,No,3,7,7,7,0,Entry
296,2,2,3,Research & Development,Research Director,2,12490,5,No,3,16,10,9,4,Senior
297,4,3,1,Research & Development,Research Scientist,1,2657,5,Yes,3,8,5,2,0,Entry
298,4,3,3,Sales,Manager,4,13591,3,Yes,3,16,1,0,0,Senior
299,3,2,2,Sales,Sales Executive,1,6696,5,No,3,9,6,3,0,Entry
300,3,3,1,Research & Development,Research Scientist,3,2058,0,No,3,7,6,2,1,Entry
302,4,2,3,Sales,Sales Executive,4,8865,6,No,3,23,19,7,12,Senior
303,4,3,2,Sales,Sales Executive,1,5940,2,No,3,16,6,2,0,Senior
304,4,3,2,Research & Development,Laboratory Technician,2,5914,8,No,3,16,13,11,3,Senior
305,3,2,1,Research & Development,Research Scientist,2,2622,6,No,4,7,3,2,1,Entry
306,2,3,3,Research & Development,Research Director,4,12185,1,Yes,3,10,10,8,0,Intermediate
307,1,3,3,Sales,Sales Executive,3,10609,0,No,3,17,16,10,5,Senior
308,3,1,2,Research & Development,Manufacturing Director,3,4345,0,No,3,6,5,4,1,Entry
309,3,2,1,Research & Development,Research Scientist,4,2177,3,No,3,7,1,0,0,Entry
311,1,3,1,Sales,Sales Representative,4,2793,4,No,3,13,9,8,5,Intermediate
312,2,3,3,Sales,Sales Executive,4,7918,1,No,3,11,11,10,4,Intermediate
314,3,3,3,Sales,Sales Executive,3,8789,1,No,3,10,10,7,0,Intermediate
315,3,2,1,Research & Development,Research Scientist,4,2389,1,Yes,3,4,4,3,0,Entry
316,3,2,1,Research & Development,Laboratory Technician,4,3212,7,No,3,6,2,2,2,Entry
319,3,3,5,Research & Development,Manager,4,19232,1,No,3,22,22,17,11,Senior
321,2,3,1,Human Resources,Human Resources,3,2267,8,No,3,7,2,2,2,Entry
323,4,3,5,Sales,Manager,4,19517,3,No,3,32,7,0,0,Senior
325,3,3,1,Research & Development,Laboratory Technician,4,2436,5,Yes,3,8,5,4,0,Entry
327,4,3,4,Sales,Manager,4,16064,5,Yes,4,22,17,13,1,Senior
328,1,3,1,Research & Development,Laboratory Technician,1,2707,7,No,4,13,9,7,1,Intermediate
329,1,2,5,Sales,Manager,3,19068,1,Yes,3,33,33,7,15,Senior
330,3,3,1,Sales,Sales Representative,2,3931,2,No,3,6,4,3,1,Entry
331,4,2,1,Research & Development,Laboratory Technician,3,3730,0,Yes,3,4,3,2,1,Entry
332,3,3,1,Research & Development,Laboratory Technician,3,2232,7,No,3,7,3,2,1,Entry
333,3,3,2,Sales,Sales Executive,4,4465,0,No,3,4,3,2,2,Entry
334,3,3,2,Research & Development,Research Scientist,1,3072,2,No,3,17,1,0,0,Senior
335,1,3,2,Research & Development,Research Scientist,4,3319,1,No,3,9,9,8,4,Entry
336,3,4,5,Research & Development,Manager,4,19202,0,No,3,25,24,0,1,Senior
337,2,3,3,Research & Development,Research Director,3,13675,9,No,3,9,2,2,2,Entry
338,3,2,1,Research & Development,Research Scientist,4,2911,1,No,3,2,2,2,0,Entry
339,4,2,2,Research & Development,Manufacturing Director,1,5957,6,No,3,13,11,9,5,Intermediate
340,3,2,1,Research & Development,Research Scientist,1,3920,2,No,3,17,3,1,0,Senior
341,1,4,2,Research & Development,Manufacturing Director,3,6434,4,No,3,9,3,2,0,Entry
342,1,3,3,Research & Development,Manufacturing Director,3,10048,6,No,3,17,1,0,0,Senior
343,3,3,3,Research & Development,Healthcare Representative,3,10938,0,No,4,20,19,6,11,Senior
346,3,3,1,Research & Development,Research Scientist,4,2340,1,No,3,6,6,5,1,Entry
347,4,4,2,Research & Development,Research Scientist,1,6545,3,Yes,3,10,3,2,0,Intermediate
349,4,3,2,Sales,Sales Executive,4,6931,2,No,3,10,3,2,0,Intermediate
350,1,3,2,Research & Development,Manufacturing Director,3,4898,0,No,3,5,4,2,1,Entry
351,4,2,1,Research & Development,Laboratory Technician,1,2593,0,Yes,3,10,9,6,7,Intermediate
352,1,3,5,Research & Development,Research Director,3,19436,0,No,3,22,21,7,3,Senior
353,3,3,1,Research & Development,Research Scientist,4,2723,1,No,3,1,1,0,0,Entry
355,3,2,1,Research & Development,Laboratory Technician,2,3479,0,No,3,6,5,4,1,Entry
359,2,4,1,Research & Development,Laboratory Technician,2,2794,1,No,4,5,5,1,0,Entry
361,4,2,2,Sales,Sales Executive,4,5249,3,No,3,13,8,7,7,Intermediate
362,4,2,2,Research & Development,Laboratory Technician,1,2176,4,No,3,9,6,2,0,Entry
363,3,1,4,Sales,Manager,2,16872,3,Yes,3,28,7,7,7,Senior
364,1,3,1,Research & Development,Laboratory Technician,3,3485,2,No,3,5,0,0,0,Entry
366,1,2,2,Sales,Sales Executive,2,6644,2,No,3,10,0,0,0,Intermediate
367,2,2,2,Research & Development,Healthcare Representative,4,5582,0,No,4,10,9,0,7,Intermediate
369,2,4,2,Research & Development,Healthcare Representative,1,4000,1,No,3,6,6,3,1,Entry
372,3,3,4,Research & Development,Healthcare Representative,4,13496,0,Yes,3,21,20,7,4,Senior
373,4,3,1,Research & Development,Laboratory Technician,4,3210,0,No,3,16,15,13,10,Senior
374,4,3,5,Research & Development,Manager,1,19045,0,Yes,3,37,36,10,4,Senior
376,1,3,3,Research & Development,Manager,2,11849,1,Yes,3,10,10,7,9,Intermediate
377,4,3,1,Research & Development,Research Scientist,4,2070,1,No,4,5,5,2,0,Entry
378,3,3,2,Sales,Sales Executive,4,6502,4,No,3,7,5,4,0,Entry
379,4,2,1,Research & Development,Research Scientist,3,3230,1,No,3,3,3,2,1,Entry
380,1,3,3,Research & Development,Research Director,4,13603,2,Yes,3,15,5,2,0,Entry
381,2,4,3,Research & Development,Manager,2,11996,7,No,3,10,7,7,6,Intermediate
382,1,4,2,Sales,Sales Executive,1,5605,1,Yes,4,8,8,0,7,Entry
384,3,3,2,Research & Development,Manufacturing Director,2,6397,1,No,4,6,6,5,1,Entry
385,1,3,5,Research & Development,Research Director,2,19144,3,No,3,28,10,4,1,Senior
386,3,3,4,Research & Development,Research Director,3,17584,3,Yes,3,21,5,3,1,Senior
387,2,3,2,Sales,Sales Executive,3,4907,1,No,4,20,20,16,11,Senior
388,2,3,2,Sales,Sales Executive,4,4554,1,No,3,10,10,7,0,Intermediate
389,2,3,2,Research & Development,Laboratory Technician,4,5415,3,Yes,3,12,10,7,0,Intermediate
390,1,3,2,Research & Development,Healthcare Representative,1,4741,1,Yes,3,5,5,3,3,Entry
391,4,3,1,Research & Development,Research Scientist,4,2115,1,No,3,17,17,12,5,Senior
392,4,3,1,Research & Development,Laboratory Technician,3,3161,3,Yes,4,19,1,0,0,Senior
393,4,3,2,Research & Development,Healthcare Representative,4,5745,9,No,3,10,2,2,1,Intermediate
394,1,3,1,Research & Development,Laboratory Technician,2,2373,2,Yes,3,5,3,2,0,Entry
395,4,3,1,Research & Development,Research Scientist,4,3310,1,No,4,5,5,3,0,Entry
396,3,3,5,Research & Development,Research Director,1,18665,9,Yes,3,22,3,2,1,Senior
397,3,3,2,Research & Development,Research Scientist,2,4485,4,No,3,10,8,0,7,Intermediate
399,4,3,1,Sales,Sales Representative,2,2789,1,No,3,2,2,2,2,Entry
401,4,2,2,Sales,Sales Executive,4,5828,1,Yes,3,8,8,7,7,Entry
403,2,3,1,Research & Development,Research Scientist,4,2326,1,Yes,3,4,4,2,1,Entry
404,3,3,4,Sales,Sales Executive,2,13525,5,No,3,23,20,4,4,Senior
405,3,3,1,Research & Development,Laboratory Technician,3,1420,1,No,3,0,0,0,0,Entry
406,3,3,3,Sales,Sales Executive,2,8020,0,No,3,12,11,9,6,Intermediate
407,3,4,1,Research & Development,Laboratory Technician,4,3688,4,No,3,4,1,0,0,Entry
408,4,1,2,Research & Development,Manufacturing Director,2,5482,5,No,3,13,4,1,1,Intermediate
410,4,3,4,Sales,Manager,2,16015,1,No,3,22,22,10,0,Senior
411,4,2,1,Sales,Sales Representative,3,1200,1,No,3,0,0,0,0,Entry
412,2,4,2,Research & Development,Healthcare Representative,1,5661,0,No,3,9,8,3,0,Entry
416,2,4,2,Sales,Sales Executive,4,6929,4,No,3,10,8,7,7,Intermediate
417,3,4,3,Research & Development,Healthcare Representative,4,9613,0,No,3,19,18,10,3,Senior
419,2,3,2,Research & Development,Laboratory Technician,2,5674,7,No,3,11,9,8,0,Intermediate
420,4,2,2,Sales,Sales Executive,3,5484,1,No,3,13,13,8,4,Intermediate
421,1,2,3,Research & Development,Research Director,2,12061,3,No,3,19,10,8,0,Senior
422,4,1,2,Research & Development,Healthcare Representative,3,5660,2,Yes,3,12,5,3,1,Intermediate
423,3,3,1,Research & Development,Research Scientist,4,4821,0,Yes,3,6,5,2,0,Entry
424,1,2,2,Human Resources,Human Resources,1,6410,3,No,3,9,2,2,1,Entry
425,1,3,3,Research & Development,Laboratory Technician,1,5210,1,No,3,24,24,9,9,Senior
426,3,3,1,Research & Development,Research Scientist,4,2695,0,Yes,3,3,2,2,2,Entry
428,4,3,3,Research & Development,Manager,2,11878,6,No,3,12,10,6,8,Intermediate
429,3,3,4,Research & Development,Manager,1,17068,1,Yes,3,21,21,9,11,Senior
430,3,3,1,Research & Development,Laboratory Technician,4,2455,0,No,3,9,8,7,1,Entry
431,3,2,4,Research & Development,Healthcare Representative,3,13964,7,Yes,3,25,7,1,0,Senior
433,3,2,2,Research & Development,Research Scientist,2,4941,2,No,3,11,8,2,7,Intermediate
434,3,3,1,Research & Development,Research Scientist,2,2478,1,Yes,3,4,4,3,1,Entry
436,3,2,2,Sales,Sales Executive,2,5228,1,Yes,3,13,13,12,11,Intermediate
437,4,3,2,Sales,Sales Executive,3,4478,1,Yes,3,5,5,4,0,Entry
438,4,3,2,Sales,Sales Executive,4,7547,4,No,3,13,7,7,1,Intermediate
439,1,4,2,Research & Development,Research Scientist,4,5055,7,No,3,10,7,7,0,Intermediate
440,1,1,1,Research & Development,Research Scientist,4,3464,5,Yes,3,5,3,2,2,Entry
441,4,3,2,Research & Development,Research Scientist,4,5775,1,No,3,11,10,8,1,Intermediate
442,3,2,3,Research & Development,Manufacturing Director,3,8943,1,No,4,10,10,9,8,Intermediate
444,3,2,5,Research & Development,Manager,4,19272,1,No,3,21,21,9,13,Senior
445,4,3,2,Sales,Sales Executive,3,5238,4,Yes,3,12,1,0,0,Intermediate
446,2,2,2,Sales,Sales Executive,4,4682,3,No,3,9,7,7,0,Entry
447,4,3,5,Research & Development,Research Director,3,18300,4,No,3,21,3,2,1,Senior
448,3,2,2,Research & Development,Laboratory Technician,3,5257,1,No,3,9,9,7,0,Entry
449,3,3,2,Sales,Sales Executive,2,6349,0,Yes,3,6,5,4,1,Entry
450,4,3,2,Research & Development,Research Scientist,3,4869,3,No,3,20,4,3,0,Senior
451,3,3,3,Research & Development,Healthcare Representative,1,9985,8,No,3,10,1,0,0,Intermediate
452,4,3,2,Research & Development,Research Scientist,4,3697,9,No,3,12,10,9,9,Intermediate
453,2,1,2,Sales,Sales Executive,4,7457,2,Yes,4,6,4,3,0,Entry
454,2,1,1,Research & Development,Laboratory Technician,1,2119,1,Yes,3,7,7,7,0,Entry
455,2,2,1,Research & Development,Laboratory Technician,4,3983,0,No,3,4,3,2,2,Entry
456,4,2,2,Sales,Sales Executive,3,6118,1,No,3,10,10,9,1,Intermediate
458,2,3,2,Sales,Sales Executive,2,6214,1,No,3,8,8,7,0,Entry
460,4,3,2,Research & Development,Manufacturing Director,4,6347,7,No,3,8,6,2,0,Entry
461,3,2,3,Research & Development,Research Director,4,11510,0,Yes,3,12,11,10,2,Intermediate
462,3,3,3,Research & Development,Manufacturing Director,4,7143,1,Yes,3,11,11,9,4,Intermediate
463,4,2,2,Sales,Sales Executive,2,8268,1,Yes,3,7,7,7,1,Entry
464,3,3,3,Research & Development,Manufacturing Director,2,8095,0,No,3,17,16,6,0,Senior
465,3,3,1,Research & Development,Research Scientist,4,2904,1,No,3,4,4,2,0,Entry
466,4,2,2,Research & Development,Manufacturing Director,2,6032,6,Yes,3,8,5,4,1,Entry
467,2,3,2,Sales,Sales Representative,3,2976,3,No,3,5,0,0,0,Entry
468,1,3,4,Research & Development,Research Director,4,15992,2,No,3,16,1,0,0,Senior
469,4,3,2,Sales,Sales Executive,3,4649,1,No,3,4,4,3,0,Entry
470,3,3,1,Human Resources,Human Resources,3,2696,0,Yes,3,4,3,2,1,Entry
471,3,3,1,Research & Development,Laboratory Technician,2,2370,1,No,3,8,8,0,0,Entry
473,1,3,3,Sales,Manager,3,12504,3,No,4,15,0,0,0,Entry
474,3,4,2,Research & Development,Research Scientist,1,5974,4,Yes,3,13,7,7,6,Intermediate
475,4,3,2,Sales,Sales Executive,3,4736,7,Yes,3,4,2,2,2,Entry
476,3,3,2,Sales,Sales Executive,3,5296,1,No,3,8,8,7,7,Entry
477,1,2,2,Research & Development,Healthcare Representative,4,6781,3,No,4,14,1,0,0,Intermediate
478,1,2,1,Sales,Sales Representative,2,2174,1,Yes,3,3,3,2,1,Entry
479,4,3,2,Sales,Sales Executive,4,6653,4,No,3,7,1,0,0,Entry
481,1,2,3,Sales,Sales Executive,4,9699,4,No,3,16,13,9,1,Senior
482,4,3,2,Research & Development,Healthcare Representative,3,6755,2,No,3,15,3,2,1,Entry
483,4,4,1,Research & Development,Laboratory Technician,3,2213,3,Yes,3,10,7,7,1,Intermediate
484,1,3,1,Sales,Sales Representative,4,2610,1,No,4,3,3,2,2,Entry
485,4,3,1,Sales,Sales Representative,3,2851,1,Yes,3,1,1,0,0,Entry
486,3,3,1,Research & Development,Laboratory Technician,1,3452,6,No,4,17,5,4,0,Senior
487,3,3,2,Research & Development,Manufacturing Director,3,5258,2,No,3,7,1,0,0,Entry
488,1,3,2,Sales,Sales Executive,2,9355,1,No,3,8,8,7,7,Entry
491,4,2,3,Research & Development,Healthcare Representative,4,10496,6,No,3,20,4,3,1,Senior
492,3,2,2,Sales,Sales Executive,3,6380,2,Yes,3,8,6,4,1,Entry
493,3,2,1,Research & Development,Research Scientist,2,2657,0,Yes,3,3,2,2,2,Entry
494,3,4,1,Sales,Sales Representative,2,2716,1,No,3,1,1,0,0,Entry
495,4,3,1,Research & Development,Research Scientist,4,2201,9,No,3,6,3,2,1,Entry
496,3,2,2,Research & Development,Healthcare Representative,2,6540,9,No,3,10,1,1,0,Intermediate
497,4,3,1,Research & Development,Laboratory Technician,2,3816,1,No,3,5,5,2,0,Entry
498,2,3,2,Sales,Sales Executive,4,5253,1,No,3,7,7,5,0,Entry
499,2,2,3,Research & Development,Healthcare Representative,3,10965,8,No,4,26,5,2,0,Senior
500,3,3,2,Sales,Sales Executive,4,4936,4,No,3,18,7,7,0,Senior
501,4,3,1,Research & Development,Research Scientist,3,2543,4,No,3,6,2,2,2,Entry
502,1,4,2,Sales,Sales Executive,4,5304,8,Yes,3,9,5,2,0,Entry
505,3,3,4,Research & Development,Manager,4,16659,2,Yes,3,30,5,4,1,Senior
507,4,3,2,Sales,Sales Executive,3,4260,1,Yes,3,5,5,2,0,Entry
508,3,3,1,Sales,Sales Representative,2,2476,1,No,3,1,1,0,0,Entry
510,3,3,1,Research & Development,Research Scientist,1,3102,0,No,4,7,6,4,0,Entry
511,1,3,1,Research & Development,Research Scientist,2,2244,1,No,3,2,2,1,1,Entry
513,2,2,3,Sales,Sales Executive,3,7596,1,No,3,10,10,9,9,Intermediate
514,3,3,1,Research & Development,Research Scientist,4,2285,9,Yes,4,3,1,0,0,Entry
515,4,3,1,Research & Development,Laboratory Technician,1,3034,1,No,3,18,18,7,12,Senior
516,4,3,2,Sales,Sales Executive,2,5715,7,No,3,8,5,4,1,Entry
517,2,3,1,Research & Development,Laboratory Technician,1,2576,3,No,3,8,5,2,1,Entry
518,3,3,2,Research & Development,Manufacturing Director,2,4197,2,Yes,3,18,1,0,0,Senior
520,1,2,4,Research & Development,Research Director,2,14336,1,No,3,25,25,10,3,Senior
521,2,2,2,Research & Development,Laboratory Technician,3,3448,6,No,4,20,1,0,0,Senior
522,1,3,5,Research & Development,Research Director,1,19406,4,No,3,24,4,2,1,Senior
523,3,3,2,Sales,Sales Executive,3,6538,9,No,3,6,3,2,1,Entry
524,2,3,2,Research & Development,Manufacturing Director,1,4306,1,No,3,13,13,10,3,Intermediate
525,4,3,1,Research & Development,Laboratory Technician,4,2258,7,No,4,8,3,2,1,Entry
526,3,3,2,Research & Development,Healthcare Representative,3,4522,4,Yes,3,8,5,2,0,Entry
527,2,2,2,Sales,Sales Executive,4,4487,1,Yes,3,5,5,4,1,Entry
529,2,3,2,Research & Development,Research Scientist,3,4449,3,Yes,3,15,13,11,10,Entry
530,4,2,1,Research & Development,Laboratory Technician,1,2218,1,No,3,4,4,2,3,Entry
531,2,3,5,Research & Development,Manager,3,19197,1,Yes,3,21,21,8,1,Senior
532,3,4,4,Sales,Sales Executive,1,13212,9,No,3,36,7,7,7,Senior
533,2,3,2,Sales,Sales Executive,3,6577,0,No,3,6,5,4,4,Entry
534,2,4,3,Sales,Sales Executive,1,8392,1,No,3,10,10,7,0,Intermediate
536,3,3,2,Research & Development,Laboratory Technician,1,4558,1,No,3,10,10,0,1,Intermediate
538,1,3,1,Research & Development,Laboratory Technician,1,4031,5,No,3,6,2,2,0,Entry
543,4,2,3,Research & Development,Manufacturing Director,3,7969,2,Yes,3,28,5,4,0,Senior
544,1,3,1,Research & Development,Research Scientist,4,2654,3,No,4,8,2,2,0,Entry
546,4,3,4,Research & Development,Manager,4,16555,2,No,3,31,5,2,1,Senior
547,1,3,2,Research & Development,Research Scientist,3,4556,2,No,3,19,5,4,0,Senior
548,3,1,2,Research & Development,Manufacturing Director,4,6091,2,No,4,11,5,4,0,Intermediate
549,1,3,5,Research & Development,Manager,1,19566,5,No,3,33,29,8,11,Senior
550,3,3,2,Research & Development,Manufacturing Director,3,4810,2,No,3,19,10,7,0,Senior
551,4,2,2,Research & Development,Healthcare Representative,4,4523,0,No,3,7,6,5,0,Entry
554,1,3,1,Sales,Sales Representative,2,3202,1,Yes,3,6,5,3,1,Entry
555,4,1,1,Sales,Sales Representative,3,2351,0,No,3,3,2,2,1,Entry
556,4,3,1,Research & Development,Laboratory Technician,4,1702,1,Yes,4,1,1,0,0,Entry
558,3,3,5,Sales,Manager,3,18041,0,No,3,21,20,15,1,Senior
560,1,3,1,Research & Development,Research Scientist,4,2886,1,No,4,3,3,2,0,Entry
562,3,3,1,Research & Development,Laboratory Technician,4,2097,4,No,3,9,5,3,1,Entry
564,2,2,3,Research & Development,Research Director,3,11935,1,No,3,10,10,2,0,Intermediate
565,3,2,1,Research & Development,Research Scientist,2,2546,5,No,3,6,2,2,1,Entry
566,1,2,1,Human Resources,Human Resources,4,2564,1,No,3,1,1,0,0,Entry
567,3,3,3,Sales,Sales Executive,1,8412,0,No,3,10,9,8,7,Intermediate
568,1,2,4,Sales,Manager,4,14118,3,No,3,32,1,0,0,Senior
569,2,2,4,Research & Development,Manager,3,17046,0,No,3,28,27,10,15,Senior
571,3,3,1,Research & Development,Laboratory Technician,4,2564,0,No,3,12,11,7,6,Intermediate
573,3,2,3,Sales,Sales Executive,1,10266,4,No,3,22,18,13,13,Senior
574,1,3,2,Research & Development,Manufacturing Director,4,5070,5,No,3,20,5,0,0,Senior
575,1,3,4,Research & Development,Research Director,3,17861,6,No,3,26,3,2,0,Senior
577,4,1,1,Research & Development,Laboratory Technician,3,4230,0,No,3,6,5,4,4,Entry
578,3,3,2,Research & Development,Laboratory Technician,3,3780,7,No,3,19,1,0,0,Senior
579,4,2,1,Research & Development,Research Scientist,3,2768,3,No,3,14,7,3,5,Intermediate
580,3,2,3,Sales,Sales Executive,4,9071,2,Yes,3,15,3,2,1,Entry
581,3,3,3,Research & Development,Manufacturing Director,2,10648,1,No,4,13,13,8,0,Intermediate
582,2,3,3,Research & Development,Manager,3,13610,7,Yes,3,15,7,6,7,Entry
584,1,1,1,Research & Development,Laboratory Technician,4,3408,7,No,3,8,4,3,1,Entry
585,4,3,1,Sales,Sales Representative,2,2983,0,No,3,4,3,2,1,Entry
586,4,3,3,Research & Development,Healthcare Representative,3,7632,4,Yes,3,10,8,7,0,Intermediate
587,1,3,3,Research & Development,Healthcare Representative,3,9824,3,No,3,12,1,0,0,Intermediate
590,2,3,3,Human Resources,Human Resources,1,9950,9,Yes,3,11,3,2,0,Intermediate
591,2,3,1,Research & Development,Laboratory Technician,3,2093,4,No,3,8,2,2,2,Entry
592,2,3,3,Sales,Sales Executive,4,9980,1,No,3,10,10,3,9,Intermediate
593,3,2,1,Research & Development,Laboratory Technician,3,3894,5,No,3,4,2,2,1,Entry
595,2,3,2,Sales,Sales Executive,4,4051,2,No,3,14,9,7,6,Intermediate
597,1,3,4,Sales,Manager,2,16835,3,No,4,37,10,9,7,Senior
599,4,3,2,Sales,Sales Executive,4,6230,7,No,3,16,14,3,1,Senior
600,2,3,2,Sales,Sales Executive,3,4717,9,No,3,15,11,9,6,Entry
601,2,3,4,Research & Development,Manufacturing Director,3,13237,7,No,3,22,20,6,5,Senior
602,3,3,1,Research & Development,Laboratory Technician,3,3755,1,No,3,8,8,3,0,Entry
604,2,3,2,Sales,Sales Executive,4,6582,4,Yes,3,10,6,5,0,Intermediate
605,4,3,3,Research & Development,Manufacturing Director,1,7406,1,Yes,4,10,10,9,5,Intermediate
606,4,3,2,Sales,Sales Executive,2,4805,0,No,3,9,8,7,3,Entry
608,2,3,1,Human Resources,Human Resources,3,2741,0,Yes,3,8,7,7,1,Entry
611,4,3,2,Research & Development,Manufacturing Director,4,4262,4,No,3,8,3,2,1,Entry
612,1,4,4,Research & Development,Research Director,3,16184,4,No,3,10,6,1,0,Intermediate
613,3,2,3,Sales,Manager,4,11557,9,No,4,10,5,4,0,Intermediate
614,2,3,1,Sales,Sales Representative,2,1878,1,Yes,3,0,0,0,0,Entry
615,3,1,3,Sales,Sales Executive,1,10932,3,No,3,20,1,0,0,Senior
616,1,2,2,Research & Development,Healthcare Representative,3,6811,2,Yes,3,10,8,7,0,Intermediate
618,1,3,2,Sales,Sales Executive,3,4306,5,No,3,8,0,0,0,Entry
620,1,3,2,Sales,Sales Executive,3,4859,1,No,3,5,5,4,0,Entry
621,4,4,2,Sales,Sales Executive,4,5337,1,No,3,10,10,7,5,Intermediate
622,3,1,1,Research & Development,Laboratory Technician,4,2340,1,Yes,3,1,1,0,0,Entry
623,2,3,3,Research & Development,Manufacturing Director,4,7491,4,No,3,12,6,5,1,Intermediate
624,1,3,3,Research & Development,Healthcare Representative,3,10527,5,No,3,28,2,2,1,Senior
625,2,3,4,Sales,Manager,1,16595,7,No,3,22,18,16,11,Senior
626,1,3,3,Sales,Sales Executive,2,8834,1,No,3,9,9,5,7,Entry
630,4,3,2,Research & Development,Research Scientist,1,5577,3,Yes,3,18,10,9,6,Senior
631,4,4,2,Sales,Sales Executive,3,4707,8,No,3,6,4,2,1,Entry
632,4,3,1,Sales,Sales Representative,4,2400,0,No,3,3,2,2,2,Entry
634,3,3,2,Research & Development,Healthcare Representative,3,9824,3,No,3,18,1,0,0,Senior
635,2,3,2,Research & Development,Manufacturing Director,2,6447,6,No,3,8,6,5,4,Entry
638,4,2,5,Research & Development,Research Director,3,19502,1,Yes,3,31,31,9,0,Senior
639,2,4,1,Research & Development,Research Scientist,4,2725,1,Yes,3,6,6,5,1,Entry
641,1,3,2,Sales,Sales Executive,2,6272,1,No,4,6,5,3,1,Entry
643,4,2,1,Research & Development,Laboratory Technician,2,2127,1,No,4,1,1,0,0,Entry
644,1,3,5,Human Resources,Manager,2,18200,1,No,3,32,32,5,10,Senior
645,2,3,1,Sales,Sales Representative,3,2096,1,No,3,7,7,4,0,Entry
647,1,3,1,Research & Development,Laboratory Technician,3,2886,1,Yes,3,6,6,3,1,Entry
648,2,2,1,Sales,Sales Representative,1,2033,1,No,3,1,1,0,0,Entry
649,2,2,1,Research & Development,Research Scientist,4,3622,1,Yes,3,6,6,5,1,Entry
650,2,3,2,Sales,Sales Executive,1,4233,2,No,3,9,3,1,1,Entry
652,1,2,2,Research & Development,Laboratory Technician,4,3681,4,No,3,9,3,2,0,Entry
653,1,4,2,Sales,Sales Executive,4,5460,4,No,4,13,7,7,5,Intermediate
655,1,2,1,Research & Development,Research Scientist,3,2187,0,No,3,6,5,3,0,Entry
656,4,3,2,Sales,Sales Executive,3,9602,4,Yes,3,17,3,0,1,Senior
657,4,2,1,Research & Development,Research Scientist,2,2836,1,No,3,1,1,0,0,Entry
659,3,3,2,Research & Development,Healthcare Representative,4,4089,1,No,3,10,10,2,2,Intermediate
661,2,2,4,Research & Development,Research Director,4,16627,4,Yes,3,21,1,0,0,Senior
662,3,3,1,Research & Development,Research Scientist,1,2619,3,No,3,8,0,0,0,Entry
663,4,3,2,Research & Development,Laboratory Technician,3,5679,3,Yes,3,10,8,7,4,Intermediate
664,4,2,4,Research & Development,Manager,1,15402,7,No,3,21,3,2,0,Senior
665,1,2,2,Human Resources,Human Resources,3,5985,4,No,3,10,2,2,0,Intermediate
666,3,3,1,Sales,Sales Representative,3,2579,1,Yes,3,8,8,2,0,Entry
667,3,3,1,Sales,Sales Representative,1,3041,0,No,3,5,4,3,0,Entry
669,3,3,1,Sales,Sales Representative,3,3447,1,No,3,3,3,2,1,Entry
671,4,3,5,Research & Development,Manager,4,19513,4,Yes,3,26,2,2,0,Senior
675,1,3,1,Research & Development,Research Scientist,3,2773,0,No,4,3,2,2,2,Entry
677,3,3,2,Sales,Sales Executive,3,7104,0,No,3,6,5,0,1,Entry
679,1,3,2,Research & Development,Research Scientist,4,6322,1,Yes,3,6,6,4,0,Entry
680,3,3,1,Research & Development,Research Scientist,3,2083,1,No,4,1,1,0,0,Entry
682,4,3,2,Sales,Sales Executive,1,8381,7,No,4,18,14,7,8,Senior
683,2,3,1,Research & Development,Research Scientist,4,2691,1,No,3,10,10,9,8,Intermediate
684,1,3,2,Sales,Sales Executive,1,4286,2,No,3,5,1,1,0,Entry
686,3,3,1,Research & Development,Laboratory Technician,4,2659,1,Yes,3,3,3,2,0,Entry
689,3,3,3,Research & Development,Manufacturing Director,3,9434,1,No,3,10,10,7,7,Intermediate
690,2,3,2,Sales,Sales Executive,3,5561,1,No,3,6,6,0,1,Entry
691,2,1,2,Research & Development,Research Scientist,4,6646,1,No,3,17,17,11,11,Senior
692,3,3,2,Research & Development,Healthcare Representative,4,7725,3,No,4,15,13,11,4,Entry
698,3,3,3,Human Resources,Human Resources,2,10725,2,No,3,16,9,7,7,Senior
699,2,2,2,Research & Development,Manufacturing Director,2,8847,2,Yes,3,13,3,2,0,Intermediate
700,1,2,1,Research & Development,Research Scientist,4,2045,0,No,3,5,4,2,1,Entry
701,4,3,1,Research & Development,Research Scientist,3,1009,1,Yes,3,1,1,0,1,Entry
702,1,3,1,Research & Development,Research Scientist,1,3348,1,Yes,3,10,10,8,9,Intermediate
704,3,2,1,Research & Development,Laboratory Technician,3,1281,1,No,3,1,1,0,0,Entry
705,1,4,1,Research & Development,Research Scientist,1,2819,2,No,3,5,3,2,0,Entry
707,4,4,2,Sales,Sales Executive,2,4851,0,No,4,4,3,2,1,Entry
709,4,2,2,Sales,Sales Executive,4,4028,0,No,4,8,7,7,0,Entry
710,2,1,1,Research & Development,Research Scientist,4,2720,1,No,3,10,10,7,2,Intermediate
712,2,4,2,Sales,Sales Executive,2,8120,3,No,3,12,2,2,2,Intermediate
714,4,4,2,Sales,Sales Executive,4,4647,1,Yes,4,6,6,5,0,Entry
715,4,4,1,Research & Development,Research Scientist,4,4680,3,No,3,4,1,0,0,Entry
716,4,4,1,Research & Development,Laboratory Technician,3,3221,1,Yes,3,20,20,8,3,Senior
717,4,2,3,Research & Development,Healthcare Representative,2,8621,1,No,3,9,8,7,7,Entry
720,1,3,2,Sales,Sales Executive,3,4577,9,No,3,4,2,2,2,Entry
721,4,2,2,Research & Development,Healthcare Representative,3,4553,1,No,3,20,20,7,11,Senior
722,4,3,2,Sales,Sales Executive,4,5396,1,No,3,10,10,7,0,Intermediate
723,2,3,2,Sales,Sales Executive,3,6796,3,Yes,3,18,4,3,1,Senior
724,2,4,2,Research & Development,Healthcare Representative,4,7625,0,No,3,10,9,7,1,Intermediate
725,3,3,3,Research & Development,Manufacturing Director,1,7412,1,No,3,9,9,7,0,Entry
727,3,3,3,Research & Development,Research Director,4,11159,3,No,3,10,7,7,7,Intermediate
728,4,3,2,Sales,Sales Executive,1,4960,2,No,3,20,7,7,1,Senior
729,4,2,3,Sales,Sales Executive,1,10475,5,Yes,4,20,18,13,1,Senior
730,3,4,4,Research & Development,Research Director,3,14814,3,No,3,32,5,1,1,Senior
731,2,2,5,Human Resources,Manager,4,19141,3,No,3,23,21,6,12,Senior
732,1,3,2,Sales,Sales Executive,1,5405,8,No,3,10,2,2,2,Intermediate
733,4,3,3,Research & Development,Manufacturing Director,1,8793,1,No,4,9,9,7,1,Entry
734,4,2,5,Human Resources,Manager,3,19189,1,No,3,22,22,7,2,Senior
738,4,3,1,Sales,Sales Representative,2,3875,7,No,3,4,2,2,2,Entry
741,1,1,1,Research & Development,Research Scientist,2,2216,7,Yes,3,10,7,7,3,Intermediate
742,1,4,3,Research & Development,Research Director,1,11713,9,No,3,10,8,7,0,Intermediate
743,3,3,3,Research & Development,Manufacturing Director,3,7861,4,Yes,3,10,1,0,0,Intermediate
744,1,1,1,Research & Development,Laboratory Technician,3,3708,2,No,3,9,5,2,1,Entry
746,4,3,4,Sales,Sales Executive,3,13770,9,Yes,3,28,22,2,11,Senior
747,3,3,2,Sales,Sales Executive,4,5304,7,No,4,10,8,7,7,Intermediate
749,3,3,1,Sales,Sales Representative,3,2642,1,No,3,1,1,0,0,Entry
752,3,4,1,Research & Development,Research Scientist,3,2759,6,Yes,3,7,2,2,2,Entry
754,4,2,2,Sales,Sales Executive,4,6804,3,No,3,7,2,2,2,Entry
757,2,3,2,Research & Development,Healthcare Representative,3,6142,3,No,3,10,5,1,4,Intermediate
758,2,3,1,Research & Development,Laboratory Technician,1,2500,1,No,3,5,4,3,0,Entry
760,3,4,2,Human Resources,Human Resources,2,6389,9,No,3,12,8,3,3,Intermediate
762,3,3,4,Research & Development,Healthcare Representative,4,11103,7,No,3,30,10,7,1,Senior
763,4,2,1,Research & Development,Research Scientist,4,2342,0,Yes,4,5,4,2,2,Entry
764,4,2,2,Research & Development,Healthcare Representative,1,6811,8,No,3,9,7,6,0,Entry
766,4,3,1,Sales,Sales Representative,2,2297,1,No,3,2,2,2,2,Entry
769,4,3,2,Research & Development,Laboratory Technician,4,2450,2,No,3,19,2,2,2,Senior
771,4,3,2,Research & Development,Healthcare Representative,1,5093,2,No,3,16,1,0,0,Senior
772,1,3,2,Research & Development,Laboratory Technician,4,5309,1,No,3,10,10,8,4,Intermediate
773,4,3,1,Research & Development,Research Scientist,3,3057,6,Yes,3,6,1,0,0,Entry
775,2,3,2,Research & Development,Manufacturing Director,1,5121,3,No,3,7,0,0,0,Entry
776,3,2,4,Sales,Manager,1,16856,1,No,3,34,34,6,1,Senior
780,4,3,1,Research & Development,Research Scientist,4,2686,1,Yes,3,10,10,9,7,Intermediate
781,3,3,2,Sales,Sales Executive,4,6180,1,No,4,6,6,5,1,Entry
783,2,1,2,Sales,Sales Representative,3,6632,0,No,3,9,8,7,3,Entry
784,1,4,1,Research & Development,Research Scientist,3,3505,1,No,3,2,2,2,0,Entry
785,2,4,2,Sales,Sales Executive,3,6397,4,Yes,3,8,5,4,1,Entry
786,4,3,2,Sales,Sales Executive,4,6274,1,No,4,6,6,5,1,Entry
787,4,3,5,Research & Development,Manager,1,19859,5,Yes,3,24,5,2,1,Senior
789,1,2,3,Sales,Sales Executive,1,7587,1,No,3,10,10,7,0,Intermediate
791,4,3,1,Research & Development,Research Scientist,4,4258,0,No,3,5,4,3,1,Entry
792,1,1,1,Research & Development,Laboratory Technician,4,4364,3,No,3,5,2,2,2,Entry
793,2,3,2,Research & Development,Healthcare Representative,3,4335,4,No,3,11,8,7,1,Intermediate
796,4,2,2,Sales,Sales Executive,1,5326,6,No,3,6,4,3,1,Entry
797,2,4,1,Research & Development,Research Scientist,4,3280,2,No,3,10,4,2,1,Intermediate
799,4,3,2,Research & Development,Manufacturing Director,1,5485,9,Yes,3,9,5,3,1,Entry
800,3,3,2,Sales,Sales Executive,4,4342,0,No,3,5,4,2,1,Entry
802,4,3,1,Research & Development,Research Scientist,1,2782,0,Yes,3,6,5,3,4,Entry
803,1,4,2,Research & Development,Manufacturing Director,1,5980,6,Yes,3,17,15,7,4,Senior
804,3,2,1,Research & Development,Research Scientist,1,4381,1,No,3,6,6,5,1,Entry
805,1,3,1,Sales,Sales Representative,4,2572,1,No,3,3,3,2,0,Entry
806,4,1,1,Research & Development,Laboratory Technician,3,3833,3,No,4,7,2,2,0,Entry
807,3,4,2,Research & Development,Healthcare Representative,2,4244,1,No,4,8,8,7,3,Entry
808,3,3,2,Sales,Sales Executive,1,6500,5,No,3,6,3,2,1,Entry
809,2,3,5,Research & Development,Manager,4,18430,1,No,3,24,24,7,14,Senior
811,3,4,1,Research & Development,Laboratory Technician,1,1601,1,Yes,4,1,0,0,0,Entry
812,3,2,1,Research & Development,Laboratory Technician,2,2694,1,No,3,1,1,0,0,Entry
813,4,3,2,Research & Development,Laboratory Technician,3,3149,8,No,4,9,5,2,1,Entry
815,3,3,4,Research & Development,Research Director,3,17639,5,No,3,30,4,3,0,Senior
816,2,2,1,Research & Development,Laboratory Technician,1,2319,1,Yes,3,1,1,0,0,Entry
817,3,3,3,Research & Development,Research Director,3,11691,0,No,3,14,13,9,3,Intermediate
819,1,3,2,Sales,Sales Executive,1,5324,5,No,3,6,3,2,0,Entry
820,3,3,4,Research & Development,Manager,4,16752,1,Yes,3,26,26,14,3,Senior
823,3,3,2,Research & Development,Manufacturing Director,2,5228,0,No,3,10,9,7,0,Intermediate
824,3,4,1,Research & Development,Research Scientist,3,2700,1,No,4,10,10,7,0,Intermediate
825,4,3,5,Research & Development,Research Director,2,19246,7,Yes,3,40,31,15,13,Senior
826,4,4,1,Research & Development,Research Scientist,3,2506,3,No,3,7,2,2,2,Entry
827,4,2,2,Research & Development,Manufacturing Director,4,6062,9,Yes,3,8,4,3,0,Entry
828,3,3,1,Research & Development,Research Scientist,3,4382,6,No,3,5,2,2,2,Entry
829,3,3,1,Human Resources,Human Resources,2,2143,4,No,3,8,5,2,0,Entry
830,3,2,2,Research & Development,Manufacturing Director,3,6162,1,No,3,14,14,13,6,Intermediate
832,1,2,2,Research & Development,Laboratory Technician,3,5094,6,No,3,10,1,0,0,Intermediate
833,3,2,2,Research & Development,Manufacturing Director,4,6877,5,Yes,4,12,0,0,0,Intermediate
834,2,2,1,Research & Development,Research Scientist,3,2274,1,No,3,1,1,0,0,Entry
836,2,3,2,Research & Development,Manufacturing Director,2,4434,1,No,3,10,9,8,7,Intermediate
837,1,2,2,Research & Development,Healthcare Representative,1,6288,2,No,3,13,4,3,1,Intermediate
838,3,2,1,Research & Development,Research Scientist,4,2553,1,No,3,6,5,2,1,Entry
840,3,3,3,Sales,Sales Executive,4,7654,1,No,3,9,9,8,7,Entry
842,3,3,2,Sales,Sales Executive,4,5160,4,No,3,12,9,7,7,Intermediate
843,2,3,4,Research & Development,Research Director,1,17159,6,No,4,22,4,1,1,Senior
844,3,2,3,Research & Development,Research Director,4,12808,1,Yes,3,9,9,8,0,Entry
845,3,3,3,Research & Development,Manufacturing Director,3,10221,3,No,4,17,8,5,1,Senior
846,2,3,2,Sales,Sales Executive,2,4779,1,Yes,4,8,8,7,7,Entry
847,3,3,1,Human Resources,Human Resources,4,3737,0,No,3,4,3,2,0,Entry
848,3,2,1,Research & Development,Research Scientist,3,2366,1,Yes,3,8,8,7,1,Entry
850,4,3,1,Research & Development,Research Scientist,4,1706,1,No,3,0,0,0,0,Entry
851,1,3,4,Sales,Manager,3,16307,2,No,3,29,20,6,4,Senior
852,4,3,2,Research & Development,Healthcare Representative,2,5933,9,No,3,10,5,2,2,Intermediate
854,1,4,1,Research & Development,Research Scientist,1,3424,7,No,3,6,4,3,0,Entry
855,1,4,2,Sales,Sales Executive,1,4037,1,No,4,9,9,8,0,Entry
856,3,2,1,Research & Development,Research Scientist,1,2559,1,No,3,6,6,5,1,Entry
857,2,3,2,Sales,Sales Executive,4,6201,1,Yes,3,18,18,14,4,Senior
859,2,3,2,Sales,Sales Executive,4,4403,2,No,3,8,5,2,0,Entry
861,2,2,1,Research & Development,Research Scientist,4,3761,9,No,3,10,5,4,0,Intermediate
862,1,2,3,Sales,Sales Executive,4,10934,7,Yes,3,35,5,2,0,Senior
864,4,3,3,Sales,Sales Executive,1,10761,4,Yes,3,18,5,4,0,Senior
865,3,4,2,Research & Development,Research Scientist,3,5175,5,No,3,9,5,3,1,Entry
867,3,2,4,Research & Development,Manufacturing Director,4,13826,3,No,4,31,9,8,0,Senior
868,4,2,2,Sales,Sales Executive,3,6334,4,No,3,9,1,0,0,Entry
869,2,2,1,Human Resources,Human Resources,4,4936,1,No,3,6,5,1,0,Entry
872,4,2,2,Research & Development,Manufacturing Director,4,4775,6,No,4,4,2,2,2,Entry
874,1,4,1,Research & Development,Laboratory Technician,4,2818,2,Yes,4,10,3,2,0,Intermediate
875,2,3,1,Research & Development,Research Scientist,4,2515,5,Yes,3,8,2,1,2,Entry
878,1,2,1,Human Resources,Human Resources,1,2342,0,No,4,6,5,4,0,Entry
879,3,3,2,Sales,Sales Executive,1,4194,1,Yes,3,5,5,3,0,Entry
880,4,2,3,Research & Development,Manufacturing Director,3,10685,1,Yes,4,17,17,14,5,Senior
881,4,3,1,Research & Development,Research Scientist,2,2022,1,Yes,3,10,10,2,7,Intermediate
882,4,3,1,Research & Development,Laboratory Technician,4,2314,0,No,3,4,3,0,0,Entry
885,3,2,2,Sales,Sales Executive,1,4256,1,No,3,5,5,2,0,Entry
887,3,3,1,Research & Development,Research Scientist,1,3580,2,No,3,7,4,2,0,Entry
888,1,2,1,Research & Development,Laboratory Technician,4,3162,0,No,3,6,5,2,3,Entry
889,2,3,2,Sales,Sales Executive,2,6524,1,No,3,10,10,8,5,Intermediate
893,2,2,1,Sales,Sales Representative,2,2899,0,No,3,3,2,2,1,Entry
894,3,4,2,Research & Development,Laboratory Technician,4,5231,2,Yes,3,17,5,3,1,Senior
895,4,3,1,Research & Development,Research Scientist,4,2356,3,Yes,3,8,6,4,0,Entry
896,2,2,1,Sales,Sales Representative,3,2800,6,Yes,3,5,3,2,0,Entry
897,1,3,4,Sales,Sales Executive,4,11836,5,No,3,28,2,0,2,Senior
899,4,2,3,Research & Development,Manufacturing Director,2,10903,3,No,3,16,13,10,4,Senior
900,3,3,1,Sales,Sales Representative,4,2973,5,No,3,10,5,4,0,Intermediate
901,4,3,4,Research & Development,Research Director,4,14275,6,No,3,33,12,9,3,Senior
902,4,3,2,Research & Development,Healthcare Representative,4,5562,4,No,3,12,5,2,2,Intermediate
903,3,3,2,Sales,Sales Executive,4,4537,0,Yes,4,8,7,6,7,Entry
904,1,3,3,Sales,Sales Executive,2,7642,1,Yes,3,10,10,0,0,Intermediate
905,1,3,4,Research & Development,Manager,1,17924,1,No,3,31,31,6,14,Senior
909,4,2,2,Human Resources,Human Resources,4,5204,8,No,3,13,5,4,0,Intermediate
910,4,3,1,Human Resources,Human Resources,2,2277,3,Yes,3,7,4,3,0,Entry
911,1,3,1,Research & Development,Laboratory Technician,4,2795,1,Yes,4,1,1,0,0,Entry
912,1,2,1,Research & Development,Laboratory Technician,4,2532,6,No,3,8,4,3,0,Entry
913,2,3,1,Research & Development,Research Scientist,1,2559,1,Yes,3,8,8,7,7,Entry
916,1,3,2,Sales,Sales Executive,4,4908,1,No,3,4,4,2,0,Entry
918,4,2,1,Research & Development,Laboratory Technician,4,2380,9,Yes,3,3,1,0,0,Entry
920,1,3,2,Research & Development,Manufacturing Director,2,4765,4,No,4,4,1,0,0,Entry
922,3,2,1,Sales,Sales Representative,3,2044,1,No,3,2,2,2,0,Entry
923,4,3,1,Research & Development,Research Scientist,4,2693,1,No,3,1,1,0,0,Entry
924,3,3,2,Research & Development,Healthcare Representative,4,6586,0,Yes,3,17,16,8,4,Senior
925,4,2,1,Sales,Sales Representative,4,3294,1,Yes,3,3,3,2,1,Entry
926,2,3,2,Research & Development,Manufacturing Director,3,4171,0,Yes,3,4,3,2,0,Entry
927,2,1,1,Research & Development,Laboratory Technician,4,2778,4,Yes,3,10,7,7,1,Intermediate
930,3,3,1,Research & Development,Research Scientist,3,2377,5,No,3,6,2,2,2,Entry
932,4,3,1,Research & Development,Laboratory Technician,1,2404,7,Yes,4,8,2,2,2,Entry
933,2,3,1,Research & Development,Research Scientist,3,2318,1,No,3,1,1,1,0,Entry
934,2,3,1,Research & Development,Laboratory Technician,2,2008,1,No,3,1,1,0,1,Entry
936,3,2,2,Sales,Sales Executive,3,6244,7,No,3,10,5,4,0,Intermediate
939,3,2,1,Research & Development,Research Scientist,1,2799,3,Yes,3,6,3,2,0,Entry
940,3,2,3,Research & Development,Healthcare Representative,2,10552,2,Yes,3,24,6,0,0,Senior
941,2,2,1,Sales,Sales Representative,3,2329,3,No,3,13,7,7,5,Intermediate
942,4,3,2,Research & Development,Healthcare Representative,4,4014,1,Yes,4,10,10,6,0,Intermediate
944,1,3,3,Research & Development,Laboratory Technician,2,7403,4,No,3,29,26,9,1,Senior
945,4,3,1,Research & Development,Research Scientist,3,2259,4,No,3,13,0,0,0,Intermediate
947,4,3,2,Sales,Sales Executive,3,6932,1,No,3,9,9,8,0,Entry
949,2,3,1,Research & Development,Research Scientist,4,4678,2,No,3,8,6,2,0,Entry
950,4,3,3,Research & Development,Research Director,1,13582,1,No,3,15,15,12,5,Entry
951,3,2,1,Research & Development,Laboratory Technician,2,2332,6,No,4,5,3,0,0,Entry
952,3,2,1,Sales,Sales Representative,2,2413,1,Yes,3,1,1,0,0,Entry
954,1,2,3,Sales,Sales Executive,2,9705,2,No,3,11,1,0,0,Intermediate
956,3,2,2,Sales,Sales Executive,1,4294,1,No,3,7,7,7,0,Entry
957,4,3,1,Research & Development,Laboratory Technician,1,4721,2,Yes,3,20,18,13,2,Senior
958,3,3,1,Research & Development,Laboratory Technician,3,2519,4,No,4,16,11,8,3,Senior
959,4,2,1,Sales,Sales Representative,2,2121,1,Yes,3,1,1,0,0,Entry
960,1,3,1,Research & Development,Laboratory Technician,1,2973,1,No,3,1,1,0,0,Entry
961,4,3,2,Research & Development,Healthcare Representative,4,5855,0,Yes,3,10,9,7,8,Intermediate
964,4,3,1,Research & Development,Research Scientist,2,3617,8,Yes,3,3,1,1,0,Entry
966,3,3,2,Research & Development,Manufacturing Director,1,6725,1,No,3,8,8,7,6,Entry
967,3,2,3,Sales,Sales Executive,4,10325,1,Yes,3,16,16,7,3,Senior
969,2,2,2,Research & Development,Healthcare Representative,4,6949,0,No,3,6,5,0,1,Entry
970,1,2,3,Sales,Sales Executive,3,10609,5,No,3,17,14,1,11,Senior
972,3,3,2,Research & Development,Laboratory Technician,2,4447,1,No,3,9,9,7,0,Entry
974,3,3,1,Sales,Sales Representative,4,2157,1,No,3,3,3,1,0,Entry
975,3,3,2,Sales,Sales Executive,3,4601,1,No,3,5,5,2,1,Entry
976,4,3,4,Research & Development,Manager,4,17099,2,No,3,26,9,8,7,Senior
977,4,3,1,Research & Development,Research Scientist,3,2479,4,No,4,7,1,0,0,Entry
981,3,3,4,Sales,Manager,3,14852,6,No,3,22,17,13,15,Senior
982,3,3,3,Sales,Sales Executive,3,7264,5,No,3,10,8,4,7,Intermediate
983,3,3,2,Sales,Sales Executive,4,5666,1,Yes,3,6,5,3,1,Entry
984,4,3,3,Sales,Sales Executive,4,7823,6,No,3,12,10,9,0,Intermediate
985,1,4,3,Sales,Sales Executive,3,7880,0,No,3,9,8,7,0,Entry
986,2,4,4,Sales,Sales Executive,2,13194,4,Yes,3,22,1,0,0,Senior
987,3,4,2,Research & Development,Manufacturing Director,3,5067,1,Yes,3,20,19,10,2,Senior
990,1,3,2,Sales,Sales Executive,4,5079,4,No,3,12,7,7,0,Intermediate
991,3,2,1,Research & Development,Research Scientist,1,2321,0,Yes,4,4,3,2,1,Entry
992,4,3,4,Sales,Manager,3,17444,1,No,3,10,10,8,6,Intermediate
994,4,2,1,Research & Development,Research Scientist,1,2404,6,Yes,4,3,0,0,0,Entry
995,2,3,1,Research & Development,Research Scientist,4,3452,3,No,3,5,3,2,0,Entry
996,4,3,1,Research & Development,Laboratory Technician,4,2270,3,No,3,8,5,3,0,Entry
997,4,3,4,Research & Development,Research Director,4,17399,9,No,4,32,5,4,1,Senior
998,3,4,2,Research & Development,Healthcare Representative,2,5488,1,Yes,3,6,6,5,1,Entry
999,1,3,5,Research & Development,Research Director,3,19419,2,No,3,21,18,16,0,Senior
1001,3,3,1,Research & Development,Laboratory Technician,2,2811,9,No,3,4,2,2,2,Entry
1002,4,3,2,Research & Development,Laboratory Technician,1,3633,1,Yes,3,9,9,8,0,Entry
1003,4,3,2,Sales,Sales Executive,4,4163,1,Yes,3,9,9,0,0,Entry
1004,1,3,1,Research & Development,Research Scientist,3,2132,4,Yes,3,7,5,2,0,Entry
1005,4,3,4,Research & Development,Manufacturing Director,3,13973,3,Yes,3,22,12,11,1,Senior
1006,3,3,1,Research & Development,Research Scientist,3,2684,0,No,3,3,2,1,0,Entry
1007,4,3,3,Research & Development,Manufacturing Director,3,10845,6,No,3,13,8,7,0,Intermediate
1009,4,2,2,Research & Development,Manufacturing Director,3,4377,1,No,3,5,4,2,3,Entry
1010,3,2,1,Research & Development,Laboratory Technician,2,3743,1,Yes,4,5,4,2,0,Entry
1011,3,3,2,Research & Development,Manufacturing Director,1,4148,1,No,3,4,4,3,0,Entry
1012,2,3,1,Research & Development,Research Scientist,4,1051,1,No,3,0,0,0,0,Entry
1013,3,3,3,Research & Development,Manufacturing Director,3,10739,8,No,3,22,10,7,0,Senior
1014,3,3,3,Research & Development,Healthcare Representative,3,10388,1,Yes,3,16,16,10,10,Senior
1015,2,4,3,Research & Development,Research Director,1,11416,0,Yes,3,9,8,7,1,Entry
1016,4,2,1,Research & Development,Research Scientist,1,2600,1,Yes,3,1,1,0,0,Entry
1017,2,3,1,Research & Development,Laboratory Technician,2,2422,0,No,3,4,3,2,1,Entry
1018,4,4,2,Research & Development,Manufacturing Director,4,5472,1,No,3,8,8,7,1,Entry
1019,2,1,1,Research & Development,Laboratory Technician,1,2451,1,No,3,4,4,3,1,Entry
1022,1,2,2,Research & Development,Healthcare Representative,3,4240,2,No,3,19,2,2,2,Senior
1024,3,2,3,Research & Development,Healthcare Representative,3,10999,7,No,3,27,15,11,4,Senior
1025,4,3,2,Research & Development,Manufacturing Director,3,5003,6,No,3,8,2,2,2,Entry
1026,4,2,4,Research & Development,Manufacturing Director,4,12742,1,No,3,21,21,6,11,Senior
1027,1,3,2,Research & Development,Manufacturing Director,4,4227,0,No,3,4,3,2,2,Entry
1028,2,3,1,Research & Development,Laboratory Technician,4,3917,1,No,4,3,3,2,1,Entry
1029,4,3,5,Sales,Manager,3,18303,6,No,3,21,1,0,0,Senior
1030,1,3,1,Research & Development,Laboratory Technician,4,2380,4,No,3,8,1,0,0,Entry
1032,3,2,4,Research & Development,Manufacturing Director,4,13726,3,Yes,3,30,5,3,4,Senior
1033,1,1,2,Research & Development,Healthcare Representative,2,4777,5,No,3,15,1,0,0,Entry
1034,3,3,2,Research & Development,Healthcare Representative,2,6385,3,Yes,3,17,8,7,6,Senior
1035,2,1,5,Research & Development,Research Director,3,19973,1,No,4,21,21,16,5,Senior
1036,2,3,2,Sales,Sales Executive,4,6861,8,Yes,3,19,1,0,0,Senior
1037,2,1,2,Sales,Sales Executive,1,4969,8,No,3,7,2,2,2,Entry
1038,1,1,5,Sales,Manager,4,19845,1,No,3,33,32,14,6,Senior
1039,4,4,4,Sales,Sales Executive,4,13320,3,Yes,3,23,12,11,11,Senior
1040,4,3,2,Sales,Sales Executive,3,6347,0,No,3,19,18,7,0,Senior
1042,3,4,1,Research & Development,Laboratory Technician,1,2743,1,No,3,18,17,13,15,Senior
1043,4,3,3,Research & Development,Manufacturing Director,1,10880,1,Yes,3,21,21,6,2,Senior
1044,2,2,1,Sales,Sales Representative,4,2342,0,No,3,3,2,2,2,Entry
1045,4,3,4,Sales,Manager,4,17650,3,No,3,26,9,3,1,Senior
1046,4,3,1,Research & Development,Laboratory Technician,3,4025,9,No,3,10,8,7,7,Intermediate
1047,2,4,2,Sales,Sales Executive,4,9725,0,No,3,16,15,1,0,Senior
1048,2,3,3,Sales,Manager,4,11904,3,Yes,3,14,6,4,0,Intermediate
1049,2,3,1,Human Resources,Human Resources,2,2177,1,No,3,6,6,3,0,Entry
1050,3,2,3,Sales,Sales Executive,2,7525,2,No,3,30,15,7,6,Senior
1052,1,3,2,Research & Development,Laboratory Technician,3,4834,7,No,3,9,1,0,0,Entry
1053,1,3,1,Research & Development,Research Scientist,1,2042,6,Yes,3,6,3,2,1,Entry
1055,3,3,1,Sales,Sales Representative,3,2220,1,Yes,3,1,1,1,0,Entry
1056,4,3,1,Sales,Sales Representative,2,1052,1,No,4,1,1,0,0,Entry
1060,3,3,1,Research & Development,Research Scientist,3,2821,3,No,3,8,2,2,2,Entry
1061,2,3,5,Research & Development,Research Director,3,19237,2,Yes,3,29,8,1,7,Senior
1062,4,3,2,Research & Development,Healthcare Representative,2,4107,3,No,3,8,4,3,0,Entry
1066,3,3,2,Sales,Sales Executive,1,8396,1,No,3,8,7,7,7,Entry
1068,1,2,1,Research & Development,Research Scientist,3,2007,1,No,3,5,5,3,1,Entry
1069,4,3,5,Research & Development,Research Director,4,19627,9,No,3,23,2,2,2,Senior
1070,3,2,3,Sales,Sales Executive,3,10686,6,No,3,13,9,4,7,Intermediate
1071,1,3,1,Research & Development,Research Scientist,3,2942,2,No,3,18,5,4,0,Senior
1073,4,2,3,Research & Development,Manufacturing Director,4,8858,0,No,3,15,14,8,7,Entry
1074,3,2,4,Research & Development,Manager,1,16756,7,No,3,31,9,7,6,Senior
1076,3,2,3,Sales,Sales Executive,4,10798,5,No,3,18,1,0,0,Senior
1077,4,3,1,Sales,Sales Representative,4,2323,1,Yes,3,2,2,2,0,Entry
1079,3,2,1,Research & Development,Laboratory Technician,1,1416,1,No,3,1,1,0,1,Entry
1080,4,2,2,Research & Development,Research Scientist,1,4615,8,Yes,4,19,16,13,1,Senior
1081,1,3,1,Research & Development,Research Scientist,3,2461,9,Yes,3,18,10,0,2,Senior
1082,2,2,3,Research & Development,Healthcare Representative,1,8722,1,No,3,10,10,7,1,Intermediate
1083,1,2,1,Research & Development,Laboratory Technician,1,3955,1,No,3,6,5,3,1,Entry
1084,3,3,2,Research & Development,Manufacturing Director,1,9957,0,No,3,7,6,2,0,Entry
1085,2,4,1,Research & Development,Research Scientist,3,3376,1,No,3,10,10,6,0,Intermediate
1088,3,2,3,Research & Development,Healthcare Representative,3,8823,0,No,3,20,19,9,1,Senior
1092,1,3,3,Research & Development,Healthcare Representative,4,10322,4,No,4,14,11,10,11,Intermediate
1094,1,1,1,Research & Development,Laboratory Technician,3,4621,1,No,3,3,3,2,1,Entry
1096,4,3,3,Research & Development,Manufacturing Director,2,10976,3,No,3,23,3,2,1,Senior
1097,3,3,2,Research & Development,Research Scientist,3,3660,3,No,3,10,8,7,1,Intermediate
1098,2,2,3,Human Resources,Human Resources,1,10482,9,No,3,24,20,6,3,Senior
1099,4,2,3,Research & Development,Healthcare Representative,4,7119,4,No,3,9,3,2,1,Entry
1100,4,3,3,Sales,Sales Executive,1,9582,0,Yes,4,9,8,7,4,Entry
1101,1,2,2,Research & Development,Research Scientist,3,4508,1,No,4,14,13,7,3,Intermediate
1102,1,3,1,Research & Development,Laboratory Technician,3,2207,1,No,3,4,4,2,2,Entry
1103,1,3,2,Research & Development,Healthcare Representative,4,7756,0,No,3,7,6,2,0,Entry
1105,4,2,2,Sales,Sales Executive,4,6694,2,Yes,3,8,1,0,0,Entry
1106,4,3,1,Research & Development,Laboratory Technician,4,3691,1,Yes,3,7,7,7,5,Entry
1107,1,3,1,Research & Development,Laboratory Technician,3,2377,1,No,4,1,1,1,0,Entry
1108,1,2,1,Research & Development,Research Scientist,2,2313,4,Yes,4,5,2,2,2,Entry
1109,4,3,4,Research & Development,Manager,1,17665,0,No,3,23,22,6,13,Senior
1111,1,2,1,Research & Development,Laboratory Technician,2,2596,1,No,3,1,1,0,0,Entry
1113,4,3,2,Sales,Sales Executive,3,4728,3,Yes,3,5,0,0,0,Entry
1114,4,3,2,Sales,Sales Executive,2,4302,0,No,3,4,3,2,0,Entry
1115,3,2,1,Research & Development,Research Scientist,4,2979,3,No,3,6,0,0,0,Entry
1116,1,4,4,Research & Development,Manager,4,16885,2,No,4,27,5,4,2,Senior
1117,2,2,2,Sales,Sales Executive,3,5593,1,No,3,15,15,10,4,Entry
1118,2,3,3,Research & Development,Healthcare Representative,2,10445,7,No,3,18,8,6,4,Senior
1119,3,2,3,Sales,Sales Executive,3,8740,0,Yes,3,9,8,7,2,Entry
1120,3,3,1,Research & Development,Research Scientist,4,2514,4,No,4,11,7,5,1,Intermediate
1121,4,3,3,Research & Development,Manufacturing Director,2,7655,0,No,3,10,9,7,1,Intermediate
1124,1,3,4,Sales,Manager,3,17465,3,No,3,23,12,9,4,Senior
1125,4,3,3,Sales,Sales Executive,2,7351,7,No,3,10,1,0,0,Intermediate
1126,3,3,3,Research & Development,Manufacturing Director,1,10820,8,No,3,18,8,7,0,Senior
1127,1,3,4,Research & Development,Healthcare Representative,4,12169,7,No,3,21,18,7,11,Senior
1128,3,2,5,Research & Development,Research Director,3,19626,1,No,3,21,20,7,4,Senior
1131,4,2,1,Research & Development,Research Scientist,2,2070,1,Yes,3,2,2,2,2,Entry
1132,3,3,2,Research & Development,Laboratory Technician,2,6782,9,No,3,9,5,4,0,Entry
1133,1,3,2,Research & Development,Manufacturing Director,4,7779,2,No,4,18,11,9,0,Senior
1135,3,4,1,Sales,Sales Representative,4,2791,0,No,3,3,2,2,2,Entry
1136,1,2,1,Research & Development,Research Scientist,2,3201,0,No,3,6,5,3,0,Entry
1137,4,3,2,Sales,Sales Executive,4,4968,1,No,3,5,5,2,0,Entry
1138,4,2,4,Sales,Sales Executive,2,13120,6,No,3,22,9,8,2,Senior
1140,4,3,2,Research & Development,Manufacturing Director,3,4033,2,No,3,5,3,2,0,Entry
1143,4,3,1,Research & Development,Research Scientist,2,3291,0,No,3,8,7,5,1,Entry
1148,2,1,2,Research & Development,Laboratory Technician,4,4272,4,No,3,16,1,0,0,Senior
1150,2,2,2,Research & Development,Manufacturing Director,4,5056,1,Yes,3,10,10,7,1,Intermediate
1152,3,4,1,Human Resources,Human Resources,3,2844,1,No,3,7,7,6,5,Entry
1154,3,2,1,Research & Development,Research Scientist,3,2703,1,Yes,3,3,3,1,0,Entry
1156,3,3,1,Research & Development,Laboratory Technician,3,1904,1,No,3,0,0,0,0,Entry
1157,1,3,2,Sales,Sales Executive,1,8224,0,Yes,3,6,5,2,0,Entry
1158,2,3,1,Research & Development,Laboratory Technician,4,4766,3,Yes,3,6,1,0,0,Entry
1160,3,3,1,Research & Development,Laboratory Technician,3,2610,1,No,3,2,2,2,2,Entry
1161,3,2,2,Research & Development,Healthcare Representative,4,5731,7,No,3,9,6,2,1,Entry
1162,4,2,1,Research & Development,Research Scientist,3,2539,1,No,3,4,4,2,2,Entry
1163,2,3,2,Sales,Sales Executive,3,5714,1,No,4,6,6,5,1,Entry
1164,3,3,1,Human Resources,Human Resources,3,4323,1,No,3,6,5,4,1,Entry
1165,4,2,3,Sales,Sales Executive,1,7336,1,No,3,11,11,8,3,Intermediate
1166,2,3,3,Research & Development,Research Director,3,13499,9,No,3,20,18,7,2,Senior
1167,3,3,4,Sales,Sales Executive,1,13758,0,Yes,3,22,21,9,13,Senior
1171,2,3,2,Sales,Sales Executive,1,5155,7,No,3,9,6,4,1,Entry
1172,4,2,1,Research & Development,Laboratory Technician,3,2258,6,No,3,10,8,0,1,Intermediate
1173,4,3,1,Research & Development,Laboratory Technician,2,3597,8,No,4,6,4,3,1,Entry
1175,3,3,1,Research & Development,Laboratory Technician,4,2515,1,Yes,3,1,1,1,0,Entry
1177,1,4,1,Research & Development,Laboratory Technician,4,4420,1,No,4,8,8,7,0,Entry
1179,3,2,2,Sales,Sales Executive,3,6578,1,No,3,10,10,3,1,Intermediate
1180,3,2,2,Research & Development,Research Scientist,4,4422,3,Yes,3,16,1,1,0,Senior
1182,3,2,3,Research & Development,Manufacturing Director,2,10274,2,No,3,15,7,7,6,Entry
1184,4,2,2,Research & Development,Healthcare Representative,1,5343,0,No,4,14,13,9,4,Intermediate
1185,4,2,1,Research & Development,Laboratory Technician,4,2376,1,No,3,2,2,2,2,Entry
1188,1,1,2,Sales,Sales Executive,3,5346,8,No,3,7,4,3,1,Entry
1190,3,3,1,Sales,Sales Representative,1,2827,1,No,3,1,1,0,0,Entry
1191,4,3,5,Research & Development,Manager,1,19943,4,No,3,28,5,2,4,Senior
1192,2,3,1,Research & Development,Laboratory Technician,4,3131,1,No,3,10,10,8,0,Intermediate
1193,3,3,1,Research & Development,Research Scientist,1,2552,1,No,4,1,1,1,0,Entry
1195,1,3,1,Research & Development,Research Scientist,3,4477,4,Yes,3,7,3,2,0,Entry
1196,4,2,2,Research & Development,Manufacturing Director,4,6474,1,No,3,14,14,8,3,Intermediate
1198,1,2,1,Research & Development,Laboratory Technician,3,3033,1,No,3,2,2,2,1,Entry
1200,3,3,1,Research & Development,Research Scientist,3,2936,1,Yes,3,6,6,4,0,Entry
1201,4,3,5,Research & Development,Manager,3,18606,3,No,3,26,7,7,4,Senior
1202,2,1,1,Research & Development,Research Scientist,4,2168,0,Yes,3,6,5,4,1,Entry
1203,3,2,1,Research & Development,Research Scientist,4,2853,0,Yes,3,1,0,0,0,Entry
1204,3,3,4,Sales,Manager,1,17048,8,No,4,28,26,15,15,Senior
1206,4,1,1,Research & Development,Research Scientist,3,2290,2,No,3,6,0,0,0,Entry
1207,2,3,1,Human Resources,Human Resources,3,3600,1,No,3,5,5,4,1,Entry
1210,1,2,1,Research & Development,Research Scientist,1,2107,6,No,3,5,1,0,0,Entry
1211,3,3,2,Sales,Sales Executive,1,4115,8,No,3,8,4,3,0,Entry
1212,2,3,2,Sales,Sales Executive,2,4327,5,No,3,5,0,0,0,Entry
1215,4,3,4,Research & Development,Manager,1,17856,2,No,4,32,2,2,2,Senior
1216,4,2,1,Research & Development,Laboratory Technician,1,3196,1,No,3,6,6,5,3,Entry
1217,4,3,5,Research & Development,Research Director,2,19081,5,No,3,25,4,2,0,Senior
1218,3,3,2,Sales,Sales Executive,1,8966,3,Yes,3,15,7,7,1,Entry
1219,4,3,1,Research & Development,Laboratory Technician,2,2210,1,No,3,1,1,0,0,Entry
1220,2,3,2,Sales,Sales Executive,3,4539,1,No,3,10,10,7,0,Intermediate
1221,3,1,1,Research & Development,Laboratory Technician,3,2741,1,No,3,7,7,7,1,Entry
1224,3,3,2,Research & Development,Laboratory Technician,3,3491,1,No,3,10,10,7,8,Intermediate
1225,4,3,2,Research & Development,Research Scientist,4,4541,1,No,4,20,20,11,13,Senior
1226,3,4,1,Sales,Sales Representative,4,2678,1,No,3,2,2,1,2,Entry
1228,4,3,2,Research & Development,Manufacturing Director,4,7379,2,No,3,12,6,3,1,Intermediate
1231,4,4,2,Human Resources,Human Resources,1,6272,7,No,3,10,4,3,0,Intermediate
1233,2,4,2,Sales,Sales Executive,4,5220,0,Yes,3,12,11,7,1,Intermediate
1234,3,2,1,Research & Development,Laboratory Technician,2,2743,1,No,4,2,2,2,2,Entry
1235,4,3,2,Research & Development,Research Scientist,3,4998,4,Yes,3,10,8,7,0,Intermediate
1237,3,1,3,Research & Development,Manufacturing Director,1,10252,2,Yes,4,17,7,7,7,Senior
1238,1,3,1,Research & Development,Research Scientist,4,2781,0,No,3,15,14,10,4,Entry
1239,2,2,2,Sales,Sales Executive,2,6852,7,No,3,7,5,1,1,Entry
1240,3,3,2,Sales,Sales Executive,4,4950,0,No,3,5,4,3,1,Entry
1241,4,3,1,Research & Development,Research Scientist,2,3579,0,Yes,4,12,11,9,5,Intermediate
1242,1,3,3,Research & Development,Research Director,1,13191,3,Yes,3,20,1,0,0,Senior
1243,3,2,3,Sales,Sales Executive,4,10377,4,Yes,3,16,13,2,4,Senior
1244,1,3,1,Research & Development,Research Scientist,1,2235,1,Yes,3,9,9,7,6,Entry
1245,4,3,3,Research & Development,Manufacturing Director,3,10502,7,No,3,33,5,4,1,Senior
1246,1,4,1,Research & Development,Research Scientist,4,2011,1,No,3,10,10,5,7,Intermediate
1248,1,2,1,Research & Development,Research Scientist,2,1859,1,Yes,4,1,1,1,0,Entry
1249,1,3,1,Research & Development,Research Scientist,4,3760,1,No,3,3,3,2,1,Entry
1250,4,3,4,Research & Development,Research Director,4,17779,3,No,3,36,10,9,0,Senior
1251,3,3,2,Research & Development,Healthcare Representative,1,6833,1,Yes,3,6,6,5,0,Entry
1252,3,2,2,Research & Development,Healthcare Representative,1,6812,1,No,3,10,10,9,1,Intermediate
1254,3,2,2,Sales,Sales Executive,4,5171,5,No,3,13,6,1,0,Intermediate
1255,3,1,5,Research & Development,Research Director,4,19740,3,No,3,25,8,7,0,Senior
1256,1,2,5,Research & Development,Manager,3,18711,2,No,3,23,1,0,0,Senior
1257,3,3,1,Research & Development,Research Scientist,2,3692,1,No,3,12,11,10,0,Intermediate
1258,4,4,1,Research & Development,Laboratory Technician,2,2559,5,No,3,7,1,0,0,Entry
1259,1,3,1,Research & Development,Research Scientist,3,2517,1,No,3,5,5,3,0,Entry
1260,3,3,2,Research & Development,Healthcare Representative,4,6623,1,Yes,3,6,6,0,1,Entry
1263,4,2,5,Research & Development,Research Director,4,18265,6,No,3,25,1,0,0,Senior
1264,4,2,4,Research & Development,Research Director,4,16124,3,No,3,9,7,7,1,Entry
1265,3,4,1,Research & Development,Research Scientist,3,2585,0,No,3,2,1,0,0,Entry
1267,2,3,5,Sales,Manager,2,18213,7,No,3,26,22,9,3,Senior
1268,4,4,3,Sales,Sales Executive,3,8380,0,Yes,3,10,9,8,0,Intermediate
1269,2,4,1,Research & Development,Research Scientist,4,2994,1,Yes,3,1,1,0,0,Entry
1270,4,3,1,Research & Development,Research Scientist,3,1223,1,No,4,1,1,0,0,Entry
1273,3,1,1,Sales,Sales Representative,4,1118,1,Yes,3,1,1,0,1,Entry
1275,3,3,1,Research & Development,Research Scientist,4,2875,1,Yes,4,8,8,5,2,Entry
1277,1,1,5,Sales,Manager,2,18824,2,Yes,3,26,24,10,1,Senior
1278,4,2,4,Research & Development,Healthcare Representative,2,13577,1,Yes,3,34,33,9,15,Senior
1279,1,2,1,Research & Development,Laboratory Technician,3,2625,1,No,4,2,2,2,2,Entry
1280,4,2,5,Sales,Manager,2,18789,2,No,3,26,11,4,0,Senior
1281,3,3,2,Sales,Sales Executive,1,4538,0,Yes,3,4,3,2,0,Entry
1282,4,3,5,Sales,Manager,2,19847,4,Yes,4,31,29,10,11,Senior
1283,4,3,3,Research & Development,Manufacturing Director,4,10512,6,No,3,25,9,7,5,Senior
1285,3,3,2,Research & Development,Laboratory Technician,2,4444,4,No,3,15,11,8,5,Entry
1286,4,3,1,Research & Development,Laboratory Technician,3,2154,0,Yes,3,5,4,2,0,Entry
1288,3,4,5,Research & Development,Manager,1,19190,1,No,3,26,25,9,14,Senior
1289,3,2,2,Human Resources,Human Resources,2,4490,4,No,3,14,10,9,1,Intermediate
1291,3,3,1,Research & Development,Research Scientist,3,3506,0,Yes,3,4,3,2,2,Entry
1292,2,4,2,Research & Development,Research Scientist,2,2372,6,Yes,3,18,1,0,0,Senior
1293,4,2,3,Sales,Sales Executive,4,10231,3,No,3,23,21,7,15,Senior
1294,3,3,2,Research & Development,Manufacturing Director,2,5410,9,Yes,3,18,16,14,5,Senior
1295,1,3,3,Research & Development,Healthcare Representative,4,7978,1,No,3,10,10,7,0,Intermediate
1296,4,2,1,Research & Development,Laboratory Technician,4,3867,1,Yes,3,2,2,2,2,Entry
1297,2,2,1,Research & Development,Laboratory Technician,3,2838,0,No,3,8,7,0,7,Entry
1298,3,3,2,Research & Development,Manufacturing Director,3,4695,7,Yes,3,10,8,4,1,Intermediate
1299,2,3,1,Research & Development,Laboratory Technician,3,3339,3,Yes,3,10,7,7,7,Intermediate
1301,4,3,1,Research & Development,Research Scientist,1,2080,2,No,3,5,3,2,1,Entry
1303,4,3,1,Research & Development,Research Scientist,2,2096,1,No,3,2,2,2,2,Entry
1304,3,4,2,Sales,Sales Executive,4,6209,1,No,3,10,10,7,0,Intermediate
1306,2,3,5,Research & Development,Manager,2,18061,3,No,4,22,0,0,0,Senior
1307,3,2,4,Research & Development,Manager,2,17123,6,Yes,3,21,19,9,15,Senior
1308,1,3,1,Research & Development,Research Scientist,3,2372,1,No,3,2,2,2,2,Entry
1309,4,3,2,Research & Development,Laboratory Technician,3,4883,1,No,3,10,10,4,1,Intermediate
1310,3,3,1,Research & Development,Research Scientist,1,3904,0,No,3,6,5,2,0,Entry
1311,1,2,2,Research & Development,Laboratory Technician,4,4627,0,No,3,10,9,2,6,Intermediate
1312,4,3,3,Research & Development,Healthcare Representative,3,7094,3,No,3,10,7,7,1,Intermediate
1314,4,3,1,Human Resources,Human Resources,1,3423,6,No,3,10,7,6,5,Intermediate
1315,3,1,2,Research & Development,Laboratory Technician,4,6674,0,No,3,10,9,8,7,Intermediate
1317,4,3,4,Research & Development,Research Director,1,16880,4,Yes,3,25,3,2,1,Senior
1318,4,2,3,Sales,Sales Executive,2,9094,2,Yes,3,9,5,4,1,Entry
1319,2,3,3,Sales,Sales Executive,2,8446,9,Yes,3,10,8,7,7,Intermediate
1321,2,3,3,Research & Development,Manager,1,11916,1,Yes,4,9,9,1,0,Entry
1322,1,3,2,Research & Development,Manufacturing Director,3,4534,0,No,3,9,8,7,1,Entry
1324,4,3,3,Sales,Sales Executive,3,9852,1,Yes,3,10,10,8,9,Intermediate
1329,3,1,2,Sales,Sales Executive,2,6151,1,No,3,19,19,2,11,Senior
1331,4,3,1,Sales,Sales Representative,2,2302,1,Yes,3,3,3,2,2,Entry
1333,1,3,1,Research & Development,Laboratory Technician,1,2362,4,No,3,10,3,2,1,Intermediate
1334,3,3,4,Research & Development,Manager,3,17861,0,Yes,3,21,20,8,2,Senior
1336,4,1,5,Research & Development,Manager,3,19187,4,No,3,23,19,9,9,Senior
1338,4,3,5,Human Resources,Manager,2,19717,6,No,3,36,7,3,7,Senior
1340,3,3,1,Research & Development,Research Scientist,3,3544,9,No,3,6,4,2,0,Entry
1344,4,3,3,Research & Development,Healthcare Representative,4,8500,0,No,3,10,9,7,1,Intermediate
1346,3,3,2,Research & Development,Research Scientist,4,4661,1,No,3,9,9,8,8,Entry
1349,3,3,2,Sales,Sales Executive,1,4103,0,No,3,10,9,3,1,Intermediate
1350,3,3,2,Research & Development,Research Scientist,3,4249,1,Yes,3,9,9,6,1,Entry
1352,3,3,4,Human Resources,Manager,2,14026,1,Yes,3,33,33,9,0,Senior
1355,2,3,2,Sales,Sales Executive,1,6893,3,No,3,11,7,7,1,Intermediate
1356,3,3,2,Sales,Sales Executive,1,6125,1,No,3,10,10,8,9,Intermediate
1358,4,3,1,Research & Development,Laboratory Technician,4,3669,3,No,3,7,3,2,1,Entry
1360,3,2,3,Research & Development,Manufacturing Director,1,10008,7,Yes,3,31,10,9,5,Senior
1361,2,3,1,Research & Development,Laboratory Technician,2,2387,3,No,4,7,4,2,0,Entry
1362,1,4,2,Sales,Sales Executive,1,4639,2,No,3,17,15,7,6,Senior
1363,4,3,3,Research & Development,Manufacturing Director,4,7898,1,No,3,11,10,9,0,Intermediate
1364,3,4,1,Sales,Sales Representative,4,2534,8,No,3,5,1,0,0,Entry
1367,4,2,4,Research & Development,Manufacturing Director,2,13142,3,No,3,29,5,2,0,Senior
1368,4,3,1,Research & Development,Laboratory Technician,4,1611,1,No,3,0,0,0,0,Entry
1369,4,2,2,Research & Development,Laboratory Technician,4,5363,0,No,3,10,9,7,0,Intermediate
1371,4,1,2,Sales,Sales Executive,4,5071,3,No,4,8,6,2,0,Entry
1372,1,4,4,Sales,Sales Executive,3,13695,6,Yes,3,24,19,7,3,Senior
1373,4,3,4,Research & Development,Manufacturing Director,2,13402,4,Yes,3,33,19,16,15,Senior
1374,1,2,1,Research & Development,Research Scientist,3,2029,1,No,4,5,5,4,0,Entry
1375,2,4,2,Research & Development,Healthcare Representative,3,6377,5,No,4,15,12,11,11,Entry
1377,2,3,2,Research & Development,Laboratory Technician,3,5429,4,No,3,10,8,7,7,Intermediate
1379,3,2,1,Sales,Sales Representative,4,2785,7,No,3,3,1,0,0,Entry
1380,4,3,2,Sales,Sales Executive,3,4614,0,Yes,3,5,4,2,3,Entry
1382,4,4,1,Research & Development,Research Scientist,3,2610,1,No,3,4,4,2,0,Entry
1383,3,3,2,Research & Development,Healthcare Representative,4,6687,1,No,3,14,14,11,4,Intermediate
1387,3,2,2,Sales,Sales Executive,1,4724,1,No,3,5,5,3,0,Entry
1389,4,3,2,Research & Development,Manufacturing Director,3,6179,1,Yes,3,10,10,2,6,Intermediate
1390,1,2,2,Sales,Sales Executive,4,6120,3,Yes,3,8,5,4,1,Entry
1391,2,3,3,Sales,Sales Executive,2,10596,2,No,3,14,4,2,3,Intermediate
1392,4,3,2,Research & Development,Research Scientist,4,5467,3,Yes,3,12,6,2,3,Intermediate
1394,3,3,1,Research & Development,Research Scientist,3,2996,7,Yes,3,8,6,4,1,Entry
1395,2,3,2,Sales,Sales Executive,4,9998,6,No,3,8,5,4,1,Entry
1396,3,3,2,Sales,Sales Executive,2,4078,0,Yes,3,4,3,2,1,Entry
1397,3,3,3,Research & Development,Healthcare Representative,3,10920,3,No,4,13,6,4,0,Intermediate
1399,1,4,2,Sales,Sales Executive,3,6232,2,No,3,6,3,2,1,Entry
1401,4,4,4,Research & Development,Manufacturing Director,3,13247,2,Yes,3,24,5,3,0,Senior
1402,1,2,2,Research & Development,Research Scientist,3,4081,1,Yes,3,20,20,7,1,Senior
1403,4,2,2,Sales,Sales Executive,4,5769,1,Yes,3,6,6,2,4,Entry
1405,4,3,1,Research & Development,Research Scientist,3,2394,1,Yes,3,8,8,2,7,Entry
1407,1,2,1,Research & Development,Research Scientist,4,3904,0,No,3,5,4,3,1,Entry
1408,3,3,4,Human Resources,Manager,1,16799,0,No,3,21,20,7,0,Senior
1409,3,3,1,Research & Development,Laboratory Technician,1,2950,9,No,3,12,5,4,0,Intermediate
1411,1,3,1,Research & Development,Laboratory Technician,3,3629,4,No,3,8,3,2,0,Entry
1412,3,3,3,Research & Development,Manufacturing Director,4,9362,2,No,3,10,2,2,2,Intermediate
1415,1,3,1,Research & Development,Laboratory Technician,4,3229,4,No,3,7,3,2,0,Entry
1417,3,4,1,Research & Development,Laboratory Technician,1,3578,0,No,3,8,7,7,0,Entry
1419,2,2,3,Human Resources,Human Resources,1,7988,1,No,3,10,10,9,0,Intermediate
1420,1,2,2,Research & Development,Laboratory Technician,1,4284,3,No,4,20,4,3,1,Senior
1421,3,3,3,Research & Development,Healthcare Representative,4,7553,0,Yes,3,9,8,7,7,Entry
1422,4,3,4,Research & Development,Research Director,4,17328,6,No,3,29,20,7,12,Senior
1423,4,3,5,Research & Development,Research Director,1,19701,3,Yes,4,32,9,8,1,Senior
1424,2,4,4,Research & Development,Research Director,4,14732,2,No,3,31,7,7,0,Senior
1425,1,3,2,Sales,Sales Executive,2,9278,3,Yes,3,15,5,4,0,Entry
1427,2,1,1,Sales,Sales Representative,3,1359,1,No,3,1,1,0,0,Entry
1428,4,3,2,Sales,Sales Executive,1,4779,7,No,3,8,3,2,0,Entry
1430,1,3,4,Research & Development,Research Director,2,16422,3,No,3,9,3,2,1,Entry
1431,4,3,1,Research & Development,Research Scientist,1,2996,5,No,3,10,4,3,1,Intermediate
1433,1,2,1,Research & Development,Research Scientist,2,1261,1,No,3,1,1,0,0,Entry
1434,2,3,1,Research & Development,Laboratory Technician,1,2099,0,No,3,6,5,0,1,Entry
1435,1,2,2,Research & Development,Laboratory Technician,4,5810,1,No,3,10,10,4,1,Intermediate
1436,3,2,2,Sales,Sales Executive,1,5647,4,No,3,11,3,2,0,Intermediate
1438,1,3,1,Research & Development,Research Scientist,4,3420,7,No,3,17,6,5,1,Senior
1439,1,2,1,Sales,Sales Representative,1,4400,3,No,3,6,3,2,2,Entry
1440,3,4,1,Research & Development,Laboratory Technician,3,3500,0,No,3,7,6,5,1,Entry
1441,1,3,1,Research & Development,Research Scientist,1,2066,2,No,4,5,3,2,1,Entry
1443,1,3,4,Research & Development,Research Director,3,17169,3,No,3,26,20,17,5,Senior
1445,4,3,2,Sales,Sales Executive,3,4162,1,Yes,3,5,5,4,0,Entry
1446,4,3,2,Sales,Sales Executive,4,9204,4,No,3,7,4,3,0,Entry
1447,4,2,1,Research & Development,Laboratory Technician,2,3294,5,No,3,7,5,4,0,Entry
1448,2,4,1,Research & Development,Research Scientist,3,2127,2,Yes,3,7,4,2,0,Entry
1449,3,3,2,Research & Development,Laboratory Technician,3,3975,3,No,3,11,8,7,0,Intermediate
1453,1,3,3,Sales,Sales Executive,4,10793,1,No,3,13,13,7,9,Intermediate
1457,1,3,3,Sales,Sales Executive,4,10096,4,No,3,28,7,7,4,Senior
1458,1,2,1,Research & Development,Laboratory Technician,1,3646,2,Yes,4,11,1,0,0,Intermediate
1459,3,4,3,Research & Development,Manufacturing Director,2,7446,1,No,3,10,10,8,4,Intermediate
1460,2,1,3,Research & Development,Healthcare Representative,1,10851,2,Yes,3,24,7,7,0,Senior
1461,4,4,1,Human Resources,Human Resources,2,2109,9,No,3,8,3,2,0,Entry
1464,2,3,1,Research & Development,Laboratory Technician,4,3722,6,Yes,3,7,2,2,2,Entry
1465,2,3,3,Research & Development,Manufacturing Director,4,9380,4,Yes,3,10,3,1,1,Intermediate
1466,3,3,2,Sales,Sales Executive,1,5486,4,No,3,15,2,2,2,Entry
1467,1,3,1,Human Resources,Human Resources,3,2742,1,No,3,2,2,2,2,Entry
1468,4,2,3,Research & Development,Research Director,2,13757,2,No,3,16,9,8,4,Senior
1469,4,3,2,Sales,Sales Executive,1,8463,0,No,3,6,5,4,1,Entry
1471,3,2,1,Research & Development,Laboratory Technician,3,3162,3,No,3,7,5,2,0,Entry
1472,4,4,4,Research & Development,Research Director,2,16598,4,No,3,35,9,8,8,Senior
1473,1,3,2,Research & Development,Healthcare Representative,3,6651,2,No,3,20,3,2,1,Senior
1474,3,3,1,Research & Development,Research Scientist,3,2345,2,No,3,8,3,1,1,Entry
1475,4,3,1,Research & Development,Research Scientist,2,3420,1,No,3,6,5,2,1,Entry
1477,4,3,2,Sales,Sales Executive,1,4373,0,No,3,5,4,3,0,Entry
1478,4,1,2,Sales,Sales Executive,1,4759,3,No,3,15,13,9,3,Entry
1479,4,3,2,Sales,Sales Executive,3,5301,8,No,3,4,2,1,2,Entry
1480,1,3,1,Research & Development,Laboratory Technician,4,3673,1,No,3,12,12,9,5,Intermediate
1481,1,3,2,Sales,Sales Executive,3,4768,7,No,3,11,1,0,0,Intermediate
1482,3,3,1,Research & Development,Research Scientist,3,1274,1,No,3,1,1,0,0,Entry
1483,2,4,2,Research & Development,Research Scientist,3,4900,0,No,4,13,12,9,2,Intermediate
1484,3,3,3,Research & Development,Healthcare Representative,2,10466,3,No,3,29,8,7,0,Senior
1485,2,3,4,Research & Development,Research Director,1,17007,7,No,3,16,14,8,6,Senior
1486,1,3,1,Sales,Sales Representative,3,2909,3,No,3,5,3,2,1,Entry
1487,1,3,2,Sales,Sales Executive,2,5765,5,No,3,7,5,3,0,Entry
1489,1,2,2,Sales,Sales Executive,2,4599,0,Yes,4,16,15,9,10,Senior
1492,4,3,1,Sales,Sales Representative,3,2404,1,No,3,1,1,0,0,Entry
1494,2,3,1,Research & Development,Laboratory Technician,1,3172,2,Yes,3,4,0,0,0,Entry
1495,4,3,1,Sales,Sales Representative,2,2033,1,No,3,1,1,0,0,Entry
1496,2,3,3,Research & Development,Manufacturing Director,3,10209,5,Yes,3,16,2,2,2,Senior
1497,3,2,2,Sales,Sales Executive,3,8620,1,No,3,10,10,7,0,Intermediate
1499,3,3,1,Human Resources,Human Resources,3,2064,0,No,4,6,5,3,1,Entry
1501,4,3,2,Research & Development,Healthcare Representative,3,4035,0,Yes,3,4,3,2,1,Entry
1502,1,2,1,Research & Development,Laboratory Technician,2,3838,8,No,3,8,5,4,0,Entry
1503,3,3,2,Sales,Sales Executive,3,4591,3,Yes,3,11,5,4,1,Intermediate
1504,3,2,1,Research & Development,Laboratory Technician,1,2561,7,No,3,8,0,0,0,Entry
1506,1,2,1,Research & Development,Research Scientist,3,1563,1,No,3,1,1,0,0,Entry
1507,3,3,2,Sales,Sales Executive,1,4898,0,No,3,5,4,2,1,Entry
1509,3,2,2,Research & Development,Laboratory Technician,1,4789,4,No,4,10,3,2,1,Intermediate
1513,4,3,1,Research & Development,Laboratory Technician,2,3180,0,No,3,4,3,2,0,Entry
1514,3,1,2,Research & Development,Manufacturing Director,2,6549,1,No,3,8,8,6,1,Entry
1515,4,3,2,Research & Development,Healthcare Representative,3,6388,2,Yes,3,14,0,0,0,Intermediate
1516,3,3,3,Research & Development,Manager,4,11244,2,No,4,10,5,2,0,Intermediate
1520,2,3,4,Research & Development,Manager,4,16032,3,No,4,26,14,9,1,Senior
1522,1,2,1,Research & Development,Research Scientist,1,2362,6,No,3,11,9,7,0,Intermediate
1523,4,3,4,Research & Development,Research Director,1,16328,3,No,3,24,20,6,14,Senior
1525,2,3,3,Research & Development,Manufacturing Director,2,8376,4,No,3,9,2,0,2,Entry
1527,3,3,4,Sales,Manager,2,16606,8,No,3,23,13,12,5,Senior
1529,4,2,3,Research & Development,Healthcare Representative,2,8606,1,No,3,11,11,8,3,Intermediate
1533,1,3,2,Research & Development,Laboratory Technician,3,2272,0,No,3,5,4,3,1,Entry
1534,4,3,1,Research & Development,Laboratory Technician,1,2018,3,No,3,15,5,4,1,Entry
1535,4,2,3,Sales,Sales Executive,3,7083,1,Yes,3,10,10,9,8,Intermediate
1537,4,3,1,Research & Development,Research Scientist,3,4084,1,No,3,7,7,2,7,Entry
1539,3,1,4,Research & Development,Research Director,4,14411,1,Yes,3,32,32,6,13,Senior
1541,2,3,1,Sales,Sales Representative,3,2308,0,Yes,4,12,11,10,5,Intermediate
1542,3,2,1,Research & Development,Laboratory Technician,2,4841,4,No,3,4,1,0,0,Entry
1543,1,3,2,Research & Development,Research Scientist,4,4285,1,No,3,10,10,8,3,Intermediate
1544,3,1,2,Research & Development,Healthcare Representative,1,9715,3,No,3,9,7,7,0,Entry
1545,4,2,2,Research & Development,Manufacturing Director,2,4320,1,No,3,5,5,3,0,Entry
1546,4,3,1,Research & Development,Research Scientist,4,2132,4,No,4,8,5,4,0,Entry
1547,4,3,3,Research & Development,Healthcare Representative,4,10124,2,Yes,3,24,20,8,13,Senior
1548,1,3,2,Sales,Sales Executive,1,5473,0,No,3,9,8,4,7,Entry
1549,2,3,2,Research & Development,Laboratory Technician,3,5207,1,Yes,3,15,15,14,5,Entry
1550,3,3,4,Human Resources,Manager,4,16437,1,Yes,4,21,21,7,7,Senior
1551,3,2,1,Research & Development,Laboratory Technician,1,2296,0,No,3,2,1,1,0,Entry
1552,4,3,2,Research & Development,Healthcare Representative,4,4069,3,Yes,3,8,2,2,2,Entry
1553,1,3,3,Research & Development,Healthcare Representative,2,7441,1,No,3,10,10,8,7,Intermediate
1554,2,2,1,Sales,Sales Representative,3,2430,0,No,4,6,5,3,4,Entry
1555,4,2,2,Research & Development,Research Scientist,2,5878,3,No,3,12,7,1,2,Intermediate
1556,3,3,1,Sales,Sales Representative,4,2644,3,Yes,4,7,3,2,1,Entry
1557,3,3,2,Sales,Sales Executive,3,6439,8,No,3,18,8,7,7,Senior
1558,3,4,1,Research & Development,Research Scientist,3,2451,6,No,3,5,1,0,0,Entry
1560,1,3,2,Sales,Sales Executive,1,6392,2,No,3,8,2,2,2,Entry
1562,2,2,2,Sales,Sales Executive,1,9714,1,No,3,10,10,8,6,Intermediate
1563,3,3,2,Human Resources,Human Resources,3,6077,3,No,3,10,6,3,1,Intermediate
1564,4,2,1,Research & Development,Laboratory Technician,1,2450,1,No,3,3,3,0,1,Entry
1568,3,3,3,Sales,Sales Executive,2,9250,3,No,3,9,4,2,1,Entry
1569,1,3,1,Research & Development,Laboratory Technician,1,2074,1,Yes,3,1,1,0,0,Entry
1572,3,2,3,Research & Development,Manufacturing Director,4,10169,0,No,3,34,33,7,1,Senior
1573,3,3,2,Research & Development,Manufacturing Director,2,4855,4,No,3,7,5,2,1,Entry
1574,4,3,2,Research & Development,Research Scientist,1,4087,4,No,3,9,6,5,1,Entry
1576,3,3,1,Research & Development,Research Scientist,1,2367,8,No,3,10,8,2,7,Intermediate
1577,1,3,1,Research & Development,Research Scientist,4,2972,1,No,3,1,1,0,0,Entry
1578,3,2,5,Sales,Manager,4,19586,1,No,4,36,36,6,2,Senior
1580,2,3,2,Research & Development,Research Scientist,4,5484,9,No,3,9,2,2,2,Entry
1581,1,3,1,Research & Development,Research Scientist,4,2061,1,No,4,1,1,0,0,Entry
1582,3,3,2,Sales,Sales Executive,2,9924,0,No,3,10,9,8,7,Intermediate
1583,2,3,2,Sales,Sales Executive,2,4198,2,No,3,8,3,2,1,Entry
1585,2,3,2,Sales,Sales Executive,3,6815,6,No,3,15,1,0,0,Entry
1586,2,3,1,Research & Development,Laboratory Technician,1,4723,1,Yes,3,10,10,9,1,Intermediate
1587,1,3,2,Research & Development,Healthcare Representative,3,6142,3,Yes,3,10,5,2,0,Intermediate
1588,4,4,3,Sales,Sales Executive,3,8237,2,No,3,11,7,6,7,Intermediate
1590,1,3,2,Research & Development,Healthcare Representative,4,8853,1,No,3,6,6,4,1,Entry
1591,3,3,5,Sales,Manager,3,19331,4,Yes,3,27,1,0,0,Senior
1592,4,4,1,Research & Development,Research Scientist,3,2073,2,No,3,4,2,2,2,Entry
1594,1,4,2,Research & Development,Laboratory Technician,1,5562,3,Yes,3,9,3,2,0,Entry
1595,4,2,5,Research & Development,Manager,4,19613,8,No,4,24,1,0,0,Senior
1596,2,4,2,Research & Development,Laboratory Technician,3,3407,1,No,3,10,10,9,6,Intermediate
1597,4,2,2,Research & Development,Healthcare Representative,3,5063,1,No,3,8,8,2,7,Entry
1598,4,3,2,Sales,Sales Executive,1,4639,1,No,3,5,5,4,1,Entry
1599,4,4,1,Research & Development,Laboratory Technician,2,4876,5,No,3,8,6,4,0,Entry
1601,3,2,1,Research & Development,Laboratory Technician,4,2690,1,No,3,1,1,0,0,Entry
1602,4,4,4,Sales,Manager,1,17567,1,No,3,27,26,0,0,Senior
1604,3,3,1,Research & Development,Laboratory Technician,2,2408,1,Yes,3,1,1,1,0,Entry
1605,2,2,1,Research & Development,Research Scientist,3,2814,1,Yes,3,4,4,2,1,Entry
1606,2,3,4,Research & Development,Healthcare Representative,3,11245,2,Yes,3,32,30,8,12,Senior
1607,2,4,1,Research & Development,Research Scientist,4,3312,3,No,3,6,3,2,0,Entry
1608,2,3,5,Research & Development,Research Director,4,19049,0,Yes,3,23,22,7,1,Senior
1609,2,2,1,Research & Development,Research Scientist,2,2141,1,No,3,6,6,4,1,Entry
1611,3,1,2,Research & Development,Laboratory Technician,1,5769,1,Yes,3,10,10,7,1,Intermediate
1612,1,2,2,Sales,Sales Executive,1,4385,1,No,3,10,10,7,4,Intermediate
1613,4,3,2,Sales,Sales Executive,1,5332,7,No,3,10,5,2,0,Intermediate
1614,3,3,2,Research & Development,Manufacturing Director,3,4663,9,Yes,3,7,3,2,1,Entry
1615,3,4,2,Research & Development,Manufacturing Director,4,4724,1,No,3,9,9,7,7,Entry
1617,3,3,1,Research & Development,Laboratory Technician,1,3211,1,No,3,10,9,6,1,Intermediate
1618,2,3,2,Research & Development,Manufacturing Director,1,5377,2,No,3,10,7,7,7,Intermediate
1619,4,2,1,Research & Development,Laboratory Technician,1,4066,1,No,3,7,7,7,0,Entry
1621,2,4,2,Research & Development,Research Scientist,1,5208,1,No,3,16,16,15,1,Senior
1622,2,1,2,Research & Development,Manufacturing Director,1,4877,0,No,4,6,5,3,0,Entry
1623,3,3,1,Research & Development,Research Scientist,4,3117,1,No,3,3,2,2,2,Entry
1624,2,3,1,Sales,Sales Representative,4,1569,1,Yes,3,0,0,0,0,Entry
1625,4,3,5,Human Resources,Manager,3,19658,3,No,3,27,5,2,1,Senior
1627,3,2,2,Research & Development,Laboratory Technician,3,3069,0,No,3,11,10,8,0,Intermediate
1628,1,2,3,Research & Development,Manufacturing Director,3,10435,1,No,3,18,18,15,14,Senior
1630,3,3,2,Research & Development,Healthcare Representative,3,4148,1,No,3,15,14,11,2,Entry
1631,3,3,2,Research & Development,Manufacturing Director,3,5768,3,No,3,9,4,3,0,Entry
1633,1,3,2,Research & Development,Manufacturing Director,3,5042,0,No,3,10,9,2,3,Intermediate
1635,4,2,2,Research & Development,Manufacturing Director,4,5770,1,No,3,10,10,7,3,Intermediate
1638,4,2,3,Research & Development,Manufacturing Director,3,7756,3,Yes,3,10,5,4,0,Intermediate
1639,4,2,3,Sales,Sales Executive,1,10306,9,No,3,15,13,12,6,Entry
1640,2,3,1,Research & Development,Research Scientist,2,3936,1,No,3,8,8,4,7,Entry
1641,3,3,3,Research & Development,Manufacturing Director,4,7945,6,Yes,3,18,4,2,3,Senior
1642,1,3,2,Human Resources,Human Resources,4,5743,4,Yes,3,14,10,7,0,Intermediate
1644,3,2,4,Research & Development,Manager,4,15202,2,No,4,23,2,2,2,Senior
1645,1,1,2,Sales,Sales Executive,4,5440,6,Yes,3,7,2,2,2,Entry
1646,1,3,1,Research & Development,Research Scientist,4,3760,1,Yes,3,6,6,3,1,Entry
1647,2,4,1,Research & Development,Research Scientist,3,3517,7,No,3,5,3,2,0,Entry
1648,4,3,1,Research & Development,Research Scientist,4,2580,2,No,3,6,4,2,1,Entry
1649,1,3,1,Research & Development,Laboratory Technician,1,2166,3,Yes,3,10,4,2,0,Intermediate
1650,3,2,2,Sales,Sales Executive,3,5869,9,No,3,8,5,2,1,Entry
1651,2,3,3,Research & Development,Healthcare Representative,1,8008,4,No,3,9,3,2,0,Entry
1653,4,4,2,Research & Development,Manufacturing Director,3,5206,1,No,3,7,7,7,0,Entry
1654,4,3,2,Research & Development,Manufacturing Director,2,5295,4,No,4,7,5,4,1,Entry
1655,1,3,4,Research & Development,Research Director,2,16413,3,No,3,27,4,2,1,Senior
1656,4,2,3,Research & Development,Research Director,1,13269,5,No,3,19,14,11,1,Senior
1657,3,3,1,Sales,Sales Representative,3,2783,1,No,3,2,2,2,2,Entry
1658,4,3,2,Research & Development,Research Scientist,2,5433,1,No,3,11,11,8,7,Intermediate
1659,1,3,1,Research & Development,Laboratory Technician,2,2013,2,No,3,15,4,3,1,Entry
1661,3,2,4,Research & Development,Healthcare Representative,3,13966,2,Yes,3,30,15,11,2,Senior
1662,4,2,2,Research & Development,Manufacturing Director,3,4374,0,No,3,4,3,2,1,Entry
1664,4,4,2,Research & Development,Healthcare Representative,1,6842,6,No,4,13,5,4,0,Intermediate
1665,2,3,4,Research & Development,Manager,3,17426,3,No,4,36,10,8,4,Senior
1666,3,2,4,Research & Development,Research Director,3,17603,1,No,4,14,14,10,6,Intermediate
1667,4,3,2,Sales,Sales Executive,4,4581,3,Yes,4,13,11,9,6,Intermediate
1668,4,3,2,Research & Development,Research Scientist,4,4735,7,No,3,19,13,11,2,Senior
1669,1,2,2,Sales,Sales Executive,2,4187,1,Yes,3,10,10,0,0,Intermediate
1670,4,3,2,Sales,Sales Executive,4,5505,1,No,3,6,6,2,0,Entry
1671,4,3,2,Research & Development,Research Scientist,2,5470,0,No,3,10,9,5,1,Intermediate
1673,1,3,2,Sales,Sales Executive,4,5476,1,No,3,10,10,0,0,Intermediate
1674,4,3,1,Research & Development,Laboratory Technician,1,2587,4,Yes,3,17,2,2,2,Senior
1675,4,2,1,Research & Development,Laboratory Technician,2,2440,1,No,4,4,4,3,3,Entry
1676,2,4,4,Sales,Manager,2,15972,6,No,3,29,3,2,1,Senior
1677,3,3,4,Research & Development,Manager,3,15379,4,No,3,23,8,7,0,Senior
1678,4,3,3,Sales,Sales Executive,3,7082,3,Yes,3,21,2,0,0,Senior
1680,4,3,1,Sales,Sales Representative,1,2728,1,No,3,2,2,2,0,Entry
1681,3,3,2,Sales,Sales Executive,4,5368,1,Yes,4,7,6,5,1,Entry
1682,1,3,2,Research & Development,Healthcare Representative,3,5347,6,No,3,10,3,2,0,Intermediate
1683,3,3,1,Human Resources,Human Resources,4,3195,4,Yes,3,8,2,2,2,Entry
1684,4,2,1,Research & Development,Laboratory Technician,3,3989,1,Yes,3,5,5,4,1,Entry
1687,4,3,1,Research & Development,Laboratory Technician,3,3306,7,No,3,7,0,0,0,Entry
1689,2,4,3,Research & Development,Healthcare Representative,4,7005,3,No,3,11,4,3,1,Intermediate
1691,4,3,1,Sales,Sales Representative,3,2655,2,Yes,3,19,9,7,7,Senior
1692,4,3,1,Research & Development,Laboratory Technician,2,1393,1,No,3,1,1,0,0,Entry
1693,4,3,1,Research & Development,Laboratory Technician,4,2570,1,No,4,7,7,7,5,Entry
1694,1,2,1,Research & Development,Research Scientist,2,3537,5,No,3,8,4,2,1,Entry
1696,2,2,2,Research & Development,Laboratory Technician,4,3986,1,No,3,15,15,10,4,Entry
1697,3,1,3,Research & Development,Healthcare Representative,4,10883,3,No,4,19,1,0,0,Senior
1698,2,4,1,Research & Development,Laboratory Technician,2,2028,1,No,3,14,14,11,2,Intermediate
1700,3,1,2,Sales,Sales Executive,4,9525,1,No,3,6,6,3,1,Entry
1701,2,2,1,Research & Development,Research Scientist,4,2929,1,No,3,10,10,9,8,Intermediate
1702,3,3,1,Sales,Sales Representative,4,2275,1,Yes,4,3,3,2,0,Entry
1703,3,4,3,Research & Development,Healthcare Representative,4,7879,1,Yes,3,9,8,7,6,Entry
1704,1,2,1,Research & Development,Research Scientist,4,4930,0,Yes,3,6,5,4,1,Entry
1706,4,3,2,Sales,Sales Executive,4,7847,1,Yes,3,10,10,9,8,Intermediate
1707,3,4,1,Research & Development,Research Scientist,3,4401,1,No,3,5,5,3,0,Entry
1708,4,3,3,Sales,Sales Executive,3,9241,1,No,3,10,10,8,8,Intermediate
1709,4,3,1,Research & Development,Laboratory Technician,3,2974,9,No,3,9,5,3,1,Entry
1710,3,3,2,Sales,Sales Representative,4,4502,3,No,3,17,13,7,6,Senior
1712,3,2,3,Research & Development,Healthcare Representative,3,10748,3,No,4,25,23,15,14,Senior
1714,4,1,1,Human Resources,Human Resources,3,1555,1,No,3,1,1,0,0,Entry
1716,3,1,4,Sales,Sales Executive,3,12936,7,No,3,25,23,5,14,Senior
1718,4,1,1,Research & Development,Laboratory Technician,3,2305,1,No,3,3,3,2,0,Entry
1719,4,2,4,Research & Development,Research Director,2,16704,1,No,3,21,21,6,8,Senior
1720,1,3,1,Research & Development,Research Scientist,3,3433,6,No,3,10,5,2,1,Intermediate
1721,2,3,1,Research & Development,Laboratory Technician,3,3477,1,No,3,6,5,2,0,Entry
1722,3,1,2,Human Resources,Human Resources,2,6430,6,No,3,10,3,2,1,Intermediate
1724,2,3,2,Research & Development,Manufacturing Director,1,6516,2,Yes,3,18,1,0,0,Senior
1725,2,3,1,Research & Development,Laboratory Technician,1,3907,1,No,3,6,6,2,1,Entry
1727,3,3,2,Research & Development,Healthcare Representative,2,5562,6,No,3,19,10,7,0,Senior
1728,4,3,2,Research & Development,Manufacturing Director,3,6883,2,No,3,17,7,7,0,Senior
1729,2,3,1,Research & Development,Research Scientist,4,2862,1,No,3,10,10,0,0,Intermediate
1731,3,3,2,Sales,Sales Executive,2,4978,7,No,3,4,1,0,0,Entry
1732,3,3,3,Sales,Sales Executive,4,10368,4,Yes,3,13,10,6,0,Intermediate
1733,2,2,2,Sales,Sales Executive,1,6134,5,Yes,3,16,2,2,2,Senior
1734,1,1,2,Sales,Sales Executive,2,6735,6,No,3,10,0,0,0,Intermediate
1735,3,3,1,Research & Development,Laboratory Technician,2,3295,1,No,3,3,3,2,1,Entry
1736,4,3,2,Research & Development,Manufacturing Director,4,5238,2,No,4,9,5,4,1,Entry
1737,4,3,2,Research & Development,Laboratory Technician,4,6472,1,Yes,3,9,9,8,5,Entry
1739,4,1,3,Sales,Sales Executive,3,9610,3,No,3,10,4,3,0,Intermediate
1740,2,3,5,Sales,Manager,2,19833,1,No,3,21,21,8,12,Senior
1744,3,1,3,Human Resources,Human Resources,3,9756,4,No,4,9,5,0,0,Entry
1745,4,2,1,Research & Development,Research Scientist,1,4968,0,No,3,10,9,7,0,Intermediate
1746,1,3,1,Human Resources,Human Resources,4,2145,0,No,3,3,2,2,2,Entry
1747,3,2,1,Human Resources,Human Resources,4,2180,6,No,3,6,4,2,1,Entry
1749,1,3,2,Sales,Sales Executive,3,8346,1,No,3,6,5,2,0,Entry
1751,3,3,1,Research & Development,Research Scientist,4,3445,1,No,3,6,6,2,1,Entry
1752,2,1,1,Sales,Sales Representative,2,2760,1,No,3,2,2,2,2,Entry
1753,4,4,2,Research & Development,Healthcare Representative,3,6294,8,Yes,3,10,3,2,0,Intermediate
1754,3,2,3,Sales,Sales Executive,1,7140,2,No,3,12,7,7,1,Intermediate
1755,4,4,1,Research & Development,Research Scientist,4,2932,0,Yes,3,6,5,0,1,Entry
1756,4,3,2,Sales,Sales Executive,2,5147,8,No,3,13,11,7,1,Intermediate
1757,4,3,2,Sales,Sales Executive,4,4507,3,No,3,8,5,1,0,Entry
1758,1,3,3,Sales,Sales Executive,1,8564,2,Yes,4,11,0,0,0,Intermediate
1760,3,2,1,Research & Development,Laboratory Technician,2,2468,4,No,3,9,6,1,0,Entry
1761,1,3,3,Sales,Sales Executive,3,8161,2,No,3,10,1,0,0,Intermediate
1762,4,2,1,Research & Development,Research Scientist,1,2109,1,No,3,1,1,0,0,Entry
1763,3,4,2,Research & Development,Healthcare Representative,3,5294,3,No,3,10,7,0,1,Intermediate
1764,2,3,1,Research & Development,Research Scientist,2,2718,2,No,3,12,7,7,0,Intermediate
1766,2,1,2,Research & Development,Healthcare Representative,4,5811,3,Yes,3,15,1,0,1,Entry
1767,3,2,1,Research & Development,Research Scientist,3,2437,9,Yes,3,6,1,0,0,Entry
1768,2,3,1,Research & Development,Laboratory Technician,2,2766,8,No,4,7,5,3,0,Entry
1770,3,2,5,Research & Development,Research Director,1,19038,8,No,3,34,1,0,0,Senior
1771,4,3,2,Research & Development,Research Scientist,2,3055,5,No,3,11,9,8,1,Intermediate
1772,3,3,1,Research & Development,Laboratory Technician,1,2289,1,No,4,5,5,3,0,Entry
1774,4,3,2,Sales,Sales Executive,3,4001,1,Yes,3,15,15,14,0,Entry
1775,1,2,4,Research & Development,Manufacturing Director,3,12965,4,Yes,4,27,3,2,0,Senior
1778,2,3,1,Human Resources,Human Resources,4,3539,0,No,3,10,9,7,1,Intermediate
1779,4,1,2,Sales,Sales Executive,4,6029,5,No,3,6,2,2,2,Entry
1780,2,3,1,Sales,Sales Representative,2,2679,1,No,3,1,1,0,1,Entry
1782,4,2,1,Research & Development,Laboratory Technician,3,3702,1,No,3,5,5,4,0,Entry
1783,3,3,1,Research & Development,Laboratory Technician,1,2398,1,Yes,3,1,1,0,0,Entry
1784,1,2,2,Sales,Sales Executive,4,5468,1,No,3,13,12,7,5,Intermediate
1786,1,3,3,Research & Development,Manager,3,13116,2,No,3,15,2,2,2,Entry
1787,2,2,2,Sales,Sales Executive,2,4189,1,No,3,5,5,2,0,Entry
1789,3,3,5,Research & Development,Research Director,4,19328,7,Yes,3,24,2,1,2,Senior
1790,4,3,3,Research & Development,Healthcare Representative,1,8321,7,Yes,3,15,12,8,5,Entry
1792,3,3,1,Research & Development,Research Scientist,2,2342,1,Yes,3,6,5,3,2,Entry
1794,3,3,2,Human Resources,Human Resources,2,4071,2,No,3,19,10,0,4,Senior
1797,3,3,2,Sales,Sales Executive,4,5813,1,Yes,3,10,10,7,7,Intermediate
1798,4,4,1,Research & Development,Research Scientist,1,3143,6,No,3,14,10,8,7,Intermediate
1799,3,3,1,Research & Development,Research Scientist,4,2044,1,No,3,5,5,3,0,Entry
1800,3,3,3,Research & Development,Research Director,3,13464,7,No,4,9,4,3,2,Entry
1801,2,2,2,Sales,Sales Executive,2,7991,8,No,3,6,2,2,2,Entry
1802,3,3,1,Research & Development,Laboratory Technician,1,3377,4,No,3,7,4,3,0,Entry
1803,2,4,2,Research & Development,Healthcare Representative,1,5538,5,No,3,10,0,0,0,Intermediate
1804,2,3,2,Research & Development,Manufacturing Director,4,5762,2,No,3,15,7,7,1,Entry
1805,1,3,1,Human Resources,Human Resources,2,2592,5,No,3,13,11,10,3,Intermediate
1807,4,3,2,Research & Development,Laboratory Technician,1,5346,4,No,3,11,7,1,0,Intermediate
1809,4,3,2,Research & Development,Manufacturing Director,1,4213,1,No,3,10,10,3,0,Intermediate
1812,3,3,2,Sales,Sales Executive,4,4127,2,No,3,7,2,1,2,Entry
1813,1,3,1,Research & Development,Research Scientist,3,2438,4,No,3,7,3,2,1,Entry
1814,2,4,2,Research & Development,Healthcare Representative,2,6870,3,No,3,11,3,2,1,Intermediate
1815,3,3,3,Sales,Sales Executive,3,10447,0,Yes,3,23,22,14,13,Senior
1816,1,3,3,Research & Development,Manufacturing Director,3,9667,9,No,3,9,7,7,0,Entry
1818,4,3,1,Human Resources,Human Resources,2,2148,0,Yes,3,6,5,1,1,Entry
1821,4,3,2,Research & Development,Healthcare Representative,2,8926,4,No,4,13,9,7,3,Intermediate
1822,3,3,2,Research & Development,Healthcare Representative,4,6513,4,No,3,12,5,3,0,Intermediate
1823,2,4,2,Sales,Sales Executive,3,6799,1,No,4,10,10,8,4,Intermediate
1824,2,3,4,Sales,Manager,2,16291,4,No,4,37,16,9,14,Senior
1826,2,1,1,Research & Development,Laboratory Technician,3,2705,0,No,3,6,5,4,0,Entry
1827,3,2,3,Research & Development,Manufacturing Director,2,10333,8,Yes,3,28,22,11,14,Senior
1829,2,3,2,Research & Development,Healthcare Representative,1,4448,2,No,3,15,7,4,7,Entry
1830,4,3,2,Research & Development,Research Scientist,4,6854,4,No,3,14,7,1,1,Intermediate
1833,1,3,3,Sales,Sales Executive,1,9637,2,No,3,9,3,2,2,Entry
1834,3,3,1,Research & Development,Research Scientist,1,3591,1,No,4,3,3,2,1,Entry
1835,2,1,2,Sales,Sales Representative,4,5405,2,Yes,4,20,4,2,0,Senior
1836,3,3,2,Sales,Sales Executive,4,4684,1,No,3,5,5,3,1,Entry
1837,1,3,4,Research & Development,Research Director,3,15787,2,Yes,3,23,2,2,2,Senior
1839,2,3,1,Research & Development,Research Scientist,3,1514,1,No,3,0,0,0,0,Entry
1842,4,4,1,Human Resources,Human Resources,1,2956,0,No,3,2,1,0,0,Entry
1844,1,2,1,Human Resources,Human Resources,1,2335,4,Yes,3,4,2,2,2,Entry
1845,3,3,2,Sales,Sales Executive,3,5154,4,No,4,10,8,7,5,Intermediate
1847,4,3,2,Research & Development,Research Scientist,2,6962,4,Yes,4,15,1,0,0,Entry
1849,1,3,2,Sales,Sales Executive,4,5675,1,No,4,7,7,7,7,Entry
1850,4,3,1,Research & Development,Laboratory Technician,4,2379,0,Yes,3,6,5,4,0,Entry
1852,4,3,1,Research & Development,Laboratory Technician,4,3812,1,No,3,11,11,8,3,Intermediate
1853,4,3,2,Sales,Sales Executive,4,4648,8,No,3,4,0,0,0,Entry
1854,3,3,1,Research & Development,Research Scientist,3,2936,3,No,4,10,6,3,3,Intermediate
1856,2,3,1,Research & Development,Laboratory Technician,3,2105,4,No,3,7,2,2,2,Entry
1857,4,3,3,Research & Development,Manufacturing Director,4,8578,3,No,3,12,9,8,4,Intermediate
1858,3,3,1,Human Resources,Human Resources,4,2706,1,No,3,3,3,2,2,Entry
1859,4,1,2,Research & Development,Healthcare Representative,3,6384,8,No,3,11,7,0,1,Intermediate
1860,4,3,1,Research & Development,Laboratory Technician,3,3968,4,No,3,8,0,0,0,Entry
1862,3,2,2,Sales,Sales Executive,2,9907,7,Yes,3,7,2,2,2,Entry
1863,1,4,4,Sales,Sales Executive,1,13225,2,No,3,25,19,17,2,Senior
1864,2,2,2,Sales,Sales Representative,3,3540,1,No,4,9,9,8,5,Entry
1865,4,2,1,Human Resources,Human Resources,2,2804,1,No,3,1,1,0,0,Entry
1866,1,2,5,Research & Development,Manager,3,19392,7,No,3,21,16,12,6,Senior
1867,4,2,5,Research & Development,Research Director,2,19665,4,No,3,29,22,10,12,Senior
1868,4,2,1,Research & Development,Research Scientist,4,2439,1,Yes,4,1,1,0,1,Entry
1869,3,3,3,Sales,Sales Executive,2,7314,5,No,4,14,8,7,0,Intermediate
1870,4,2,1,Research & Development,Research Scientist,1,4774,0,No,3,8,7,6,7,Entry
1871,4,3,2,Research & Development,Research Scientist,4,3902,8,No,3,7,2,2,2,Entry
1873,2,2,1,Research & Development,Research Scientist,4,2662,8,No,4,19,5,2,0,Senior
1875,2,3,1,Sales,Sales Representative,2,2856,1,No,3,1,1,0,0,Entry
1876,2,3,1,Sales,Sales Representative,4,1081,1,No,3,1,1,0,0,Entry
1878,4,3,1,Research & Development,Research Scientist,2,2472,1,Yes,4,1,1,0,0,Entry
1880,2,2,2,Sales,Sales Executive,3,5673,1,Yes,3,10,10,9,1,Intermediate
1881,2,3,2,Research & Development,Laboratory Technician,3,4197,1,No,3,10,10,8,0,Intermediate
1882,3,3,3,Sales,Sales Executive,4,9713,2,Yes,3,9,5,3,1,Entry
1883,4,3,1,Research & Development,Laboratory Technician,1,2062,3,No,3,11,3,2,1,Intermediate
1885,4,3,2,Research & Development,Research Scientist,1,4284,5,Yes,4,16,5,3,0,Senior
1886,4,2,2,Research & Development,Manufacturing Director,2,4788,0,Yes,3,4,3,2,0,Entry
1888,2,2,2,Research & Development,Manufacturing Director,4,5906,0,No,3,10,9,8,3,Intermediate
1890,2,2,2,Human Resources,Human Resources,4,3886,1,No,4,10,10,1,0,Intermediate
1892,1,3,4,Research & Development,Manager,1,16823,2,No,3,22,19,7,11,Senior
1893,2,2,1,Research & Development,Research Scientist,3,2933,1,Yes,3,1,1,0,1,Entry
1898,1,4,2,Sales,Sales Executive,3,6500,0,No,3,9,8,7,0,Entry
1900,4,3,4,Research & Development,Manager,4,17174,3,No,3,24,22,17,4,Senior
1903,2,4,2,Research & Development,Healthcare Representative,1,5033,2,No,3,10,2,0,2,Intermediate
1905,4,1,1,Research & Development,Research Scientist,1,2307,1,Yes,4,5,5,2,3,Entry
1907,1,3,1,Research & Development,Laboratory Technician,4,2587,1,No,3,5,4,2,1,Entry
1908,3,2,2,Sales,Sales Executive,2,5507,2,No,3,12,4,2,1,Intermediate
1909,3,3,2,Sales,Sales Executive,2,4393,5,No,4,14,5,4,1,Intermediate
1911,3,3,3,Research & Development,Research Director,1,13348,9,No,3,18,13,7,5,Senior
1912,3,3,2,Sales,Sales Executive,4,6583,2,Yes,3,8,5,2,1,Entry
1915,4,2,2,Sales,Sales Executive,4,8103,3,Yes,3,9,4,2,0,Entry
1916,1,4,1,Research & Development,Laboratory Technician,3,3978,8,No,3,4,2,2,2,Entry
1918,3,4,1,Research & Development,Laboratory Technician,4,2544,0,No,3,8,7,7,7,Entry
1922,2,3,2,Research & Development,Healthcare Representative,3,5399,4,No,3,12,4,2,0,Intermediate
1924,2,3,2,Sales,Sales Executive,3,5487,1,No,3,10,10,4,0,Intermediate
1927,3,2,2,Sales,Sales Executive,4,6834,1,Yes,3,7,7,7,0,Entry
1928,3,4,1,Sales,Sales Representative,1,1091,1,No,3,1,1,0,0,Entry
1929,1,1,2,Sales,Sales Executive,3,5736,6,No,3,10,3,2,1,Intermediate
1931,2,3,1,Research & Development,Research Scientist,2,2226,1,No,3,6,5,3,1,Entry
1932,3,2,2,Research & Development,Research Scientist,4,5747,1,Yes,3,16,15,10,6,Senior
1933,4,3,2,Sales,Sales Executive,3,9854,3,Yes,3,6,2,0,2,Entry
1934,3,3,2,Research & Development,Research Scientist,2,5467,8,No,3,16,8,7,1,Senior
1935,4,2,2,Sales,Sales Executive,1,5380,4,No,3,6,0,0,0,Entry
1936,1,3,2,Research & Development,Manufacturing Director,1,5151,1,No,4,10,10,0,7,Intermediate
1937,4,2,2,Research & Development,Research Scientist,2,2133,1,Yes,3,20,20,11,0,Senior
1938,4,3,4,Sales,Manager,4,17875,4,Yes,3,29,1,0,0,Senior
1939,1,4,1,Research & Development,Research Scientist,3,2432,3,Yes,3,8,4,1,0,Entry
1940,2,3,1,Research & Development,Research Scientist,4,4771,2,No,3,10,5,2,0,Intermediate
1941,2,3,5,Research & Development,Research Director,4,19161,3,No,3,28,5,4,4,Senior
1943,2,3,2,Sales,Sales Executive,4,5087,3,Yes,3,14,0,0,0,Intermediate
1944,1,2,1,Human Resources,Human Resources,2,2863,1,No,3,1,1,0,0,Entry
1945,2,3,2,Sales,Sales Executive,1,5561,0,No,3,6,5,3,0,Entry
1947,3,3,1,Research & Development,Research Scientist,3,2144,1,No,3,5,5,3,1,Entry
1948,3,3,1,Research & Development,Research Scientist,1,3065,1,Yes,3,4,4,2,2,Entry
1949,1,4,1,Research & Development,Laboratory Technician,2,2810,1,No,4,5,5,4,0,Entry
1950,1,3,3,Sales,Sales Executive,4,9888,1,No,4,14,14,8,2,Intermediate
1951,4,3,3,Sales,Sales Executive,3,8628,1,No,3,9,8,7,1,Entry
1952,3,3,1,Research & Development,Laboratory Technician,1,2867,0,No,3,8,7,7,7,Entry
1954,1,3,2,Research & Development,Healthcare Representative,1,5373,0,No,3,6,5,3,0,Entry
1955,3,3,2,Research & Development,Healthcare Representative,4,6667,5,No,3,9,5,1,1,Entry
1956,4,1,2,Research & Development,Research Scientist,1,5003,1,No,4,10,10,8,8,Intermediate
1960,3,2,1,Research & Development,Laboratory Technician,4,2367,5,No,3,6,4,1,0,Entry
1961,1,2,1,Sales,Sales Representative,1,2858,4,No,3,20,1,0,0,Senior
1962,3,3,2,Sales,Sales Executive,4,5204,1,Yes,3,10,10,8,0,Intermediate
1965,4,3,2,Sales,Sales Executive,4,4105,1,No,3,7,7,7,0,Entry
1966,4,2,2,Research & Development,Manufacturing Director,4,9679,8,No,4,8,1,0,0,Entry
1967,1,3,2,Sales,Sales Executive,4,5617,1,Yes,3,10,10,7,0,Intermediate
1968,1,3,3,Sales,Sales Executive,1,10448,6,Yes,3,15,2,2,2,Entry
1969,1,3,2,Research & Development,Research Scientist,3,2897,3,No,3,9,4,3,2,Entry
1970,4,3,2,Research & Development,Healthcare Representative,3,5968,1,No,4,9,9,7,2,Entry
1971,1,3,3,Research & Development,Healthcare Representative,3,7510,1,No,3,10,10,9,0,Intermediate
1972,4,3,1,Human Resources,Human Resources,2,2991,0,Yes,3,7,6,2,1,Entry
1973,3,4,5,Human Resources,Manager,2,19636,4,Yes,3,35,10,9,1,Senior
1974,4,1,1,Research & Development,Laboratory Technician,4,1129,1,Yes,3,1,1,0,0,Entry
1975,2,3,4,Sales,Sales Executive,1,13341,0,No,3,21,20,8,11,Senior
1976,4,2,2,Research & Development,Research Scientist,3,4332,1,No,3,20,20,9,3,Senior
1979,3,3,3,Research & Development,Research Director,3,11031,4,No,4,13,11,7,4,Intermediate
1980,3,3,2,Research & Development,Manufacturing Director,1,4440,6,Yes,3,9,5,2,1,Entry
1981,2,2,2,Research & Development,Healthcare Representative,3,4617,1,No,3,4,4,3,1,Entry
1982,4,3,1,Research & Development,Laboratory Technician,4,2647,1,No,3,5,5,2,1,Entry
1985,4,3,2,Research & Development,Laboratory Technician,3,6323,1,No,3,10,10,9,9,Intermediate
1986,2,3,2,Sales,Sales Executive,2,5677,3,No,3,15,11,8,5,Entry
1987,3,3,1,Human Resources,Human Resources,2,2187,4,No,3,6,2,0,1,Entry
1989,4,3,1,Research & Development,Laboratory Technician,2,3748,1,No,3,12,12,8,1,Intermediate
1992,4,3,1,Research & Development,Laboratory Technician,3,3977,6,Yes,3,7,2,2,0,Entry
1993,1,3,3,Research & Development,Healthcare Representative,3,8633,2,No,4,25,17,14,12,Senior
1994,2,2,1,Research & Development,Laboratory Technician,3,2008,1,No,3,1,1,1,0,Entry
1995,4,3,2,Sales,Sales Executive,2,4440,0,No,3,16,15,13,5,Senior
1996,1,3,1,Sales,Sales Representative,3,3067,0,No,3,3,2,2,1,Entry
1997,1,2,2,Research & Development,Manufacturing Director,3,5321,2,No,3,10,8,3,7,Intermediate
1998,4,3,2,Research & Development,Research Scientist,1,5410,6,Yes,3,9,4,3,1,Entry
1999,4,3,1,Research & Development,Research Scientist,4,2782,3,No,4,12,5,3,1,Intermediate
2000,3,3,3,Research & Development,Research Director,2,11957,0,No,3,14,13,8,5,Intermediate
2003,4,3,1,Research & Development,Laboratory Technician,3,2660,7,Yes,3,5,2,2,2,Entry
2007,4,3,1,Research & Development,Research Scientist,3,3375,0,No,3,4,3,2,1,Entry
2008,2,3,2,Research & Development,Research Scientist,3,5098,1,No,3,10,10,7,0,Intermediate
2009,2,3,2,Research & Development,Healthcare Representative,4,4878,0,Yes,3,10,9,7,8,Intermediate
2010,3,2,1,Research & Development,Laboratory Technician,2,2837,1,No,3,6,6,2,4,Entry
2012,1,3,1,Research & Development,Laboratory Technician,4,2406,8,No,3,8,1,0,0,Entry
2013,2,2,1,Sales,Sales Representative,2,2269,0,No,3,3,2,2,2,Entry
2014,1,3,2,Research & Development,Research Scientist,4,4108,7,No,3,18,7,7,1,Senior
2015,2,1,3,Research & Development,Research Director,3,13206,3,No,3,20,18,16,1,Senior
2016,3,3,3,Sales,Sales Executive,4,10422,1,No,3,14,14,10,5,Intermediate
2017,3,4,3,Research & Development,Research Director,4,13744,1,Yes,4,16,16,11,6,Senior
2018,1,3,2,Sales,Sales Executive,3,4907,0,Yes,4,6,5,3,0,Entry
2019,1,3,1,Sales,Sales Representative,4,3482,2,No,3,16,9,8,0,Senior
2020,2,3,1,Research & Development,Research Scientist,4,2436,6,Yes,3,6,4,3,1,Entry
2021,3,3,1,Sales,Sales Representative,1,2380,1,Yes,3,2,2,2,1,Entry
2022,4,3,5,Research & Development,Manager,4,19431,2,No,3,21,6,0,1,Senior
2023,4,3,1,Sales,Sales Representative,1,1790,1,No,3,1,1,0,1,Entry
2024,1,2,3,Sales,Sales Executive,4,7644,0,No,3,10,9,7,3,Intermediate
2025,4,3,2,Research & Development,Manufacturing Director,2,5131,7,No,3,18,4,2,0,Senior
2026,3,3,2,Research & Development,Healthcare Representative,3,6306,1,No,4,13,13,12,1,Intermediate
2027,1,3,1,Research & Development,Research Scientist,4,4787,9,Yes,3,4,2,2,2,Entry
2031,1,3,5,Research & Development,Manager,3,18880,5,No,3,24,22,6,4,Senior
2032,4,3,1,Research & Development,Laboratory Technician,3,2339,8,No,3,14,10,9,9,Intermediate
2034,1,2,4,Research & Development,Manufacturing Director,2,13570,0,No,4,21,20,7,0,Senior
2035,4,2,2,Sales,Sales Executive,3,6712,1,No,4,8,8,7,1,Entry
2036,4,1,2,Sales,Sales Executive,4,5406,1,No,4,15,15,12,11,Entry
2037,3,2,2,Sales,Sales Executive,2,8938,2,No,3,14,5,4,0,Intermediate
2038,4,3,1,Research & Development,Research Scientist,1,2439,1,No,3,4,4,2,1,Entry
2040,3,3,3,Human Resources,Human Resources,4,8837,1,Yes,3,9,9,0,1,Entry
2041,1,3,2,Sales,Sales Executive,4,5343,1,No,3,10,10,7,1,Intermediate
2044,2,3,2,Sales,Sales Executive,3,6728,7,No,3,12,6,3,0,Intermediate
2045,2,2,2,Sales,Sales Executive,4,6652,4,No,3,8,6,3,0,Entry
2046,4,3,2,Sales,Sales Executive,3,4850,8,No,3,8,5,3,0,Entry
2048,3,2,1,Research & Development,Research Scientist,3,2809,2,No,3,8,2,2,2,Entry
2049,3,3,2,Research & Development,Healthcare Representative,3,5689,1,Yes,3,10,10,2,0,Intermediate
2051,3,3,1,Research & Development,Research Scientist,3,2001,2,No,3,20,5,3,0,Senior
2052,3,1,1,Research & Development,Research Scientist,4,2977,1,No,3,4,4,3,1,Entry
2053,4,2,2,Research & Development,Laboratory Technician,2,4025,4,Yes,3,10,4,3,0,Intermediate
2054,4,2,1,Research & Development,Research Scientist,1,3785,1,No,3,5,5,4,0,Entry
2055,4,2,3,Sales,Sales Executive,1,10854,4,Yes,3,20,3,2,2,Senior
2056,2,2,4,Sales,Sales Executive,4,12031,0,No,3,21,20,9,9,Senior
2057,2,3,2,Research & Development,Manufacturing Director,1,9936,0,No,3,10,9,4,1,Intermediate
2060,4,2,1,Sales,Sales Representative,3,2966,0,No,3,5,4,2,0,Entry
2061,3,4,2,Research & Development,Laboratory Technician,4,2571,4,No,3,17,5,2,0,Senior
2062,4,2,3,Research & Development,Healthcare Representative,1,9991,4,No,3,9,7,7,1,Entry
2064,2,4,2,Research & Development,Manufacturing Director,2,6142,1,Yes,4,6,6,2,0,Entry
2065,4,2,2,Sales,Sales Executive,2,5390,2,No,3,17,9,6,0,Senior
2068,2,4,2,Research & Development,Laboratory Technician,3,4404,2,No,3,6,4,3,1,Entry
